solid OpenSCAD_Model
  facet normal -0.896876 -0.442282 0
    outer loop
      vertex -3.2909 -1.9 0
      vertex -3.51074 -1.4542 1.2
      vertex -3.51074 -1.4542 0
    endloop
  endfacet
  facet normal -0.896876 -0.442282 0
    outer loop
      vertex -3.51074 -1.4542 1.2
      vertex -3.2909 -1.9 0
      vertex -3.2909 -1.9 1.2
    endloop
  endfacet
  facet normal 0.980786 0.195086 0
    outer loop
      vertex 3.76749 0.495999 1.2
      vertex 3.67052 0.983512 0
      vertex 3.67052 0.983512 1.2
    endloop
  endfacet
  facet normal 0.980786 0.195086 0
    outer loop
      vertex 3.67052 0.983512 0
      vertex 3.76749 0.495999 1.2
      vertex 3.76749 0.495999 0
    endloop
  endfacet
  facet normal 0.997859 0.0654041 0
    outer loop
      vertex 3.8 0 1.2
      vertex 3.76749 0.495999 0
      vertex 3.76749 0.495999 1.2
    endloop
  endfacet
  facet normal 0.997859 0.0654041 0
    outer loop
      vertex 3.76749 0.495999 0
      vertex 3.8 0 1.2
      vertex 3.8 0 0
    endloop
  endfacet
  facet normal 0.946928 0.321445 0
    outer loop
      vertex 3.67052 0.983512 1.2
      vertex 3.51074 1.4542 0
      vertex 3.51074 1.4542 1.2
    endloop
  endfacet
  facet normal 0.946928 0.321445 0
    outer loop
      vertex 3.51074 1.4542 0
      vertex 3.67052 0.983512 1.2
      vertex 3.67052 0.983512 0
    endloop
  endfacet
  facet normal -0.831462 0.555582 0
    outer loop
      vertex -3.2909 1.9 0
      vertex -3.01474 2.31329 1.2
      vertex -3.01474 2.31329 0
    endloop
  endfacet
  facet normal -0.831462 0.555582 0
    outer loop
      vertex -3.01474 2.31329 1.2
      vertex -3.2909 1.9 0
      vertex -3.2909 1.9 1.2
    endloop
  endfacet
  facet normal 0.442282 -0.896876 0
    outer loop
      vertex 1.4542 -3.51074 0
      vertex 1.9 -3.2909 1.2
      vertex 1.4542 -3.51074 1.2
    endloop
  endfacet
  facet normal 0.442282 -0.896876 0
    outer loop
      vertex 1.9 -3.2909 1.2
      vertex 1.4542 -3.51074 0
      vertex 1.9 -3.2909 0
    endloop
  endfacet
  facet normal 0.997859 -0.0654041 0
    outer loop
      vertex 3.76749 -0.495999 1.2
      vertex 3.8 0 0
      vertex 3.8 0 1.2
    endloop
  endfacet
  facet normal 0.997859 -0.0654041 0
    outer loop
      vertex 3.8 0 0
      vertex 3.76749 -0.495999 1.2
      vertex 3.76749 -0.495999 0
    endloop
  endfacet
  facet normal 0.321445 -0.946928 0
    outer loop
      vertex 0.983512 -3.67052 0
      vertex 1.4542 -3.51074 1.2
      vertex 0.983512 -3.67052 1.2
    endloop
  endfacet
  facet normal 0.321445 -0.946928 0
    outer loop
      vertex 1.4542 -3.51074 1.2
      vertex 0.983512 -3.67052 0
      vertex 1.4542 -3.51074 0
    endloop
  endfacet
  facet normal 0.896876 0.442282 0
    outer loop
      vertex 3.51074 1.4542 1.2
      vertex 3.2909 1.9 0
      vertex 3.2909 1.9 1.2
    endloop
  endfacet
  facet normal 0.896876 0.442282 0
    outer loop
      vertex 3.2909 1.9 0
      vertex 3.51074 1.4542 1.2
      vertex 3.51074 1.4542 0
    endloop
  endfacet
  facet normal -0.195086 0.980786 0
    outer loop
      vertex -0.495999 3.76749 0
      vertex -0.983512 3.67052 1.2
      vertex -0.495999 3.76749 1.2
    endloop
  endfacet
  facet normal -0.195086 0.980786 0
    outer loop
      vertex -0.983512 3.67052 1.2
      vertex -0.495999 3.76749 0
      vertex -0.983512 3.67052 0
    endloop
  endfacet
  facet normal -0.980786 0.195086 0
    outer loop
      vertex -3.76749 0.495999 0
      vertex -3.67052 0.983512 1.2
      vertex -3.67052 0.983512 0
    endloop
  endfacet
  facet normal -0.980786 0.195086 0
    outer loop
      vertex -3.67052 0.983512 1.2
      vertex -3.76749 0.495999 0
      vertex -3.76749 0.495999 1.2
    endloop
  endfacet
  facet normal 0.442282 0.896876 -0
    outer loop
      vertex 1.9 3.2909 0
      vertex 1.4542 3.51074 1.2
      vertex 1.9 3.2909 1.2
    endloop
  endfacet
  facet normal 0.442282 0.896876 0
    outer loop
      vertex 1.4542 3.51074 1.2
      vertex 1.9 3.2909 0
      vertex 1.4542 3.51074 0
    endloop
  endfacet
  facet normal 0 0 1
    outer loop
      vertex 3 0 1.2
      vertex 3.8 0 1.2
      vertex 3.76749 0.495999 1.2
    endloop
  endfacet
  facet normal 0 0 1
    outer loop
      vertex 2.97433 0.391578 1.2
      vertex 3.76749 0.495999 1.2
      vertex 3.67052 0.983512 1.2
    endloop
  endfacet
  facet normal 0 0 1
    outer loop
      vertex 3.8 0 1.2
      vertex 3 0 1.2
      vertex 3.76749 -0.495999 1.2
    endloop
  endfacet
  facet normal 0 0 1
    outer loop
      vertex 2.89778 0.776457 1.2
      vertex 3.67052 0.983512 1.2
      vertex 3.51074 1.4542 1.2
    endloop
  endfacet
  facet normal -0 0 1
    outer loop
      vertex 2.97433 -0.391578 1.2
      vertex 3.76749 -0.495999 1.2
      vertex 3 0 1.2
    endloop
  endfacet
  facet normal 0 0 1
    outer loop
      vertex 2.77164 1.14805 1.2
      vertex 3.51074 1.4542 1.2
      vertex 3.2909 1.9 1.2
    endloop
  endfacet
  facet normal 0 0 1
    outer loop
      vertex 3.76749 -0.495999 1.2
      vertex 2.97433 -0.391578 1.2
      vertex 3.67052 -0.983512 1.2
    endloop
  endfacet
  facet normal 0 0 1
    outer loop
      vertex 2.59808 1.5 1.2
      vertex 3.2909 1.9 1.2
      vertex 3.01474 2.31329 1.2
    endloop
  endfacet
  facet normal -0 0 1
    outer loop
      vertex 2.89778 -0.776457 1.2
      vertex 3.67052 -0.983512 1.2
      vertex 2.97433 -0.391578 1.2
    endloop
  endfacet
  facet normal 0 0 1
    outer loop
      vertex 3.67052 -0.983512 1.2
      vertex 2.89778 -0.776457 1.2
      vertex 3.51074 -1.4542 1.2
    endloop
  endfacet
  facet normal 0 0 1
    outer loop
      vertex 3.76749 0.495999 1.2
      vertex 2.97433 0.391578 1.2
      vertex 3 0 1.2
    endloop
  endfacet
  facet normal 0 0 1
    outer loop
      vertex 3.67052 0.983512 1.2
      vertex 2.89778 0.776457 1.2
      vertex 2.97433 0.391578 1.2
    endloop
  endfacet
  facet normal 0 0 1
    outer loop
      vertex 3.51074 1.4542 1.2
      vertex 2.77164 1.14805 1.2
      vertex 2.89778 0.776457 1.2
    endloop
  endfacet
  facet normal 0 0 1
    outer loop
      vertex 2.38006 1.82628 1.2
      vertex 3.01474 2.31329 1.2
      vertex 2.68701 2.68701 1.2
    endloop
  endfacet
  facet normal 0 0 1
    outer loop
      vertex 3.2909 1.9 1.2
      vertex 2.59808 1.5 1.2
      vertex 2.77164 1.14805 1.2
    endloop
  endfacet
  facet normal 0 0 1
    outer loop
      vertex 3.01474 2.31329 1.2
      vertex 2.38006 1.82628 1.2
      vertex 2.59808 1.5 1.2
    endloop
  endfacet
  facet normal 0 0 1
    outer loop
      vertex 2.12132 2.12132 1.2
      vertex 2.68701 2.68701 1.2
      vertex 2.31329 3.01474 1.2
    endloop
  endfacet
  facet normal 0 0 1
    outer loop
      vertex 2.68701 2.68701 1.2
      vertex 2.12132 2.12132 1.2
      vertex 2.38006 1.82628 1.2
    endloop
  endfacet
  facet normal 0 0 1
    outer loop
      vertex 1.82628 2.38006 1.2
      vertex 2.31329 3.01474 1.2
      vertex 1.9 3.2909 1.2
    endloop
  endfacet
  facet normal 0 0 1
    outer loop
      vertex 2.31329 3.01474 1.2
      vertex 1.82628 2.38006 1.2
      vertex 2.12132 2.12132 1.2
    endloop
  endfacet
  facet normal 0 0 1
    outer loop
      vertex 1.9 3.2909 1.2
      vertex 1.5 2.59808 1.2
      vertex 1.82628 2.38006 1.2
    endloop
  endfacet
  facet normal 0 0 1
    outer loop
      vertex 1.4542 3.51074 1.2
      vertex 1.5 2.59808 1.2
      vertex 1.9 3.2909 1.2
    endloop
  endfacet
  facet normal 0 0 1
    outer loop
      vertex 1.4542 3.51074 1.2
      vertex 1.14805 2.77164 1.2
      vertex 1.5 2.59808 1.2
    endloop
  endfacet
  facet normal 0 0 1
    outer loop
      vertex 0.983512 3.67052 1.2
      vertex 1.14805 2.77164 1.2
      vertex 1.4542 3.51074 1.2
    endloop
  endfacet
  facet normal 0 0 1
    outer loop
      vertex 0.983512 3.67052 1.2
      vertex 0.776457 2.89778 1.2
      vertex 1.14805 2.77164 1.2
    endloop
  endfacet
  facet normal 0 0 1
    outer loop
      vertex 0.495999 3.76749 1.2
      vertex 0.776457 2.89778 1.2
      vertex 0.983512 3.67052 1.2
    endloop
  endfacet
  facet normal 0 0 1
    outer loop
      vertex 0.495999 3.76749 1.2
      vertex 0.391578 2.97433 1.2
      vertex 0.776457 2.89778 1.2
    endloop
  endfacet
  facet normal 0 0 1
    outer loop
      vertex 0 3.8 1.2
      vertex 0.391578 2.97433 1.2
      vertex 0.495999 3.76749 1.2
    endloop
  endfacet
  facet normal 0 0 1
    outer loop
      vertex 0 3.8 1.2
      vertex 0 3 1.2
      vertex 0.391578 2.97433 1.2
    endloop
  endfacet
  facet normal 0 0 1
    outer loop
      vertex 0 3.8 1.2
      vertex -0.391578 2.97433 1.2
      vertex 0 3 1.2
    endloop
  endfacet
  facet normal -0 0 1
    outer loop
      vertex -0.495999 3.76749 1.2
      vertex -0.391578 2.97433 1.2
      vertex 0 3.8 1.2
    endloop
  endfacet
  facet normal 0 0 1
    outer loop
      vertex -0.495999 3.76749 1.2
      vertex -0.776457 2.89778 1.2
      vertex -0.391578 2.97433 1.2
    endloop
  endfacet
  facet normal -0 0 1
    outer loop
      vertex -0.983512 3.67052 1.2
      vertex -0.776457 2.89778 1.2
      vertex -0.495999 3.76749 1.2
    endloop
  endfacet
  facet normal 0 0 1
    outer loop
      vertex -0.983512 3.67052 1.2
      vertex -1.14805 2.77164 1.2
      vertex -0.776457 2.89778 1.2
    endloop
  endfacet
  facet normal -0 0 1
    outer loop
      vertex -1.4542 3.51074 1.2
      vertex -1.14805 2.77164 1.2
      vertex -0.983512 3.67052 1.2
    endloop
  endfacet
  facet normal 0 0 1
    outer loop
      vertex -1.4542 3.51074 1.2
      vertex -1.5 2.59808 1.2
      vertex -1.14805 2.77164 1.2
    endloop
  endfacet
  facet normal -0 0 1
    outer loop
      vertex -1.9 3.2909 1.2
      vertex -1.5 2.59808 1.2
      vertex -1.4542 3.51074 1.2
    endloop
  endfacet
  facet normal 0 0 1
    outer loop
      vertex -1.5 2.59808 1.2
      vertex -1.9 3.2909 1.2
      vertex -1.82628 2.38006 1.2
    endloop
  endfacet
  facet normal -0 0 1
    outer loop
      vertex -2.31329 3.01474 1.2
      vertex -1.82628 2.38006 1.2
      vertex -1.9 3.2909 1.2
    endloop
  endfacet
  facet normal 0 0 1
    outer loop
      vertex -1.82628 2.38006 1.2
      vertex -2.31329 3.01474 1.2
      vertex -2.12132 2.12132 1.2
    endloop
  endfacet
  facet normal -0 0 1
    outer loop
      vertex -2.68701 2.68701 1.2
      vertex -2.12132 2.12132 1.2
      vertex -2.31329 3.01474 1.2
    endloop
  endfacet
  facet normal 0 0 1
    outer loop
      vertex -2.12132 2.12132 1.2
      vertex -2.68701 2.68701 1.2
      vertex -2.38006 1.82628 1.2
    endloop
  endfacet
  facet normal -0 0 1
    outer loop
      vertex -3.01474 2.31329 1.2
      vertex -2.38006 1.82628 1.2
      vertex -2.68701 2.68701 1.2
    endloop
  endfacet
  facet normal 0 0 1
    outer loop
      vertex -2.38006 1.82628 1.2
      vertex -3.01474 2.31329 1.2
      vertex -2.59808 1.5 1.2
    endloop
  endfacet
  facet normal -0 0 1
    outer loop
      vertex -3.2909 1.9 1.2
      vertex -2.59808 1.5 1.2
      vertex -3.01474 2.31329 1.2
    endloop
  endfacet
  facet normal 0 0 1
    outer loop
      vertex -2.59808 1.5 1.2
      vertex -3.2909 1.9 1.2
      vertex -2.77164 1.14805 1.2
    endloop
  endfacet
  facet normal 0 0 1
    outer loop
      vertex -2.77164 1.14805 1.2
      vertex -3.51074 1.4542 1.2
      vertex -2.89778 0.776457 1.2
    endloop
  endfacet
  facet normal -0 0 1
    outer loop
      vertex -3.51074 1.4542 1.2
      vertex -2.77164 1.14805 1.2
      vertex -3.2909 1.9 1.2
    endloop
  endfacet
  facet normal -0 0 1
    outer loop
      vertex 2.77164 -1.14805 1.2
      vertex 3.51074 -1.4542 1.2
      vertex 2.89778 -0.776457 1.2
    endloop
  endfacet
  facet normal 0 0 1
    outer loop
      vertex 3.51074 -1.4542 1.2
      vertex 2.77164 -1.14805 1.2
      vertex 3.2909 -1.9 1.2
    endloop
  endfacet
  facet normal -0 0 1
    outer loop
      vertex 2.59808 -1.5 1.2
      vertex 3.2909 -1.9 1.2
      vertex 2.77164 -1.14805 1.2
    endloop
  endfacet
  facet normal 0 0 1
    outer loop
      vertex 3.2909 -1.9 1.2
      vertex 2.59808 -1.5 1.2
      vertex 3.01474 -2.31329 1.2
    endloop
  endfacet
  facet normal -0 0 1
    outer loop
      vertex 2.38006 -1.82628 1.2
      vertex 3.01474 -2.31329 1.2
      vertex 2.59808 -1.5 1.2
    endloop
  endfacet
  facet normal 0 0 1
    outer loop
      vertex 3.01474 -2.31329 1.2
      vertex 2.38006 -1.82628 1.2
      vertex 2.68701 -2.68701 1.2
    endloop
  endfacet
  facet normal -0 0 1
    outer loop
      vertex 2.12132 -2.12132 1.2
      vertex 2.68701 -2.68701 1.2
      vertex 2.38006 -1.82628 1.2
    endloop
  endfacet
  facet normal 0 0 1
    outer loop
      vertex 2.68701 -2.68701 1.2
      vertex 2.12132 -2.12132 1.2
      vertex 2.31329 -3.01474 1.2
    endloop
  endfacet
  facet normal -0 0 1
    outer loop
      vertex 1.82628 -2.38006 1.2
      vertex 2.31329 -3.01474 1.2
      vertex 2.12132 -2.12132 1.2
    endloop
  endfacet
  facet normal 0 0 1
    outer loop
      vertex 2.31329 -3.01474 1.2
      vertex 1.82628 -2.38006 1.2
      vertex 1.9 -3.2909 1.2
    endloop
  endfacet
  facet normal -0 0 1
    outer loop
      vertex 1.5 -2.59808 1.2
      vertex 1.9 -3.2909 1.2
      vertex 1.82628 -2.38006 1.2
    endloop
  endfacet
  facet normal 0 0 1
    outer loop
      vertex 1.5 -2.59808 1.2
      vertex 1.4542 -3.51074 1.2
      vertex 1.9 -3.2909 1.2
    endloop
  endfacet
  facet normal -0 0 1
    outer loop
      vertex 1.14805 -2.77164 1.2
      vertex 1.4542 -3.51074 1.2
      vertex 1.5 -2.59808 1.2
    endloop
  endfacet
  facet normal 0 0 1
    outer loop
      vertex 1.14805 -2.77164 1.2
      vertex 0.983512 -3.67052 1.2
      vertex 1.4542 -3.51074 1.2
    endloop
  endfacet
  facet normal -0 0 1
    outer loop
      vertex 0.776457 -2.89778 1.2
      vertex 0.983512 -3.67052 1.2
      vertex 1.14805 -2.77164 1.2
    endloop
  endfacet
  facet normal 0 0 1
    outer loop
      vertex 0.776457 -2.89778 1.2
      vertex 0.495999 -3.76749 1.2
      vertex 0.983512 -3.67052 1.2
    endloop
  endfacet
  facet normal -0 0 1
    outer loop
      vertex 0.391578 -2.97433 1.2
      vertex 0.495999 -3.76749 1.2
      vertex 0.776457 -2.89778 1.2
    endloop
  endfacet
  facet normal -0 0 1
    outer loop
      vertex 0 -3 1.2
      vertex 0.495999 -3.76749 1.2
      vertex 0.391578 -2.97433 1.2
    endloop
  endfacet
  facet normal 0 0 1
    outer loop
      vertex 0 -3 1.2
      vertex 0 -3.8 1.2
      vertex 0.495999 -3.76749 1.2
    endloop
  endfacet
  facet normal 0 0 1
    outer loop
      vertex -0.391578 -2.97433 1.2
      vertex 0 -3.8 1.2
      vertex 0 -3 1.2
    endloop
  endfacet
  facet normal 0 0 1
    outer loop
      vertex -0.391578 -2.97433 1.2
      vertex -0.495999 -3.76749 1.2
      vertex 0 -3.8 1.2
    endloop
  endfacet
  facet normal 0 0 1
    outer loop
      vertex -0.776457 -2.89778 1.2
      vertex -0.495999 -3.76749 1.2
      vertex -0.391578 -2.97433 1.2
    endloop
  endfacet
  facet normal 0 0 1
    outer loop
      vertex -0.776457 -2.89778 1.2
      vertex -0.983512 -3.67052 1.2
      vertex -0.495999 -3.76749 1.2
    endloop
  endfacet
  facet normal 0 0 1
    outer loop
      vertex -1.14805 -2.77164 1.2
      vertex -0.983512 -3.67052 1.2
      vertex -0.776457 -2.89778 1.2
    endloop
  endfacet
  facet normal 0 0 1
    outer loop
      vertex -1.14805 -2.77164 1.2
      vertex -1.4542 -3.51074 1.2
      vertex -0.983512 -3.67052 1.2
    endloop
  endfacet
  facet normal 0 0 1
    outer loop
      vertex -1.5 -2.59808 1.2
      vertex -1.4542 -3.51074 1.2
      vertex -1.14805 -2.77164 1.2
    endloop
  endfacet
  facet normal 0 0 1
    outer loop
      vertex -1.9 -3.2909 1.2
      vertex -1.5 -2.59808 1.2
      vertex -1.82628 -2.38006 1.2
    endloop
  endfacet
  facet normal 0 0 1
    outer loop
      vertex -1.5 -2.59808 1.2
      vertex -1.9 -3.2909 1.2
      vertex -1.4542 -3.51074 1.2
    endloop
  endfacet
  facet normal 0 0 1
    outer loop
      vertex -2.31329 -3.01474 1.2
      vertex -1.82628 -2.38006 1.2
      vertex -2.12132 -2.12132 1.2
    endloop
  endfacet
  facet normal 0 0 1
    outer loop
      vertex -1.82628 -2.38006 1.2
      vertex -2.31329 -3.01474 1.2
      vertex -1.9 -3.2909 1.2
    endloop
  endfacet
  facet normal 0 0 1
    outer loop
      vertex -2.68701 -2.68701 1.2
      vertex -2.12132 -2.12132 1.2
      vertex -2.38006 -1.82628 1.2
    endloop
  endfacet
  facet normal 0 0 1
    outer loop
      vertex -3.01474 -2.31329 1.2
      vertex -2.38006 -1.82628 1.2
      vertex -2.59808 -1.5 1.2
    endloop
  endfacet
  facet normal 0 0 1
    outer loop
      vertex -2.12132 -2.12132 1.2
      vertex -2.68701 -2.68701 1.2
      vertex -2.31329 -3.01474 1.2
    endloop
  endfacet
  facet normal 0 0 1
    outer loop
      vertex -3.2909 -1.9 1.2
      vertex -2.59808 -1.5 1.2
      vertex -2.77164 -1.14805 1.2
    endloop
  endfacet
  facet normal 0 0 1
    outer loop
      vertex -3.51074 -1.4542 1.2
      vertex -2.77164 -1.14805 1.2
      vertex -2.89778 -0.776457 1.2
    endloop
  endfacet
  facet normal 0 0 1
    outer loop
      vertex -3.67052 -0.983512 1.2
      vertex -2.89778 -0.776457 1.2
      vertex -2.97433 -0.391578 1.2
    endloop
  endfacet
  facet normal 0 0 1
    outer loop
      vertex -2.38006 -1.82628 1.2
      vertex -3.01474 -2.31329 1.2
      vertex -2.68701 -2.68701 1.2
    endloop
  endfacet
  facet normal 0 0 1
    outer loop
      vertex -3.76749 -0.495999 1.2
      vertex -2.97433 -0.391578 1.2
      vertex -3 0 1.2
    endloop
  endfacet
  facet normal -0 0 1
    outer loop
      vertex -3.67052 0.983512 1.2
      vertex -2.89778 0.776457 1.2
      vertex -3.51074 1.4542 1.2
    endloop
  endfacet
  facet normal 0 0 1
    outer loop
      vertex -2.89778 0.776457 1.2
      vertex -3.67052 0.983512 1.2
      vertex -2.97433 0.391578 1.2
    endloop
  endfacet
  facet normal 0 0 1
    outer loop
      vertex -2.59808 -1.5 1.2
      vertex -3.2909 -1.9 1.2
      vertex -3.01474 -2.31329 1.2
    endloop
  endfacet
  facet normal -0 0 1
    outer loop
      vertex -3.76749 0.495999 1.2
      vertex -2.97433 0.391578 1.2
      vertex -3.67052 0.983512 1.2
    endloop
  endfacet
  facet normal 0 0 1
    outer loop
      vertex -2.77164 -1.14805 1.2
      vertex -3.51074 -1.4542 1.2
      vertex -3.2909 -1.9 1.2
    endloop
  endfacet
  facet normal 0 0 1
    outer loop
      vertex -2.97433 0.391578 1.2
      vertex -3.76749 0.495999 1.2
      vertex -3 0 1.2
    endloop
  endfacet
  facet normal 0 0 1
    outer loop
      vertex -2.89778 -0.776457 1.2
      vertex -3.67052 -0.983512 1.2
      vertex -3.51074 -1.4542 1.2
    endloop
  endfacet
  facet normal 0 0 1
    outer loop
      vertex -3.8 0 1.2
      vertex -3 0 1.2
      vertex -3.76749 0.495999 1.2
    endloop
  endfacet
  facet normal 0 0 1
    outer loop
      vertex -2.97433 -0.391578 1.2
      vertex -3.76749 -0.495999 1.2
      vertex -3.67052 -0.983512 1.2
    endloop
  endfacet
  facet normal 0 0 1
    outer loop
      vertex -3 0 1.2
      vertex -3.8 0 1.2
      vertex -3.76749 -0.495999 1.2
    endloop
  endfacet
  facet normal -0.65933 -0.751853 0
    outer loop
      vertex -2.68701 -2.68701 0
      vertex -2.31329 -3.01474 1.2
      vertex -2.68701 -2.68701 1.2
    endloop
  endfacet
  facet normal -0.65933 -0.751853 -0
    outer loop
      vertex -2.31329 -3.01474 1.2
      vertex -2.68701 -2.68701 0
      vertex -2.31329 -3.01474 0
    endloop
  endfacet
  facet normal 0 0 -1
    outer loop
      vertex 3.76749 -0.495999 0
      vertex 3.76749 0.495999 0
      vertex 3.8 0 0
    endloop
  endfacet
  facet normal 0 0 -1
    outer loop
      vertex 3.67052 -0.983512 0
      vertex 3.76749 0.495999 0
      vertex 3.76749 -0.495999 0
    endloop
  endfacet
  facet normal 0 0 -1
    outer loop
      vertex 3.67052 -0.983512 0
      vertex 3.67052 0.983512 0
      vertex 3.76749 0.495999 0
    endloop
  endfacet
  facet normal 0 0 -1
    outer loop
      vertex 3.51074 -1.4542 0
      vertex 3.67052 0.983512 0
      vertex 3.67052 -0.983512 0
    endloop
  endfacet
  facet normal 0 0 -1
    outer loop
      vertex 3.51074 -1.4542 0
      vertex 3.51074 1.4542 0
      vertex 3.67052 0.983512 0
    endloop
  endfacet
  facet normal 0 0 -1
    outer loop
      vertex 3.2909 -1.9 0
      vertex 3.51074 1.4542 0
      vertex 3.51074 -1.4542 0
    endloop
  endfacet
  facet normal 0 0 -1
    outer loop
      vertex 3.2909 -1.9 0
      vertex 3.2909 1.9 0
      vertex 3.51074 1.4542 0
    endloop
  endfacet
  facet normal 0 0 -1
    outer loop
      vertex 3.01474 -2.31329 0
      vertex 3.2909 1.9 0
      vertex 3.2909 -1.9 0
    endloop
  endfacet
  facet normal 0 0 -1
    outer loop
      vertex 3.01474 -2.31329 0
      vertex 3.01474 2.31329 0
      vertex 3.2909 1.9 0
    endloop
  endfacet
  facet normal 0 0 -1
    outer loop
      vertex 2.68701 -2.68701 0
      vertex 3.01474 2.31329 0
      vertex 3.01474 -2.31329 0
    endloop
  endfacet
  facet normal 0 0 -1
    outer loop
      vertex 2.68701 -2.68701 0
      vertex 2.68701 2.68701 0
      vertex 3.01474 2.31329 0
    endloop
  endfacet
  facet normal 0 0 -1
    outer loop
      vertex 2.31329 -3.01474 0
      vertex 2.68701 2.68701 0
      vertex 2.68701 -2.68701 0
    endloop
  endfacet
  facet normal 0 0 -1
    outer loop
      vertex 2.31329 -3.01474 0
      vertex 2.31329 3.01474 0
      vertex 2.68701 2.68701 0
    endloop
  endfacet
  facet normal 0 0 -1
    outer loop
      vertex 1.9 -3.2909 0
      vertex 2.31329 3.01474 0
      vertex 2.31329 -3.01474 0
    endloop
  endfacet
  facet normal 0 0 -1
    outer loop
      vertex 1.9 -3.2909 0
      vertex 1.9 3.2909 0
      vertex 2.31329 3.01474 0
    endloop
  endfacet
  facet normal 0 0 -1
    outer loop
      vertex 1.4542 -3.51074 0
      vertex 1.9 3.2909 0
      vertex 1.9 -3.2909 0
    endloop
  endfacet
  facet normal 0 0 -1
    outer loop
      vertex 1.4542 -3.51074 0
      vertex 1.4542 3.51074 0
      vertex 1.9 3.2909 0
    endloop
  endfacet
  facet normal 0 0 -1
    outer loop
      vertex 0.983512 -3.67052 0
      vertex 1.4542 3.51074 0
      vertex 1.4542 -3.51074 0
    endloop
  endfacet
  facet normal 0 0 -1
    outer loop
      vertex 0.983512 -3.67052 0
      vertex 0.983512 3.67052 0
      vertex 1.4542 3.51074 0
    endloop
  endfacet
  facet normal 0 0 -1
    outer loop
      vertex 0.495999 -3.76749 0
      vertex 0.983512 3.67052 0
      vertex 0.983512 -3.67052 0
    endloop
  endfacet
  facet normal 0 0 -1
    outer loop
      vertex 0.495999 -3.76749 0
      vertex 0.495999 3.76749 0
      vertex 0.983512 3.67052 0
    endloop
  endfacet
  facet normal 0 0 -1
    outer loop
      vertex 0 -3.8 0
      vertex 0.495999 3.76749 0
      vertex 0.495999 -3.76749 0
    endloop
  endfacet
  facet normal 0 0 -1
    outer loop
      vertex 0 -3.8 0
      vertex 0 3.8 0
      vertex 0.495999 3.76749 0
    endloop
  endfacet
  facet normal 0 0 -1
    outer loop
      vertex -0.495999 -3.76749 0
      vertex 0 3.8 0
      vertex 0 -3.8 0
    endloop
  endfacet
  facet normal 0 0 -1
    outer loop
      vertex -0.495999 -3.76749 0
      vertex -0.495999 3.76749 0
      vertex 0 3.8 0
    endloop
  endfacet
  facet normal 0 0 -1
    outer loop
      vertex -0.983512 -3.67052 0
      vertex -0.495999 3.76749 0
      vertex -0.495999 -3.76749 0
    endloop
  endfacet
  facet normal 0 0 -1
    outer loop
      vertex -0.983512 -3.67052 0
      vertex -0.983512 3.67052 0
      vertex -0.495999 3.76749 0
    endloop
  endfacet
  facet normal 0 0 -1
    outer loop
      vertex -1.4542 -3.51074 0
      vertex -0.983512 3.67052 0
      vertex -0.983512 -3.67052 0
    endloop
  endfacet
  facet normal 0 0 -1
    outer loop
      vertex -1.4542 -3.51074 0
      vertex -1.4542 3.51074 0
      vertex -0.983512 3.67052 0
    endloop
  endfacet
  facet normal 0 0 -1
    outer loop
      vertex -1.9 -3.2909 0
      vertex -1.4542 3.51074 0
      vertex -1.4542 -3.51074 0
    endloop
  endfacet
  facet normal 0 0 -1
    outer loop
      vertex -1.9 -3.2909 0
      vertex -1.9 3.2909 0
      vertex -1.4542 3.51074 0
    endloop
  endfacet
  facet normal 0 0 -1
    outer loop
      vertex -2.31329 -3.01474 0
      vertex -1.9 3.2909 0
      vertex -1.9 -3.2909 0
    endloop
  endfacet
  facet normal 0 0 -1
    outer loop
      vertex -2.31329 -3.01474 0
      vertex -2.31329 3.01474 0
      vertex -1.9 3.2909 0
    endloop
  endfacet
  facet normal 0 0 -1
    outer loop
      vertex -2.68701 -2.68701 0
      vertex -2.31329 3.01474 0
      vertex -2.31329 -3.01474 0
    endloop
  endfacet
  facet normal 0 0 -1
    outer loop
      vertex -2.68701 -2.68701 0
      vertex -2.68701 2.68701 0
      vertex -2.31329 3.01474 0
    endloop
  endfacet
  facet normal 0 0 -1
    outer loop
      vertex -3.01474 -2.31329 0
      vertex -2.68701 2.68701 0
      vertex -2.68701 -2.68701 0
    endloop
  endfacet
  facet normal 0 0 -1
    outer loop
      vertex -3.01474 -2.31329 0
      vertex -3.01474 2.31329 0
      vertex -2.68701 2.68701 0
    endloop
  endfacet
  facet normal 0 0 -1
    outer loop
      vertex -3.2909 -1.9 0
      vertex -3.01474 2.31329 0
      vertex -3.01474 -2.31329 0
    endloop
  endfacet
  facet normal 0 0 -1
    outer loop
      vertex -3.2909 -1.9 0
      vertex -3.2909 1.9 0
      vertex -3.01474 2.31329 0
    endloop
  endfacet
  facet normal 0 0 -1
    outer loop
      vertex -3.51074 -1.4542 0
      vertex -3.2909 1.9 0
      vertex -3.2909 -1.9 0
    endloop
  endfacet
  facet normal 0 0 -1
    outer loop
      vertex -3.51074 -1.4542 0
      vertex -3.51074 1.4542 0
      vertex -3.2909 1.9 0
    endloop
  endfacet
  facet normal 0 0 -1
    outer loop
      vertex -3.67052 -0.983512 0
      vertex -3.51074 1.4542 0
      vertex -3.51074 -1.4542 0
    endloop
  endfacet
  facet normal 0 0 -1
    outer loop
      vertex -3.67052 -0.983512 0
      vertex -3.67052 0.983512 0
      vertex -3.51074 1.4542 0
    endloop
  endfacet
  facet normal 0 0 -1
    outer loop
      vertex -3.76749 -0.495999 0
      vertex -3.67052 0.983512 0
      vertex -3.67052 -0.983512 0
    endloop
  endfacet
  facet normal 0 0 -1
    outer loop
      vertex -3.76749 -0.495999 0
      vertex -3.76749 0.495999 0
      vertex -3.67052 0.983512 0
    endloop
  endfacet
  facet normal 0 -0 -1
    outer loop
      vertex -3.76749 0.495999 0
      vertex -3.76749 -0.495999 0
      vertex -3.8 0 0
    endloop
  endfacet
  facet normal 0.555582 -0.831462 0
    outer loop
      vertex 1.9 -3.2909 0
      vertex 2.31329 -3.01474 1.2
      vertex 1.9 -3.2909 1.2
    endloop
  endfacet
  facet normal 0.555582 -0.831462 0
    outer loop
      vertex 2.31329 -3.01474 1.2
      vertex 1.9 -3.2909 0
      vertex 2.31329 -3.01474 0
    endloop
  endfacet
  facet normal 0.321445 0.946928 -0
    outer loop
      vertex 1.4542 3.51074 0
      vertex 0.983512 3.67052 1.2
      vertex 1.4542 3.51074 1.2
    endloop
  endfacet
  facet normal 0.321445 0.946928 0
    outer loop
      vertex 0.983512 3.67052 1.2
      vertex 1.4542 3.51074 0
      vertex 0.983512 3.67052 0
    endloop
  endfacet
  facet normal -0.321445 0.946928 0
    outer loop
      vertex -0.983512 3.67052 0
      vertex -1.4542 3.51074 1.2
      vertex -0.983512 3.67052 1.2
    endloop
  endfacet
  facet normal -0.321445 0.946928 0
    outer loop
      vertex -1.4542 3.51074 1.2
      vertex -0.983512 3.67052 0
      vertex -1.4542 3.51074 0
    endloop
  endfacet
  facet normal 0.831462 0.555582 0
    outer loop
      vertex 3.2909 1.9 1.2
      vertex 3.01474 2.31329 0
      vertex 3.01474 2.31329 1.2
    endloop
  endfacet
  facet normal 0.831462 0.555582 0
    outer loop
      vertex 3.01474 2.31329 0
      vertex 3.2909 1.9 1.2
      vertex 3.2909 1.9 0
    endloop
  endfacet
  facet normal 0.195086 -0.980786 0
    outer loop
      vertex 0.495999 -3.76749 0
      vertex 0.983512 -3.67052 1.2
      vertex 0.495999 -3.76749 1.2
    endloop
  endfacet
  facet normal 0.195086 -0.980786 0
    outer loop
      vertex 0.983512 -3.67052 1.2
      vertex 0.495999 -3.76749 0
      vertex 0.983512 -3.67052 0
    endloop
  endfacet
  facet normal 0.555582 0.831462 -0
    outer loop
      vertex 2.31329 3.01474 0
      vertex 1.9 3.2909 1.2
      vertex 2.31329 3.01474 1.2
    endloop
  endfacet
  facet normal 0.555582 0.831462 0
    outer loop
      vertex 1.9 3.2909 1.2
      vertex 2.31329 3.01474 0
      vertex 1.9 3.2909 0
    endloop
  endfacet
  facet normal -0.0654041 0.997859 0
    outer loop
      vertex 0 3.8 0
      vertex -0.495999 3.76749 1.2
      vertex 0 3.8 1.2
    endloop
  endfacet
  facet normal -0.0654041 0.997859 0
    outer loop
      vertex -0.495999 3.76749 1.2
      vertex 0 3.8 0
      vertex -0.495999 3.76749 0
    endloop
  endfacet
  facet normal -0.555582 -0.831462 0
    outer loop
      vertex -2.31329 -3.01474 0
      vertex -1.9 -3.2909 1.2
      vertex -2.31329 -3.01474 1.2
    endloop
  endfacet
  facet normal -0.555582 -0.831462 -0
    outer loop
      vertex -1.9 -3.2909 1.2
      vertex -2.31329 -3.01474 0
      vertex -1.9 -3.2909 0
    endloop
  endfacet
  facet normal 0.65933 0.751853 -0
    outer loop
      vertex 2.68701 2.68701 0
      vertex 2.31329 3.01474 1.2
      vertex 2.68701 2.68701 1.2
    endloop
  endfacet
  facet normal 0.65933 0.751853 0
    outer loop
      vertex 2.31329 3.01474 1.2
      vertex 2.68701 2.68701 0
      vertex 2.31329 3.01474 0
    endloop
  endfacet
  facet normal -0.555582 0.831462 0
    outer loop
      vertex -1.9 3.2909 0
      vertex -2.31329 3.01474 1.2
      vertex -1.9 3.2909 1.2
    endloop
  endfacet
  facet normal -0.555582 0.831462 0
    outer loop
      vertex -2.31329 3.01474 1.2
      vertex -1.9 3.2909 0
      vertex -2.31329 3.01474 0
    endloop
  endfacet
  facet normal -0.442282 0.896876 0
    outer loop
      vertex -1.4542 3.51074 0
      vertex -1.9 3.2909 1.2
      vertex -1.4542 3.51074 1.2
    endloop
  endfacet
  facet normal -0.442282 0.896876 0
    outer loop
      vertex -1.9 3.2909 1.2
      vertex -1.4542 3.51074 0
      vertex -1.9 3.2909 0
    endloop
  endfacet
  facet normal 0.65933 -0.751853 0
    outer loop
      vertex 2.31329 -3.01474 0
      vertex 2.68701 -2.68701 1.2
      vertex 2.31329 -3.01474 1.2
    endloop
  endfacet
  facet normal 0.65933 -0.751853 0
    outer loop
      vertex 2.68701 -2.68701 1.2
      vertex 2.31329 -3.01474 0
      vertex 2.68701 -2.68701 0
    endloop
  endfacet
  facet normal 0.751853 0.65933 0
    outer loop
      vertex 3.01474 2.31329 1.2
      vertex 2.68701 2.68701 0
      vertex 2.68701 2.68701 1.2
    endloop
  endfacet
  facet normal 0.751853 0.65933 0
    outer loop
      vertex 2.68701 2.68701 0
      vertex 3.01474 2.31329 1.2
      vertex 3.01474 2.31329 0
    endloop
  endfacet
  facet normal -0.946928 0.321445 0
    outer loop
      vertex -3.67052 0.983512 0
      vertex -3.51074 1.4542 1.2
      vertex -3.51074 1.4542 0
    endloop
  endfacet
  facet normal -0.946928 0.321445 0
    outer loop
      vertex -3.51074 1.4542 1.2
      vertex -3.67052 0.983512 0
      vertex -3.67052 0.983512 1.2
    endloop
  endfacet
  facet normal 0.980786 -0.195086 0
    outer loop
      vertex 3.67052 -0.983512 1.2
      vertex 3.76749 -0.495999 0
      vertex 3.76749 -0.495999 1.2
    endloop
  endfacet
  facet normal 0.980786 -0.195086 0
    outer loop
      vertex 3.76749 -0.495999 0
      vertex 3.67052 -0.983512 1.2
      vertex 3.67052 -0.983512 0
    endloop
  endfacet
  facet normal 0.831462 -0.555582 0
    outer loop
      vertex 3.01474 -2.31329 1.2
      vertex 3.2909 -1.9 0
      vertex 3.2909 -1.9 1.2
    endloop
  endfacet
  facet normal 0.831462 -0.555582 0
    outer loop
      vertex 3.2909 -1.9 0
      vertex 3.01474 -2.31329 1.2
      vertex 3.01474 -2.31329 0
    endloop
  endfacet
  facet normal 0.751853 -0.65933 0
    outer loop
      vertex 2.68701 -2.68701 1.2
      vertex 3.01474 -2.31329 0
      vertex 3.01474 -2.31329 1.2
    endloop
  endfacet
  facet normal 0.751853 -0.65933 0
    outer loop
      vertex 3.01474 -2.31329 0
      vertex 2.68701 -2.68701 1.2
      vertex 2.68701 -2.68701 0
    endloop
  endfacet
  facet normal -0.997859 0.0654041 0
    outer loop
      vertex -3.8 0 0
      vertex -3.76749 0.495999 1.2
      vertex -3.76749 0.495999 0
    endloop
  endfacet
  facet normal -0.997859 0.0654041 0
    outer loop
      vertex -3.76749 0.495999 1.2
      vertex -3.8 0 0
      vertex -3.8 0 1.2
    endloop
  endfacet
  facet normal -0.896876 0.442282 0
    outer loop
      vertex -3.51074 1.4542 0
      vertex -3.2909 1.9 1.2
      vertex -3.2909 1.9 0
    endloop
  endfacet
  facet normal -0.896876 0.442282 0
    outer loop
      vertex -3.2909 1.9 1.2
      vertex -3.51074 1.4542 0
      vertex -3.51074 1.4542 1.2
    endloop
  endfacet
  facet normal -0.997859 -0.0654041 0
    outer loop
      vertex -3.76749 -0.495999 0
      vertex -3.8 0 1.2
      vertex -3.8 0 0
    endloop
  endfacet
  facet normal -0.997859 -0.0654041 0
    outer loop
      vertex -3.8 0 1.2
      vertex -3.76749 -0.495999 0
      vertex -3.76749 -0.495999 1.2
    endloop
  endfacet
  facet normal -0.946928 -0.321445 0
    outer loop
      vertex -3.51074 -1.4542 0
      vertex -3.67052 -0.983512 1.2
      vertex -3.67052 -0.983512 0
    endloop
  endfacet
  facet normal -0.946928 -0.321445 0
    outer loop
      vertex -3.67052 -0.983512 1.2
      vertex -3.51074 -1.4542 0
      vertex -3.51074 -1.4542 1.2
    endloop
  endfacet
  facet normal 0.195086 0.980786 -0
    outer loop
      vertex 0.983512 3.67052 0
      vertex 0.495999 3.76749 1.2
      vertex 0.983512 3.67052 1.2
    endloop
  endfacet
  facet normal 0.195086 0.980786 0
    outer loop
      vertex 0.495999 3.76749 1.2
      vertex 0.983512 3.67052 0
      vertex 0.495999 3.76749 0
    endloop
  endfacet
  facet normal -0.65933 0.751853 0
    outer loop
      vertex -2.31329 3.01474 0
      vertex -2.68701 2.68701 1.2
      vertex -2.31329 3.01474 1.2
    endloop
  endfacet
  facet normal -0.65933 0.751853 0
    outer loop
      vertex -2.68701 2.68701 1.2
      vertex -2.31329 3.01474 0
      vertex -2.68701 2.68701 0
    endloop
  endfacet
  facet normal -0.751853 0.65933 0
    outer loop
      vertex -3.01474 2.31329 0
      vertex -2.68701 2.68701 1.2
      vertex -2.68701 2.68701 0
    endloop
  endfacet
  facet normal -0.751853 0.65933 0
    outer loop
      vertex -2.68701 2.68701 1.2
      vertex -3.01474 2.31329 0
      vertex -3.01474 2.31329 1.2
    endloop
  endfacet
  facet normal 0.0654041 -0.997859 0
    outer loop
      vertex 0 -3.8 0
      vertex 0.495999 -3.76749 1.2
      vertex 0 -3.8 1.2
    endloop
  endfacet
  facet normal 0.0654041 -0.997859 0
    outer loop
      vertex 0.495999 -3.76749 1.2
      vertex 0 -3.8 0
      vertex 0.495999 -3.76749 0
    endloop
  endfacet
  facet normal 0.896876 -0.442282 0
    outer loop
      vertex 3.2909 -1.9 1.2
      vertex 3.51074 -1.4542 0
      vertex 3.51074 -1.4542 1.2
    endloop
  endfacet
  facet normal 0.896876 -0.442282 0
    outer loop
      vertex 3.51074 -1.4542 0
      vertex 3.2909 -1.9 1.2
      vertex 3.2909 -1.9 0
    endloop
  endfacet
  facet normal -0.751853 -0.65933 0
    outer loop
      vertex -2.68701 -2.68701 0
      vertex -3.01474 -2.31329 1.2
      vertex -3.01474 -2.31329 0
    endloop
  endfacet
  facet normal -0.751853 -0.65933 0
    outer loop
      vertex -3.01474 -2.31329 1.2
      vertex -2.68701 -2.68701 0
      vertex -2.68701 -2.68701 1.2
    endloop
  endfacet
  facet normal -0.0654041 -0.997859 0
    outer loop
      vertex -0.495999 -3.76749 0
      vertex 0 -3.8 1.2
      vertex -0.495999 -3.76749 1.2
    endloop
  endfacet
  facet normal -0.0654041 -0.997859 -0
    outer loop
      vertex 0 -3.8 1.2
      vertex -0.495999 -3.76749 0
      vertex 0 -3.8 0
    endloop
  endfacet
  facet normal -0.831462 -0.555582 0
    outer loop
      vertex -3.01474 -2.31329 0
      vertex -3.2909 -1.9 1.2
      vertex -3.2909 -1.9 0
    endloop
  endfacet
  facet normal -0.831462 -0.555582 0
    outer loop
      vertex -3.2909 -1.9 1.2
      vertex -3.01474 -2.31329 0
      vertex -3.01474 -2.31329 1.2
    endloop
  endfacet
  facet normal 0.946928 -0.321445 0
    outer loop
      vertex 3.51074 -1.4542 1.2
      vertex 3.67052 -0.983512 0
      vertex 3.67052 -0.983512 1.2
    endloop
  endfacet
  facet normal 0.946928 -0.321445 0
    outer loop
      vertex 3.67052 -0.983512 0
      vertex 3.51074 -1.4542 1.2
      vertex 3.51074 -1.4542 0
    endloop
  endfacet
  facet normal -0.195086 -0.980786 0
    outer loop
      vertex -0.983512 -3.67052 0
      vertex -0.495999 -3.76749 1.2
      vertex -0.983512 -3.67052 1.2
    endloop
  endfacet
  facet normal -0.195086 -0.980786 -0
    outer loop
      vertex -0.495999 -3.76749 1.2
      vertex -0.983512 -3.67052 0
      vertex -0.495999 -3.76749 0
    endloop
  endfacet
  facet normal 0.0654041 0.997859 -0
    outer loop
      vertex 0.495999 3.76749 0
      vertex 0 3.8 1.2
      vertex 0.495999 3.76749 1.2
    endloop
  endfacet
  facet normal 0.0654041 0.997859 0
    outer loop
      vertex 0 3.8 1.2
      vertex 0.495999 3.76749 0
      vertex 0 3.8 0
    endloop
  endfacet
  facet normal -0.980786 -0.195086 0
    outer loop
      vertex -3.67052 -0.983512 0
      vertex -3.76749 -0.495999 1.2
      vertex -3.76749 -0.495999 0
    endloop
  endfacet
  facet normal -0.980786 -0.195086 0
    outer loop
      vertex -3.76749 -0.495999 1.2
      vertex -3.67052 -0.983512 0
      vertex -3.67052 -0.983512 1.2
    endloop
  endfacet
  facet normal -0.321445 -0.946928 0
    outer loop
      vertex -1.4542 -3.51074 0
      vertex -0.983512 -3.67052 1.2
      vertex -1.4542 -3.51074 1.2
    endloop
  endfacet
  facet normal -0.321445 -0.946928 -0
    outer loop
      vertex -0.983512 -3.67052 1.2
      vertex -1.4542 -3.51074 0
      vertex -0.983512 -3.67052 0
    endloop
  endfacet
  facet normal -0.442282 -0.896876 0
    outer loop
      vertex -1.9 -3.2909 0
      vertex -1.4542 -3.51074 1.2
      vertex -1.9 -3.2909 1.2
    endloop
  endfacet
  facet normal -0.442282 -0.896876 -0
    outer loop
      vertex -1.4542 -3.51074 1.2
      vertex -1.9 -3.2909 0
      vertex -1.4542 -3.51074 0
    endloop
  endfacet
  facet normal 0.980789 0.195073 0
    outer loop
      vertex 2.97433 0.391578 9.7
      vertex 2.89778 0.776457 1.2
      vertex 2.89778 0.776457 9.7
    endloop
  endfacet
  facet normal 0.980789 0.195073 0
    outer loop
      vertex 2.89778 0.776457 1.2
      vertex 2.97433 0.391578 9.7
      vertex 2.97433 0.391578 1.2
    endloop
  endfacet
  facet normal 0.997858 0.0654149 0
    outer loop
      vertex 3 0 9.7
      vertex 2.97433 0.391578 1.2
      vertex 2.97433 0.391578 9.7
    endloop
  endfacet
  facet normal 0.997858 0.0654149 0
    outer loop
      vertex 2.97433 0.391578 1.2
      vertex 3 0 9.7
      vertex 3 0 1.2
    endloop
  endfacet
  facet normal 0.980789 -0.195073 0
    outer loop
      vertex 2.89778 -0.776457 9.7
      vertex 2.97433 -0.391578 1.2
      vertex 2.97433 -0.391578 9.7
    endloop
  endfacet
  facet normal 0.980789 -0.195073 0
    outer loop
      vertex 2.97433 -0.391578 1.2
      vertex 2.89778 -0.776457 9.7
      vertex 2.89778 -0.776457 1.2
    endloop
  endfacet
  facet normal -0.751844 -0.659341 0
    outer loop
      vertex -2.12132 -2.12132 1.2
      vertex -2.38006 -1.82628 9.7
      vertex -2.38006 -1.82628 1.2
    endloop
  endfacet
  facet normal -0.751844 -0.659341 0
    outer loop
      vertex -2.38006 -1.82628 9.7
      vertex -2.12132 -2.12132 1.2
      vertex -2.12132 -2.12132 9.7
    endloop
  endfacet
  facet normal 0 0 1
    outer loop
      vertex 2.97433 0.391578 9.7
      vertex 2.97433 -0.391578 9.7
      vertex 3 0 9.7
    endloop
  endfacet
  facet normal 0 0 1
    outer loop
      vertex 2.89778 0.776457 9.7
      vertex 2.97433 -0.391578 9.7
      vertex 2.97433 0.391578 9.7
    endloop
  endfacet
  facet normal 0 0 1
    outer loop
      vertex 2.89778 0.776457 9.7
      vertex 2.89778 -0.776457 9.7
      vertex 2.97433 -0.391578 9.7
    endloop
  endfacet
  facet normal 0 0 1
    outer loop
      vertex 2.77164 1.14805 9.7
      vertex 2.89778 -0.776457 9.7
      vertex 2.89778 0.776457 9.7
    endloop
  endfacet
  facet normal 0 0 1
    outer loop
      vertex 2.77164 1.14805 9.7
      vertex 2.77164 -1.14805 9.7
      vertex 2.89778 -0.776457 9.7
    endloop
  endfacet
  facet normal 0 0 1
    outer loop
      vertex 2.59808 1.5 9.7
      vertex 2.77164 -1.14805 9.7
      vertex 2.77164 1.14805 9.7
    endloop
  endfacet
  facet normal 0 0 1
    outer loop
      vertex 2.59808 1.5 9.7
      vertex 2.59808 -1.5 9.7
      vertex 2.77164 -1.14805 9.7
    endloop
  endfacet
  facet normal 0 0 1
    outer loop
      vertex 2.38006 1.82628 9.7
      vertex 2.59808 -1.5 9.7
      vertex 2.59808 1.5 9.7
    endloop
  endfacet
  facet normal 0 0 1
    outer loop
      vertex 2.38006 1.82628 9.7
      vertex 2.38006 -1.82628 9.7
      vertex 2.59808 -1.5 9.7
    endloop
  endfacet
  facet normal 0 0 1
    outer loop
      vertex 2.12132 2.12132 9.7
      vertex 2.38006 -1.82628 9.7
      vertex 2.38006 1.82628 9.7
    endloop
  endfacet
  facet normal 0 0 1
    outer loop
      vertex 2.12132 2.12132 9.7
      vertex 2.12132 -2.12132 9.7
      vertex 2.38006 -1.82628 9.7
    endloop
  endfacet
  facet normal 0 0 1
    outer loop
      vertex 1.82628 2.38006 9.7
      vertex 2.12132 -2.12132 9.7
      vertex 2.12132 2.12132 9.7
    endloop
  endfacet
  facet normal 0 0 1
    outer loop
      vertex 1.82628 2.38006 9.7
      vertex 1.82628 -2.38006 9.7
      vertex 2.12132 -2.12132 9.7
    endloop
  endfacet
  facet normal 0 0 1
    outer loop
      vertex 1.5 2.59808 9.7
      vertex 1.82628 -2.38006 9.7
      vertex 1.82628 2.38006 9.7
    endloop
  endfacet
  facet normal 0 0 1
    outer loop
      vertex 1.5 2.59808 9.7
      vertex 1.5 -2.59808 9.7
      vertex 1.82628 -2.38006 9.7
    endloop
  endfacet
  facet normal 0 0 1
    outer loop
      vertex 1.14805 2.77164 9.7
      vertex 1.5 -2.59808 9.7
      vertex 1.5 2.59808 9.7
    endloop
  endfacet
  facet normal 0 0 1
    outer loop
      vertex 1.14805 2.77164 9.7
      vertex 1.14805 -2.77164 9.7
      vertex 1.5 -2.59808 9.7
    endloop
  endfacet
  facet normal 0 0 1
    outer loop
      vertex 0.776457 2.89778 9.7
      vertex 1.14805 -2.77164 9.7
      vertex 1.14805 2.77164 9.7
    endloop
  endfacet
  facet normal 0 0 1
    outer loop
      vertex 0.776457 2.89778 9.7
      vertex 0.776457 -2.89778 9.7
      vertex 1.14805 -2.77164 9.7
    endloop
  endfacet
  facet normal 0 0 1
    outer loop
      vertex 0.391578 2.97433 9.7
      vertex 0.776457 -2.89778 9.7
      vertex 0.776457 2.89778 9.7
    endloop
  endfacet
  facet normal 0 0 1
    outer loop
      vertex 0.391578 2.97433 9.7
      vertex 0.391578 -2.97433 9.7
      vertex 0.776457 -2.89778 9.7
    endloop
  endfacet
  facet normal 0 0 1
    outer loop
      vertex 0 3 9.7
      vertex 0.391578 -2.97433 9.7
      vertex 0.391578 2.97433 9.7
    endloop
  endfacet
  facet normal 0 0 1
    outer loop
      vertex 0 3 9.7
      vertex 0 -3 9.7
      vertex 0.391578 -2.97433 9.7
    endloop
  endfacet
  facet normal -0 0 1
    outer loop
      vertex -0.391578 2.97433 9.7
      vertex 0 -3 9.7
      vertex 0 3 9.7
    endloop
  endfacet
  facet normal 0 0 1
    outer loop
      vertex -0.391578 2.97433 9.7
      vertex -0.391578 -2.97433 9.7
      vertex 0 -3 9.7
    endloop
  endfacet
  facet normal -0 0 1
    outer loop
      vertex -0.776457 2.89778 9.7
      vertex -0.391578 -2.97433 9.7
      vertex -0.391578 2.97433 9.7
    endloop
  endfacet
  facet normal 0 0 1
    outer loop
      vertex -0.776457 2.89778 9.7
      vertex -0.776457 -2.89778 9.7
      vertex -0.391578 -2.97433 9.7
    endloop
  endfacet
  facet normal -0 0 1
    outer loop
      vertex -1.14805 2.77164 9.7
      vertex -0.776457 -2.89778 9.7
      vertex -0.776457 2.89778 9.7
    endloop
  endfacet
  facet normal 0 0 1
    outer loop
      vertex -1.14805 2.77164 9.7
      vertex -1.14805 -2.77164 9.7
      vertex -0.776457 -2.89778 9.7
    endloop
  endfacet
  facet normal -0 0 1
    outer loop
      vertex -1.5 2.59808 9.7
      vertex -1.14805 -2.77164 9.7
      vertex -1.14805 2.77164 9.7
    endloop
  endfacet
  facet normal 0 0 1
    outer loop
      vertex -1.5 2.59808 9.7
      vertex -1.5 -2.59808 9.7
      vertex -1.14805 -2.77164 9.7
    endloop
  endfacet
  facet normal -0 0 1
    outer loop
      vertex -1.82628 2.38006 9.7
      vertex -1.5 -2.59808 9.7
      vertex -1.5 2.59808 9.7
    endloop
  endfacet
  facet normal 0 0 1
    outer loop
      vertex -1.82628 2.38006 9.7
      vertex -1.82628 -2.38006 9.7
      vertex -1.5 -2.59808 9.7
    endloop
  endfacet
  facet normal -0 0 1
    outer loop
      vertex -2.12132 2.12132 9.7
      vertex -1.82628 -2.38006 9.7
      vertex -1.82628 2.38006 9.7
    endloop
  endfacet
  facet normal 0 0 1
    outer loop
      vertex -2.12132 2.12132 9.7
      vertex -2.12132 -2.12132 9.7
      vertex -1.82628 -2.38006 9.7
    endloop
  endfacet
  facet normal -0 0 1
    outer loop
      vertex -2.38006 1.82628 9.7
      vertex -2.12132 -2.12132 9.7
      vertex -2.12132 2.12132 9.7
    endloop
  endfacet
  facet normal 0 0 1
    outer loop
      vertex -2.38006 1.82628 9.7
      vertex -2.38006 -1.82628 9.7
      vertex -2.12132 -2.12132 9.7
    endloop
  endfacet
  facet normal -0 0 1
    outer loop
      vertex -2.59808 1.5 9.7
      vertex -2.38006 -1.82628 9.7
      vertex -2.38006 1.82628 9.7
    endloop
  endfacet
  facet normal 0 0 1
    outer loop
      vertex -2.59808 1.5 9.7
      vertex -2.59808 -1.5 9.7
      vertex -2.38006 -1.82628 9.7
    endloop
  endfacet
  facet normal -0 0 1
    outer loop
      vertex -2.77164 1.14805 9.7
      vertex -2.59808 -1.5 9.7
      vertex -2.59808 1.5 9.7
    endloop
  endfacet
  facet normal 0 0 1
    outer loop
      vertex -2.77164 1.14805 9.7
      vertex -2.77164 -1.14805 9.7
      vertex -2.59808 -1.5 9.7
    endloop
  endfacet
  facet normal -0 0 1
    outer loop
      vertex -2.89778 0.776457 9.7
      vertex -2.77164 -1.14805 9.7
      vertex -2.77164 1.14805 9.7
    endloop
  endfacet
  facet normal 0 0 1
    outer loop
      vertex -2.89778 0.776457 9.7
      vertex -2.89778 -0.776457 9.7
      vertex -2.77164 -1.14805 9.7
    endloop
  endfacet
  facet normal -0 0 1
    outer loop
      vertex -2.97433 0.391578 9.7
      vertex -2.89778 -0.776457 9.7
      vertex -2.89778 0.776457 9.7
    endloop
  endfacet
  facet normal 0 0 1
    outer loop
      vertex -2.97433 0.391578 9.7
      vertex -2.97433 -0.391578 9.7
      vertex -2.89778 -0.776457 9.7
    endloop
  endfacet
  facet normal 0 -0 1
    outer loop
      vertex -2.97433 -0.391578 9.7
      vertex -2.97433 0.391578 9.7
      vertex -3 0 9.7
    endloop
  endfacet
  facet normal 0.831462 0.555582 0
    outer loop
      vertex 2.59808 1.5 9.7
      vertex 2.38006 1.82628 1.2
      vertex 2.38006 1.82628 9.7
    endloop
  endfacet
  facet normal 0.831462 0.555582 0
    outer loop
      vertex 2.38006 1.82628 1.2
      vertex 2.59808 1.5 9.7
      vertex 2.59808 1.5 1.2
    endloop
  endfacet
  facet normal 0.555582 0.831462 -0
    outer loop
      vertex 1.82628 2.38006 1.2
      vertex 1.5 2.59808 9.7
      vertex 1.82628 2.38006 9.7
    endloop
  endfacet
  facet normal 0.555582 0.831462 0
    outer loop
      vertex 1.5 2.59808 9.7
      vertex 1.82628 2.38006 1.2
      vertex 1.5 2.59808 1.2
    endloop
  endfacet
  facet normal 0.896875 -0.442283 0
    outer loop
      vertex 2.59808 -1.5 9.7
      vertex 2.77164 -1.14805 1.2
      vertex 2.77164 -1.14805 9.7
    endloop
  endfacet
  facet normal 0.896875 -0.442283 0
    outer loop
      vertex 2.77164 -1.14805 1.2
      vertex 2.59808 -1.5 9.7
      vertex 2.59808 -1.5 1.2
    endloop
  endfacet
  facet normal 0.997858 -0.0654149 0
    outer loop
      vertex 2.97433 -0.391578 9.7
      vertex 3 0 1.2
      vertex 3 0 9.7
    endloop
  endfacet
  facet normal 0.997858 -0.0654149 0
    outer loop
      vertex 3 0 1.2
      vertex 2.97433 -0.391578 9.7
      vertex 2.97433 -0.391578 1.2
    endloop
  endfacet
  facet normal 0.321442 0.946929 -0
    outer loop
      vertex 1.14805 2.77164 1.2
      vertex 0.776457 2.89778 9.7
      vertex 1.14805 2.77164 9.7
    endloop
  endfacet
  facet normal 0.321442 0.946929 0
    outer loop
      vertex 0.776457 2.89778 9.7
      vertex 1.14805 2.77164 1.2
      vertex 0.776457 2.89778 1.2
    endloop
  endfacet
  facet normal -0.896875 0.442283 0
    outer loop
      vertex -2.77164 1.14805 1.2
      vertex -2.59808 1.5 9.7
      vertex -2.59808 1.5 1.2
    endloop
  endfacet
  facet normal -0.896875 0.442283 0
    outer loop
      vertex -2.59808 1.5 9.7
      vertex -2.77164 1.14805 1.2
      vertex -2.77164 1.14805 9.7
    endloop
  endfacet
  facet normal -0.659341 0.751844 0
    outer loop
      vertex -1.82628 2.38006 1.2
      vertex -2.12132 2.12132 9.7
      vertex -1.82628 2.38006 9.7
    endloop
  endfacet
  facet normal -0.659341 0.751844 0
    outer loop
      vertex -2.12132 2.12132 9.7
      vertex -1.82628 2.38006 1.2
      vertex -2.12132 2.12132 1.2
    endloop
  endfacet
  facet normal 0.321442 -0.946929 0
    outer loop
      vertex 0.776457 -2.89778 1.2
      vertex 1.14805 -2.77164 9.7
      vertex 0.776457 -2.89778 9.7
    endloop
  endfacet
  facet normal 0.321442 -0.946929 0
    outer loop
      vertex 1.14805 -2.77164 9.7
      vertex 0.776457 -2.89778 1.2
      vertex 1.14805 -2.77164 1.2
    endloop
  endfacet
  facet normal -0.997858 -0.0654149 0
    outer loop
      vertex -2.97433 -0.391578 1.2
      vertex -3 0 9.7
      vertex -3 0 1.2
    endloop
  endfacet
  facet normal -0.997858 -0.0654149 0
    outer loop
      vertex -3 0 9.7
      vertex -2.97433 -0.391578 1.2
      vertex -2.97433 -0.391578 9.7
    endloop
  endfacet
  facet normal -0.659341 -0.751844 0
    outer loop
      vertex -2.12132 -2.12132 1.2
      vertex -1.82628 -2.38006 9.7
      vertex -2.12132 -2.12132 9.7
    endloop
  endfacet
  facet normal -0.659341 -0.751844 -0
    outer loop
      vertex -1.82628 -2.38006 9.7
      vertex -2.12132 -2.12132 1.2
      vertex -1.82628 -2.38006 1.2
    endloop
  endfacet
  facet normal -0.321442 0.946929 0
    outer loop
      vertex -0.776457 2.89778 1.2
      vertex -1.14805 2.77164 9.7
      vertex -0.776457 2.89778 9.7
    endloop
  endfacet
  facet normal -0.321442 0.946929 0
    outer loop
      vertex -1.14805 2.77164 9.7
      vertex -0.776457 2.89778 1.2
      vertex -1.14805 2.77164 1.2
    endloop
  endfacet
  facet normal -0.831462 -0.555582 0
    outer loop
      vertex -2.38006 -1.82628 1.2
      vertex -2.59808 -1.5 9.7
      vertex -2.59808 -1.5 1.2
    endloop
  endfacet
  facet normal -0.831462 -0.555582 0
    outer loop
      vertex -2.59808 -1.5 9.7
      vertex -2.38006 -1.82628 1.2
      vertex -2.38006 -1.82628 9.7
    endloop
  endfacet
  facet normal -0.555582 0.831462 0
    outer loop
      vertex -1.5 2.59808 1.2
      vertex -1.82628 2.38006 9.7
      vertex -1.5 2.59808 9.7
    endloop
  endfacet
  facet normal -0.555582 0.831462 0
    outer loop
      vertex -1.82628 2.38006 9.7
      vertex -1.5 2.59808 1.2
      vertex -1.82628 2.38006 1.2
    endloop
  endfacet
  facet normal -0.997858 0.0654149 0
    outer loop
      vertex -3 0 1.2
      vertex -2.97433 0.391578 9.7
      vertex -2.97433 0.391578 1.2
    endloop
  endfacet
  facet normal -0.997858 0.0654149 0
    outer loop
      vertex -2.97433 0.391578 9.7
      vertex -3 0 1.2
      vertex -3 0 9.7
    endloop
  endfacet
  facet normal 0.195073 0.980789 -0
    outer loop
      vertex 0.776457 2.89778 1.2
      vertex 0.391578 2.97433 9.7
      vertex 0.776457 2.89778 9.7
    endloop
  endfacet
  facet normal 0.195073 0.980789 0
    outer loop
      vertex 0.391578 2.97433 9.7
      vertex 0.776457 2.89778 1.2
      vertex 0.391578 2.97433 1.2
    endloop
  endfacet
  facet normal -0.442283 0.896875 0
    outer loop
      vertex -1.14805 2.77164 1.2
      vertex -1.5 2.59808 9.7
      vertex -1.14805 2.77164 9.7
    endloop
  endfacet
  facet normal -0.442283 0.896875 0
    outer loop
      vertex -1.5 2.59808 9.7
      vertex -1.14805 2.77164 1.2
      vertex -1.5 2.59808 1.2
    endloop
  endfacet
  facet normal 0.0654149 -0.997858 0
    outer loop
      vertex 0 -3 1.2
      vertex 0.391578 -2.97433 9.7
      vertex 0 -3 9.7
    endloop
  endfacet
  facet normal 0.0654149 -0.997858 0
    outer loop
      vertex 0.391578 -2.97433 9.7
      vertex 0 -3 1.2
      vertex 0.391578 -2.97433 1.2
    endloop
  endfacet
  facet normal 0.659341 -0.751844 0
    outer loop
      vertex 1.82628 -2.38006 1.2
      vertex 2.12132 -2.12132 9.7
      vertex 1.82628 -2.38006 9.7
    endloop
  endfacet
  facet normal 0.659341 -0.751844 0
    outer loop
      vertex 2.12132 -2.12132 9.7
      vertex 1.82628 -2.38006 1.2
      vertex 2.12132 -2.12132 1.2
    endloop
  endfacet
  facet normal -0.946929 -0.321442 0
    outer loop
      vertex -2.77164 -1.14805 1.2
      vertex -2.89778 -0.776457 9.7
      vertex -2.89778 -0.776457 1.2
    endloop
  endfacet
  facet normal -0.946929 -0.321442 0
    outer loop
      vertex -2.89778 -0.776457 9.7
      vertex -2.77164 -1.14805 1.2
      vertex -2.77164 -1.14805 9.7
    endloop
  endfacet
  facet normal 0.946929 -0.321442 0
    outer loop
      vertex 2.77164 -1.14805 9.7
      vertex 2.89778 -0.776457 1.2
      vertex 2.89778 -0.776457 9.7
    endloop
  endfacet
  facet normal 0.946929 -0.321442 0
    outer loop
      vertex 2.89778 -0.776457 1.2
      vertex 2.77164 -1.14805 9.7
      vertex 2.77164 -1.14805 1.2
    endloop
  endfacet
  facet normal 0.442283 0.896875 -0
    outer loop
      vertex 1.5 2.59808 1.2
      vertex 1.14805 2.77164 9.7
      vertex 1.5 2.59808 9.7
    endloop
  endfacet
  facet normal 0.442283 0.896875 0
    outer loop
      vertex 1.14805 2.77164 9.7
      vertex 1.5 2.59808 1.2
      vertex 1.14805 2.77164 1.2
    endloop
  endfacet
  facet normal -0.195073 0.980789 0
    outer loop
      vertex -0.391578 2.97433 1.2
      vertex -0.776457 2.89778 9.7
      vertex -0.391578 2.97433 9.7
    endloop
  endfacet
  facet normal -0.195073 0.980789 0
    outer loop
      vertex -0.776457 2.89778 9.7
      vertex -0.391578 2.97433 1.2
      vertex -0.776457 2.89778 1.2
    endloop
  endfacet
  facet normal 0.751844 0.659341 0
    outer loop
      vertex 2.38006 1.82628 9.7
      vertex 2.12132 2.12132 1.2
      vertex 2.12132 2.12132 9.7
    endloop
  endfacet
  facet normal 0.751844 0.659341 0
    outer loop
      vertex 2.12132 2.12132 1.2
      vertex 2.38006 1.82628 9.7
      vertex 2.38006 1.82628 1.2
    endloop
  endfacet
  facet normal 0.751844 -0.659341 0
    outer loop
      vertex 2.12132 -2.12132 9.7
      vertex 2.38006 -1.82628 1.2
      vertex 2.38006 -1.82628 9.7
    endloop
  endfacet
  facet normal 0.751844 -0.659341 0
    outer loop
      vertex 2.38006 -1.82628 1.2
      vertex 2.12132 -2.12132 9.7
      vertex 2.12132 -2.12132 1.2
    endloop
  endfacet
  facet normal -0.442283 -0.896875 0
    outer loop
      vertex -1.5 -2.59808 1.2
      vertex -1.14805 -2.77164 9.7
      vertex -1.5 -2.59808 9.7
    endloop
  endfacet
  facet normal -0.442283 -0.896875 -0
    outer loop
      vertex -1.14805 -2.77164 9.7
      vertex -1.5 -2.59808 1.2
      vertex -1.14805 -2.77164 1.2
    endloop
  endfacet
  facet normal -0.946929 0.321442 0
    outer loop
      vertex -2.89778 0.776457 1.2
      vertex -2.77164 1.14805 9.7
      vertex -2.77164 1.14805 1.2
    endloop
  endfacet
  facet normal -0.946929 0.321442 0
    outer loop
      vertex -2.77164 1.14805 9.7
      vertex -2.89778 0.776457 1.2
      vertex -2.89778 0.776457 9.7
    endloop
  endfacet
  facet normal 0.195073 -0.980789 0
    outer loop
      vertex 0.391578 -2.97433 1.2
      vertex 0.776457 -2.89778 9.7
      vertex 0.391578 -2.97433 9.7
    endloop
  endfacet
  facet normal 0.195073 -0.980789 0
    outer loop
      vertex 0.776457 -2.89778 9.7
      vertex 0.391578 -2.97433 1.2
      vertex 0.776457 -2.89778 1.2
    endloop
  endfacet
  facet normal 0.442283 -0.896875 0
    outer loop
      vertex 1.14805 -2.77164 1.2
      vertex 1.5 -2.59808 9.7
      vertex 1.14805 -2.77164 9.7
    endloop
  endfacet
  facet normal 0.442283 -0.896875 0
    outer loop
      vertex 1.5 -2.59808 9.7
      vertex 1.14805 -2.77164 1.2
      vertex 1.5 -2.59808 1.2
    endloop
  endfacet
  facet normal -0.751844 0.659341 0
    outer loop
      vertex -2.38006 1.82628 1.2
      vertex -2.12132 2.12132 9.7
      vertex -2.12132 2.12132 1.2
    endloop
  endfacet
  facet normal -0.751844 0.659341 0
    outer loop
      vertex -2.12132 2.12132 9.7
      vertex -2.38006 1.82628 1.2
      vertex -2.38006 1.82628 9.7
    endloop
  endfacet
  facet normal 0.659341 0.751844 -0
    outer loop
      vertex 2.12132 2.12132 1.2
      vertex 1.82628 2.38006 9.7
      vertex 2.12132 2.12132 9.7
    endloop
  endfacet
  facet normal 0.659341 0.751844 0
    outer loop
      vertex 1.82628 2.38006 9.7
      vertex 2.12132 2.12132 1.2
      vertex 1.82628 2.38006 1.2
    endloop
  endfacet
  facet normal -0.896875 -0.442283 0
    outer loop
      vertex -2.59808 -1.5 1.2
      vertex -2.77164 -1.14805 9.7
      vertex -2.77164 -1.14805 1.2
    endloop
  endfacet
  facet normal -0.896875 -0.442283 0
    outer loop
      vertex -2.77164 -1.14805 9.7
      vertex -2.59808 -1.5 1.2
      vertex -2.59808 -1.5 9.7
    endloop
  endfacet
  facet normal 0.831462 -0.555582 0
    outer loop
      vertex 2.38006 -1.82628 9.7
      vertex 2.59808 -1.5 1.2
      vertex 2.59808 -1.5 9.7
    endloop
  endfacet
  facet normal 0.831462 -0.555582 0
    outer loop
      vertex 2.59808 -1.5 1.2
      vertex 2.38006 -1.82628 9.7
      vertex 2.38006 -1.82628 1.2
    endloop
  endfacet
  facet normal 0.896875 0.442283 0
    outer loop
      vertex 2.77164 1.14805 9.7
      vertex 2.59808 1.5 1.2
      vertex 2.59808 1.5 9.7
    endloop
  endfacet
  facet normal 0.896875 0.442283 0
    outer loop
      vertex 2.59808 1.5 1.2
      vertex 2.77164 1.14805 9.7
      vertex 2.77164 1.14805 1.2
    endloop
  endfacet
  facet normal -0.0654149 -0.997858 0
    outer loop
      vertex -0.391578 -2.97433 1.2
      vertex 0 -3 9.7
      vertex -0.391578 -2.97433 9.7
    endloop
  endfacet
  facet normal -0.0654149 -0.997858 -0
    outer loop
      vertex 0 -3 9.7
      vertex -0.391578 -2.97433 1.2
      vertex 0 -3 1.2
    endloop
  endfacet
  facet normal -0.555582 -0.831462 0
    outer loop
      vertex -1.82628 -2.38006 1.2
      vertex -1.5 -2.59808 9.7
      vertex -1.82628 -2.38006 9.7
    endloop
  endfacet
  facet normal -0.555582 -0.831462 -0
    outer loop
      vertex -1.5 -2.59808 9.7
      vertex -1.82628 -2.38006 1.2
      vertex -1.5 -2.59808 1.2
    endloop
  endfacet
  facet normal 0.555582 -0.831462 0
    outer loop
      vertex 1.5 -2.59808 1.2
      vertex 1.82628 -2.38006 9.7
      vertex 1.5 -2.59808 9.7
    endloop
  endfacet
  facet normal 0.555582 -0.831462 0
    outer loop
      vertex 1.82628 -2.38006 9.7
      vertex 1.5 -2.59808 1.2
      vertex 1.82628 -2.38006 1.2
    endloop
  endfacet
  facet normal 0.946929 0.321442 0
    outer loop
      vertex 2.89778 0.776457 9.7
      vertex 2.77164 1.14805 1.2
      vertex 2.77164 1.14805 9.7
    endloop
  endfacet
  facet normal 0.946929 0.321442 0
    outer loop
      vertex 2.77164 1.14805 1.2
      vertex 2.89778 0.776457 9.7
      vertex 2.89778 0.776457 1.2
    endloop
  endfacet
  facet normal -0.980789 0.195073 0
    outer loop
      vertex -2.97433 0.391578 1.2
      vertex -2.89778 0.776457 9.7
      vertex -2.89778 0.776457 1.2
    endloop
  endfacet
  facet normal -0.980789 0.195073 0
    outer loop
      vertex -2.89778 0.776457 9.7
      vertex -2.97433 0.391578 1.2
      vertex -2.97433 0.391578 9.7
    endloop
  endfacet
  facet normal -0.0654149 0.997858 0
    outer loop
      vertex 0 3 1.2
      vertex -0.391578 2.97433 9.7
      vertex 0 3 9.7
    endloop
  endfacet
  facet normal -0.0654149 0.997858 0
    outer loop
      vertex -0.391578 2.97433 9.7
      vertex 0 3 1.2
      vertex -0.391578 2.97433 1.2
    endloop
  endfacet
  facet normal -0.321442 -0.946929 0
    outer loop
      vertex -1.14805 -2.77164 1.2
      vertex -0.776457 -2.89778 9.7
      vertex -1.14805 -2.77164 9.7
    endloop
  endfacet
  facet normal -0.321442 -0.946929 -0
    outer loop
      vertex -0.776457 -2.89778 9.7
      vertex -1.14805 -2.77164 1.2
      vertex -0.776457 -2.89778 1.2
    endloop
  endfacet
  facet normal -0.980789 -0.195073 0
    outer loop
      vertex -2.89778 -0.776457 1.2
      vertex -2.97433 -0.391578 9.7
      vertex -2.97433 -0.391578 1.2
    endloop
  endfacet
  facet normal -0.980789 -0.195073 0
    outer loop
      vertex -2.97433 -0.391578 9.7
      vertex -2.89778 -0.776457 1.2
      vertex -2.89778 -0.776457 9.7
    endloop
  endfacet
  facet normal 0.0654149 0.997858 -0
    outer loop
      vertex 0.391578 2.97433 1.2
      vertex 0 3 9.7
      vertex 0.391578 2.97433 9.7
    endloop
  endfacet
  facet normal 0.0654149 0.997858 0
    outer loop
      vertex 0 3 9.7
      vertex 0.391578 2.97433 1.2
      vertex 0 3 1.2
    endloop
  endfacet
  facet normal -0.195073 -0.980789 0
    outer loop
      vertex -0.776457 -2.89778 1.2
      vertex -0.391578 -2.97433 9.7
      vertex -0.776457 -2.89778 9.7
    endloop
  endfacet
  facet normal -0.195073 -0.980789 -0
    outer loop
      vertex -0.391578 -2.97433 9.7
      vertex -0.776457 -2.89778 1.2
      vertex -0.391578 -2.97433 1.2
    endloop
  endfacet
  facet normal -0.831462 0.555582 0
    outer loop
      vertex -2.59808 1.5 1.2
      vertex -2.38006 1.82628 9.7
      vertex -2.38006 1.82628 1.2
    endloop
  endfacet
  facet normal -0.831462 0.555582 0
    outer loop
      vertex -2.38006 1.82628 9.7
      vertex -2.59808 1.5 1.2
      vertex -2.59808 1.5 9.7
    endloop
  endfacet
  facet normal -0.896876 -0.442282 0
    outer loop
      vertex 9.7091 -1.9 0
      vertex 9.48926 -1.4542 1.2
      vertex 9.48926 -1.4542 0
    endloop
  endfacet
  facet normal -0.896876 -0.442282 0
    outer loop
      vertex 9.48926 -1.4542 1.2
      vertex 9.7091 -1.9 0
      vertex 9.7091 -1.9 1.2
    endloop
  endfacet
  facet normal 0.980775 0.195144 0
    outer loop
      vertex 16.7675 0.495999 1.2
      vertex 16.6705 0.983512 0
      vertex 16.6705 0.983512 1.2
    endloop
  endfacet
  facet normal 0.980775 0.195144 0
    outer loop
      vertex 16.6705 0.983512 0
      vertex 16.7675 0.495999 1.2
      vertex 16.7675 0.495999 0
    endloop
  endfacet
  facet normal 0.99786 0.0653841 0
    outer loop
      vertex 16.8 0 1.2
      vertex 16.7675 0.495999 0
      vertex 16.7675 0.495999 1.2
    endloop
  endfacet
  facet normal 0.99786 0.0653841 0
    outer loop
      vertex 16.7675 0.495999 0
      vertex 16.8 0 1.2
      vertex 16.8 0 0
    endloop
  endfacet
  facet normal 0.946916 0.321481 0
    outer loop
      vertex 16.6705 0.983512 1.2
      vertex 16.5107 1.4542 0
      vertex 16.5107 1.4542 1.2
    endloop
  endfacet
  facet normal 0.946916 0.321481 0
    outer loop
      vertex 16.5107 1.4542 0
      vertex 16.6705 0.983512 1.2
      vertex 16.6705 0.983512 0
    endloop
  endfacet
  facet normal -0.831462 0.555582 0
    outer loop
      vertex 9.7091 1.9 0
      vertex 9.98526 2.31329 1.2
      vertex 9.98526 2.31329 0
    endloop
  endfacet
  facet normal -0.831462 0.555582 0
    outer loop
      vertex 9.98526 2.31329 1.2
      vertex 9.7091 1.9 0
      vertex 9.7091 1.9 1.2
    endloop
  endfacet
  facet normal 0.442282 -0.896876 0
    outer loop
      vertex 14.4542 -3.51074 0
      vertex 14.9 -3.2909 1.2
      vertex 14.4542 -3.51074 1.2
    endloop
  endfacet
  facet normal 0.442282 -0.896876 0
    outer loop
      vertex 14.9 -3.2909 1.2
      vertex 14.4542 -3.51074 0
      vertex 14.9 -3.2909 0
    endloop
  endfacet
  facet normal 0.99786 -0.0653841 0
    outer loop
      vertex 16.7675 -0.495999 1.2
      vertex 16.8 0 0
      vertex 16.8 0 1.2
    endloop
  endfacet
  facet normal 0.99786 -0.0653841 0
    outer loop
      vertex 16.8 0 0
      vertex 16.7675 -0.495999 1.2
      vertex 16.7675 -0.495999 0
    endloop
  endfacet
  facet normal 0.321437 -0.946931 0
    outer loop
      vertex 13.9835 -3.67052 0
      vertex 14.4542 -3.51074 1.2
      vertex 13.9835 -3.67052 1.2
    endloop
  endfacet
  facet normal 0.321437 -0.946931 0
    outer loop
      vertex 14.4542 -3.51074 1.2
      vertex 13.9835 -3.67052 0
      vertex 14.4542 -3.51074 0
    endloop
  endfacet
  facet normal 0.896908 0.442217 0
    outer loop
      vertex 16.5107 1.4542 1.2
      vertex 16.2909 1.9 0
      vertex 16.2909 1.9 1.2
    endloop
  endfacet
  facet normal 0.896908 0.442217 0
    outer loop
      vertex 16.2909 1.9 0
      vertex 16.5107 1.4542 1.2
      vertex 16.5107 1.4542 0
    endloop
  endfacet
  facet normal -0.195091 0.980785 0
    outer loop
      vertex 12.504 3.76749 0
      vertex 12.0165 3.67052 1.2
      vertex 12.504 3.76749 1.2
    endloop
  endfacet
  facet normal -0.195091 0.980785 0
    outer loop
      vertex 12.0165 3.67052 1.2
      vertex 12.504 3.76749 0
      vertex 12.0165 3.67052 0
    endloop
  endfacet
  facet normal -0.980786 0.195086 0
    outer loop
      vertex 9.23251 0.495999 0
      vertex 9.32948 0.983512 1.2
      vertex 9.32948 0.983512 0
    endloop
  endfacet
  facet normal -0.980786 0.195086 0
    outer loop
      vertex 9.32948 0.983512 1.2
      vertex 9.23251 0.495999 0
      vertex 9.23251 0.495999 1.2
    endloop
  endfacet
  facet normal 0.442282 0.896876 -0
    outer loop
      vertex 14.9 3.2909 0
      vertex 14.4542 3.51074 1.2
      vertex 14.9 3.2909 1.2
    endloop
  endfacet
  facet normal 0.442282 0.896876 0
    outer loop
      vertex 14.4542 3.51074 1.2
      vertex 14.9 3.2909 0
      vertex 14.4542 3.51074 0
    endloop
  endfacet
  facet normal 0 0 1
    outer loop
      vertex 16 0 1.2
      vertex 16.8 0 1.2
      vertex 16.7675 0.495999 1.2
    endloop
  endfacet
  facet normal 0 0 1
    outer loop
      vertex 15.9743 0.391578 1.2
      vertex 16.7675 0.495999 1.2
      vertex 16.6705 0.983512 1.2
    endloop
  endfacet
  facet normal 0 0 1
    outer loop
      vertex 16.8 0 1.2
      vertex 16 0 1.2
      vertex 16.7675 -0.495999 1.2
    endloop
  endfacet
  facet normal 0 0 1
    outer loop
      vertex 15.8978 0.776457 1.2
      vertex 16.6705 0.983512 1.2
      vertex 16.5107 1.4542 1.2
    endloop
  endfacet
  facet normal -0 0 1
    outer loop
      vertex 15.9743 -0.391578 1.2
      vertex 16.7675 -0.495999 1.2
      vertex 16 0 1.2
    endloop
  endfacet
  facet normal 0 0 1
    outer loop
      vertex 15.7716 1.14805 1.2
      vertex 16.5107 1.4542 1.2
      vertex 16.2909 1.9 1.2
    endloop
  endfacet
  facet normal 0 0 1
    outer loop
      vertex 16.7675 -0.495999 1.2
      vertex 15.9743 -0.391578 1.2
      vertex 16.6705 -0.983512 1.2
    endloop
  endfacet
  facet normal 0 0 1
    outer loop
      vertex 15.5981 1.5 1.2
      vertex 16.2909 1.9 1.2
      vertex 16.0147 2.31329 1.2
    endloop
  endfacet
  facet normal -0 0 1
    outer loop
      vertex 15.8978 -0.776457 1.2
      vertex 16.6705 -0.983512 1.2
      vertex 15.9743 -0.391578 1.2
    endloop
  endfacet
  facet normal 0 0 1
    outer loop
      vertex 16.6705 -0.983512 1.2
      vertex 15.8978 -0.776457 1.2
      vertex 16.5107 -1.4542 1.2
    endloop
  endfacet
  facet normal 0 0 1
    outer loop
      vertex 16.7675 0.495999 1.2
      vertex 15.9743 0.391578 1.2
      vertex 16 0 1.2
    endloop
  endfacet
  facet normal 0 0 1
    outer loop
      vertex 16.6705 0.983512 1.2
      vertex 15.8978 0.776457 1.2
      vertex 15.9743 0.391578 1.2
    endloop
  endfacet
  facet normal 0 0 1
    outer loop
      vertex 16.5107 1.4542 1.2
      vertex 15.7716 1.14805 1.2
      vertex 15.8978 0.776457 1.2
    endloop
  endfacet
  facet normal 0 0 1
    outer loop
      vertex 15.3801 1.82628 1.2
      vertex 16.0147 2.31329 1.2
      vertex 15.687 2.68701 1.2
    endloop
  endfacet
  facet normal 0 0 1
    outer loop
      vertex 16.2909 1.9 1.2
      vertex 15.5981 1.5 1.2
      vertex 15.7716 1.14805 1.2
    endloop
  endfacet
  facet normal 0 0 1
    outer loop
      vertex 16.0147 2.31329 1.2
      vertex 15.3801 1.82628 1.2
      vertex 15.5981 1.5 1.2
    endloop
  endfacet
  facet normal 0 0 1
    outer loop
      vertex 15.1213 2.12132 1.2
      vertex 15.687 2.68701 1.2
      vertex 15.3133 3.01474 1.2
    endloop
  endfacet
  facet normal 0 0 1
    outer loop
      vertex 15.687 2.68701 1.2
      vertex 15.1213 2.12132 1.2
      vertex 15.3801 1.82628 1.2
    endloop
  endfacet
  facet normal 0 0 1
    outer loop
      vertex 14.8263 2.38006 1.2
      vertex 15.3133 3.01474 1.2
      vertex 14.9 3.2909 1.2
    endloop
  endfacet
  facet normal 0 0 1
    outer loop
      vertex 15.3133 3.01474 1.2
      vertex 14.8263 2.38006 1.2
      vertex 15.1213 2.12132 1.2
    endloop
  endfacet
  facet normal 0 0 1
    outer loop
      vertex 14.9 3.2909 1.2
      vertex 14.5 2.59808 1.2
      vertex 14.8263 2.38006 1.2
    endloop
  endfacet
  facet normal 0 0 1
    outer loop
      vertex 14.4542 3.51074 1.2
      vertex 14.5 2.59808 1.2
      vertex 14.9 3.2909 1.2
    endloop
  endfacet
  facet normal 0 0 1
    outer loop
      vertex 14.4542 3.51074 1.2
      vertex 14.148 2.77164 1.2
      vertex 14.5 2.59808 1.2
    endloop
  endfacet
  facet normal 0 0 1
    outer loop
      vertex 13.9835 3.67052 1.2
      vertex 14.148 2.77164 1.2
      vertex 14.4542 3.51074 1.2
    endloop
  endfacet
  facet normal 0 0 1
    outer loop
      vertex 13.9835 3.67052 1.2
      vertex 13.7765 2.89778 1.2
      vertex 14.148 2.77164 1.2
    endloop
  endfacet
  facet normal 0 0 1
    outer loop
      vertex 13.496 3.76749 1.2
      vertex 13.7765 2.89778 1.2
      vertex 13.9835 3.67052 1.2
    endloop
  endfacet
  facet normal 0 0 1
    outer loop
      vertex 13.496 3.76749 1.2
      vertex 13.3916 2.97433 1.2
      vertex 13.7765 2.89778 1.2
    endloop
  endfacet
  facet normal 0 0 1
    outer loop
      vertex 13 3.8 1.2
      vertex 13.3916 2.97433 1.2
      vertex 13.496 3.76749 1.2
    endloop
  endfacet
  facet normal 0 0 1
    outer loop
      vertex 13 3.8 1.2
      vertex 13 3 1.2
      vertex 13.3916 2.97433 1.2
    endloop
  endfacet
  facet normal 0 0 1
    outer loop
      vertex 13 3.8 1.2
      vertex 12.6084 2.97433 1.2
      vertex 13 3 1.2
    endloop
  endfacet
  facet normal -0 0 1
    outer loop
      vertex 12.504 3.76749 1.2
      vertex 12.6084 2.97433 1.2
      vertex 13 3.8 1.2
    endloop
  endfacet
  facet normal 0 0 1
    outer loop
      vertex 12.504 3.76749 1.2
      vertex 12.2235 2.89778 1.2
      vertex 12.6084 2.97433 1.2
    endloop
  endfacet
  facet normal -0 0 1
    outer loop
      vertex 12.0165 3.67052 1.2
      vertex 12.2235 2.89778 1.2
      vertex 12.504 3.76749 1.2
    endloop
  endfacet
  facet normal 0 0 1
    outer loop
      vertex 12.0165 3.67052 1.2
      vertex 11.852 2.77164 1.2
      vertex 12.2235 2.89778 1.2
    endloop
  endfacet
  facet normal -0 0 1
    outer loop
      vertex 11.5458 3.51074 1.2
      vertex 11.852 2.77164 1.2
      vertex 12.0165 3.67052 1.2
    endloop
  endfacet
  facet normal 0 0 1
    outer loop
      vertex 11.5458 3.51074 1.2
      vertex 11.5 2.59808 1.2
      vertex 11.852 2.77164 1.2
    endloop
  endfacet
  facet normal -0 0 1
    outer loop
      vertex 11.1 3.2909 1.2
      vertex 11.5 2.59808 1.2
      vertex 11.5458 3.51074 1.2
    endloop
  endfacet
  facet normal 0 0 1
    outer loop
      vertex 11.5 2.59808 1.2
      vertex 11.1 3.2909 1.2
      vertex 11.1737 2.38006 1.2
    endloop
  endfacet
  facet normal -0 0 1
    outer loop
      vertex 10.6867 3.01474 1.2
      vertex 11.1737 2.38006 1.2
      vertex 11.1 3.2909 1.2
    endloop
  endfacet
  facet normal 0 0 1
    outer loop
      vertex 11.1737 2.38006 1.2
      vertex 10.6867 3.01474 1.2
      vertex 10.8787 2.12132 1.2
    endloop
  endfacet
  facet normal -0 0 1
    outer loop
      vertex 10.313 2.68701 1.2
      vertex 10.8787 2.12132 1.2
      vertex 10.6867 3.01474 1.2
    endloop
  endfacet
  facet normal 0 0 1
    outer loop
      vertex 10.8787 2.12132 1.2
      vertex 10.313 2.68701 1.2
      vertex 10.6199 1.82628 1.2
    endloop
  endfacet
  facet normal -0 0 1
    outer loop
      vertex 9.98526 2.31329 1.2
      vertex 10.6199 1.82628 1.2
      vertex 10.313 2.68701 1.2
    endloop
  endfacet
  facet normal 0 0 1
    outer loop
      vertex 10.6199 1.82628 1.2
      vertex 9.98526 2.31329 1.2
      vertex 10.4019 1.5 1.2
    endloop
  endfacet
  facet normal -0 0 1
    outer loop
      vertex 9.7091 1.9 1.2
      vertex 10.4019 1.5 1.2
      vertex 9.98526 2.31329 1.2
    endloop
  endfacet
  facet normal 0 0 1
    outer loop
      vertex 10.4019 1.5 1.2
      vertex 9.7091 1.9 1.2
      vertex 10.2284 1.14805 1.2
    endloop
  endfacet
  facet normal 0 0 1
    outer loop
      vertex 10.2284 1.14805 1.2
      vertex 9.48926 1.4542 1.2
      vertex 10.1022 0.776457 1.2
    endloop
  endfacet
  facet normal -0 0 1
    outer loop
      vertex 9.48926 1.4542 1.2
      vertex 10.2284 1.14805 1.2
      vertex 9.7091 1.9 1.2
    endloop
  endfacet
  facet normal -0 0 1
    outer loop
      vertex 15.7716 -1.14805 1.2
      vertex 16.5107 -1.4542 1.2
      vertex 15.8978 -0.776457 1.2
    endloop
  endfacet
  facet normal 0 0 1
    outer loop
      vertex 16.5107 -1.4542 1.2
      vertex 15.7716 -1.14805 1.2
      vertex 16.2909 -1.9 1.2
    endloop
  endfacet
  facet normal -0 0 1
    outer loop
      vertex 15.5981 -1.5 1.2
      vertex 16.2909 -1.9 1.2
      vertex 15.7716 -1.14805 1.2
    endloop
  endfacet
  facet normal 0 0 1
    outer loop
      vertex 16.2909 -1.9 1.2
      vertex 15.5981 -1.5 1.2
      vertex 16.0147 -2.31329 1.2
    endloop
  endfacet
  facet normal -0 0 1
    outer loop
      vertex 15.3801 -1.82628 1.2
      vertex 16.0147 -2.31329 1.2
      vertex 15.5981 -1.5 1.2
    endloop
  endfacet
  facet normal 0 0 1
    outer loop
      vertex 16.0147 -2.31329 1.2
      vertex 15.3801 -1.82628 1.2
      vertex 15.687 -2.68701 1.2
    endloop
  endfacet
  facet normal -0 0 1
    outer loop
      vertex 15.1213 -2.12132 1.2
      vertex 15.687 -2.68701 1.2
      vertex 15.3801 -1.82628 1.2
    endloop
  endfacet
  facet normal 0 0 1
    outer loop
      vertex 15.687 -2.68701 1.2
      vertex 15.1213 -2.12132 1.2
      vertex 15.3133 -3.01474 1.2
    endloop
  endfacet
  facet normal -0 0 1
    outer loop
      vertex 14.8263 -2.38006 1.2
      vertex 15.3133 -3.01474 1.2
      vertex 15.1213 -2.12132 1.2
    endloop
  endfacet
  facet normal 0 0 1
    outer loop
      vertex 15.3133 -3.01474 1.2
      vertex 14.8263 -2.38006 1.2
      vertex 14.9 -3.2909 1.2
    endloop
  endfacet
  facet normal -0 0 1
    outer loop
      vertex 14.5 -2.59808 1.2
      vertex 14.9 -3.2909 1.2
      vertex 14.8263 -2.38006 1.2
    endloop
  endfacet
  facet normal 0 0 1
    outer loop
      vertex 14.5 -2.59808 1.2
      vertex 14.4542 -3.51074 1.2
      vertex 14.9 -3.2909 1.2
    endloop
  endfacet
  facet normal -0 0 1
    outer loop
      vertex 14.148 -2.77164 1.2
      vertex 14.4542 -3.51074 1.2
      vertex 14.5 -2.59808 1.2
    endloop
  endfacet
  facet normal 0 0 1
    outer loop
      vertex 14.148 -2.77164 1.2
      vertex 13.9835 -3.67052 1.2
      vertex 14.4542 -3.51074 1.2
    endloop
  endfacet
  facet normal -0 0 1
    outer loop
      vertex 13.7765 -2.89778 1.2
      vertex 13.9835 -3.67052 1.2
      vertex 14.148 -2.77164 1.2
    endloop
  endfacet
  facet normal 0 0 1
    outer loop
      vertex 13.7765 -2.89778 1.2
      vertex 13.496 -3.76749 1.2
      vertex 13.9835 -3.67052 1.2
    endloop
  endfacet
  facet normal -0 0 1
    outer loop
      vertex 13.3916 -2.97433 1.2
      vertex 13.496 -3.76749 1.2
      vertex 13.7765 -2.89778 1.2
    endloop
  endfacet
  facet normal -0 0 1
    outer loop
      vertex 13 -3 1.2
      vertex 13.496 -3.76749 1.2
      vertex 13.3916 -2.97433 1.2
    endloop
  endfacet
  facet normal 0 0 1
    outer loop
      vertex 13 -3 1.2
      vertex 13 -3.8 1.2
      vertex 13.496 -3.76749 1.2
    endloop
  endfacet
  facet normal 0 0 1
    outer loop
      vertex 12.6084 -2.97433 1.2
      vertex 13 -3.8 1.2
      vertex 13 -3 1.2
    endloop
  endfacet
  facet normal 0 0 1
    outer loop
      vertex 12.6084 -2.97433 1.2
      vertex 12.504 -3.76749 1.2
      vertex 13 -3.8 1.2
    endloop
  endfacet
  facet normal 0 0 1
    outer loop
      vertex 12.2235 -2.89778 1.2
      vertex 12.504 -3.76749 1.2
      vertex 12.6084 -2.97433 1.2
    endloop
  endfacet
  facet normal 0 0 1
    outer loop
      vertex 12.2235 -2.89778 1.2
      vertex 12.0165 -3.67052 1.2
      vertex 12.504 -3.76749 1.2
    endloop
  endfacet
  facet normal 0 0 1
    outer loop
      vertex 11.852 -2.77164 1.2
      vertex 12.0165 -3.67052 1.2
      vertex 12.2235 -2.89778 1.2
    endloop
  endfacet
  facet normal 0 0 1
    outer loop
      vertex 11.852 -2.77164 1.2
      vertex 11.5458 -3.51074 1.2
      vertex 12.0165 -3.67052 1.2
    endloop
  endfacet
  facet normal 0 0 1
    outer loop
      vertex 11.5 -2.59808 1.2
      vertex 11.5458 -3.51074 1.2
      vertex 11.852 -2.77164 1.2
    endloop
  endfacet
  facet normal 0 0 1
    outer loop
      vertex 11.1 -3.2909 1.2
      vertex 11.5 -2.59808 1.2
      vertex 11.1737 -2.38006 1.2
    endloop
  endfacet
  facet normal 0 0 1
    outer loop
      vertex 11.5 -2.59808 1.2
      vertex 11.1 -3.2909 1.2
      vertex 11.5458 -3.51074 1.2
    endloop
  endfacet
  facet normal 0 0 1
    outer loop
      vertex 10.6867 -3.01474 1.2
      vertex 11.1737 -2.38006 1.2
      vertex 10.8787 -2.12132 1.2
    endloop
  endfacet
  facet normal 0 0 1
    outer loop
      vertex 11.1737 -2.38006 1.2
      vertex 10.6867 -3.01474 1.2
      vertex 11.1 -3.2909 1.2
    endloop
  endfacet
  facet normal 0 0 1
    outer loop
      vertex 10.313 -2.68701 1.2
      vertex 10.8787 -2.12132 1.2
      vertex 10.6199 -1.82628 1.2
    endloop
  endfacet
  facet normal 0 0 1
    outer loop
      vertex 9.98526 -2.31329 1.2
      vertex 10.6199 -1.82628 1.2
      vertex 10.4019 -1.5 1.2
    endloop
  endfacet
  facet normal 0 0 1
    outer loop
      vertex 10.8787 -2.12132 1.2
      vertex 10.313 -2.68701 1.2
      vertex 10.6867 -3.01474 1.2
    endloop
  endfacet
  facet normal 0 0 1
    outer loop
      vertex 9.7091 -1.9 1.2
      vertex 10.4019 -1.5 1.2
      vertex 10.2284 -1.14805 1.2
    endloop
  endfacet
  facet normal 0 0 1
    outer loop
      vertex 9.48926 -1.4542 1.2
      vertex 10.2284 -1.14805 1.2
      vertex 10.1022 -0.776457 1.2
    endloop
  endfacet
  facet normal 0 0 1
    outer loop
      vertex 9.32948 -0.983512 1.2
      vertex 10.1022 -0.776457 1.2
      vertex 10.0257 -0.391578 1.2
    endloop
  endfacet
  facet normal 0 0 1
    outer loop
      vertex 10.6199 -1.82628 1.2
      vertex 9.98526 -2.31329 1.2
      vertex 10.313 -2.68701 1.2
    endloop
  endfacet
  facet normal 0 0 1
    outer loop
      vertex 9.23251 -0.495999 1.2
      vertex 10.0257 -0.391578 1.2
      vertex 10 0 1.2
    endloop
  endfacet
  facet normal -0 0 1
    outer loop
      vertex 9.32948 0.983512 1.2
      vertex 10.1022 0.776457 1.2
      vertex 9.48926 1.4542 1.2
    endloop
  endfacet
  facet normal 0 0 1
    outer loop
      vertex 10.1022 0.776457 1.2
      vertex 9.32948 0.983512 1.2
      vertex 10.0257 0.391578 1.2
    endloop
  endfacet
  facet normal 0 0 1
    outer loop
      vertex 10.4019 -1.5 1.2
      vertex 9.7091 -1.9 1.2
      vertex 9.98526 -2.31329 1.2
    endloop
  endfacet
  facet normal -0 0 1
    outer loop
      vertex 9.23251 0.495999 1.2
      vertex 10.0257 0.391578 1.2
      vertex 9.32948 0.983512 1.2
    endloop
  endfacet
  facet normal 0 0 1
    outer loop
      vertex 10.2284 -1.14805 1.2
      vertex 9.48926 -1.4542 1.2
      vertex 9.7091 -1.9 1.2
    endloop
  endfacet
  facet normal 0 0 1
    outer loop
      vertex 10.0257 0.391578 1.2
      vertex 9.23251 0.495999 1.2
      vertex 10 0 1.2
    endloop
  endfacet
  facet normal 0 0 1
    outer loop
      vertex 10.1022 -0.776457 1.2
      vertex 9.32948 -0.983512 1.2
      vertex 9.48926 -1.4542 1.2
    endloop
  endfacet
  facet normal 0 0 1
    outer loop
      vertex 9.2 0 1.2
      vertex 10 0 1.2
      vertex 9.23251 0.495999 1.2
    endloop
  endfacet
  facet normal 0 0 1
    outer loop
      vertex 10.0257 -0.391578 1.2
      vertex 9.23251 -0.495999 1.2
      vertex 9.32948 -0.983512 1.2
    endloop
  endfacet
  facet normal 0 0 1
    outer loop
      vertex 10 0 1.2
      vertex 9.2 0 1.2
      vertex 9.23251 -0.495999 1.2
    endloop
  endfacet
  facet normal -0.65935 -0.751836 0
    outer loop
      vertex 10.313 -2.68701 0
      vertex 10.6867 -3.01474 1.2
      vertex 10.313 -2.68701 1.2
    endloop
  endfacet
  facet normal -0.65935 -0.751836 -0
    outer loop
      vertex 10.6867 -3.01474 1.2
      vertex 10.313 -2.68701 0
      vertex 10.6867 -3.01474 0
    endloop
  endfacet
  facet normal 0 0 -1
    outer loop
      vertex 16.7675 -0.495999 0
      vertex 16.7675 0.495999 0
      vertex 16.8 0 0
    endloop
  endfacet
  facet normal 0 0 -1
    outer loop
      vertex 16.6705 -0.983512 0
      vertex 16.7675 0.495999 0
      vertex 16.7675 -0.495999 0
    endloop
  endfacet
  facet normal 0 0 -1
    outer loop
      vertex 16.6705 -0.983512 0
      vertex 16.6705 0.983512 0
      vertex 16.7675 0.495999 0
    endloop
  endfacet
  facet normal 0 0 -1
    outer loop
      vertex 16.5107 -1.4542 0
      vertex 16.6705 0.983512 0
      vertex 16.6705 -0.983512 0
    endloop
  endfacet
  facet normal 0 0 -1
    outer loop
      vertex 16.5107 -1.4542 0
      vertex 16.5107 1.4542 0
      vertex 16.6705 0.983512 0
    endloop
  endfacet
  facet normal 0 0 -1
    outer loop
      vertex 16.2909 -1.9 0
      vertex 16.5107 1.4542 0
      vertex 16.5107 -1.4542 0
    endloop
  endfacet
  facet normal 0 0 -1
    outer loop
      vertex 16.2909 -1.9 0
      vertex 16.2909 1.9 0
      vertex 16.5107 1.4542 0
    endloop
  endfacet
  facet normal 0 0 -1
    outer loop
      vertex 16.0147 -2.31329 0
      vertex 16.2909 1.9 0
      vertex 16.2909 -1.9 0
    endloop
  endfacet
  facet normal 0 0 -1
    outer loop
      vertex 16.0147 -2.31329 0
      vertex 16.0147 2.31329 0
      vertex 16.2909 1.9 0
    endloop
  endfacet
  facet normal 0 0 -1
    outer loop
      vertex 15.687 -2.68701 0
      vertex 16.0147 2.31329 0
      vertex 16.0147 -2.31329 0
    endloop
  endfacet
  facet normal 0 0 -1
    outer loop
      vertex 15.687 -2.68701 0
      vertex 15.687 2.68701 0
      vertex 16.0147 2.31329 0
    endloop
  endfacet
  facet normal 0 0 -1
    outer loop
      vertex 15.3133 -3.01474 0
      vertex 15.687 2.68701 0
      vertex 15.687 -2.68701 0
    endloop
  endfacet
  facet normal 0 0 -1
    outer loop
      vertex 15.3133 -3.01474 0
      vertex 15.3133 3.01474 0
      vertex 15.687 2.68701 0
    endloop
  endfacet
  facet normal 0 0 -1
    outer loop
      vertex 14.9 -3.2909 0
      vertex 15.3133 3.01474 0
      vertex 15.3133 -3.01474 0
    endloop
  endfacet
  facet normal 0 0 -1
    outer loop
      vertex 14.9 -3.2909 0
      vertex 14.9 3.2909 0
      vertex 15.3133 3.01474 0
    endloop
  endfacet
  facet normal 0 0 -1
    outer loop
      vertex 14.4542 -3.51074 0
      vertex 14.9 3.2909 0
      vertex 14.9 -3.2909 0
    endloop
  endfacet
  facet normal 0 0 -1
    outer loop
      vertex 14.4542 -3.51074 0
      vertex 14.4542 3.51074 0
      vertex 14.9 3.2909 0
    endloop
  endfacet
  facet normal 0 0 -1
    outer loop
      vertex 13.9835 -3.67052 0
      vertex 14.4542 3.51074 0
      vertex 14.4542 -3.51074 0
    endloop
  endfacet
  facet normal 0 0 -1
    outer loop
      vertex 13.9835 -3.67052 0
      vertex 13.9835 3.67052 0
      vertex 14.4542 3.51074 0
    endloop
  endfacet
  facet normal 0 0 -1
    outer loop
      vertex 13.496 -3.76749 0
      vertex 13.9835 3.67052 0
      vertex 13.9835 -3.67052 0
    endloop
  endfacet
  facet normal 0 0 -1
    outer loop
      vertex 13.496 -3.76749 0
      vertex 13.496 3.76749 0
      vertex 13.9835 3.67052 0
    endloop
  endfacet
  facet normal 0 0 -1
    outer loop
      vertex 13 -3.8 0
      vertex 13.496 3.76749 0
      vertex 13.496 -3.76749 0
    endloop
  endfacet
  facet normal 0 0 -1
    outer loop
      vertex 13 -3.8 0
      vertex 13 3.8 0
      vertex 13.496 3.76749 0
    endloop
  endfacet
  facet normal 0 0 -1
    outer loop
      vertex 12.504 -3.76749 0
      vertex 13 3.8 0
      vertex 13 -3.8 0
    endloop
  endfacet
  facet normal 0 0 -1
    outer loop
      vertex 12.504 -3.76749 0
      vertex 12.504 3.76749 0
      vertex 13 3.8 0
    endloop
  endfacet
  facet normal 0 0 -1
    outer loop
      vertex 12.0165 -3.67052 0
      vertex 12.504 3.76749 0
      vertex 12.504 -3.76749 0
    endloop
  endfacet
  facet normal 0 0 -1
    outer loop
      vertex 12.0165 -3.67052 0
      vertex 12.0165 3.67052 0
      vertex 12.504 3.76749 0
    endloop
  endfacet
  facet normal 0 0 -1
    outer loop
      vertex 11.5458 -3.51074 0
      vertex 12.0165 3.67052 0
      vertex 12.0165 -3.67052 0
    endloop
  endfacet
  facet normal 0 0 -1
    outer loop
      vertex 11.5458 -3.51074 0
      vertex 11.5458 3.51074 0
      vertex 12.0165 3.67052 0
    endloop
  endfacet
  facet normal 0 0 -1
    outer loop
      vertex 11.1 -3.2909 0
      vertex 11.5458 3.51074 0
      vertex 11.5458 -3.51074 0
    endloop
  endfacet
  facet normal 0 0 -1
    outer loop
      vertex 11.1 -3.2909 0
      vertex 11.1 3.2909 0
      vertex 11.5458 3.51074 0
    endloop
  endfacet
  facet normal 0 0 -1
    outer loop
      vertex 10.6867 -3.01474 0
      vertex 11.1 3.2909 0
      vertex 11.1 -3.2909 0
    endloop
  endfacet
  facet normal 0 0 -1
    outer loop
      vertex 10.6867 -3.01474 0
      vertex 10.6867 3.01474 0
      vertex 11.1 3.2909 0
    endloop
  endfacet
  facet normal 0 0 -1
    outer loop
      vertex 10.313 -2.68701 0
      vertex 10.6867 3.01474 0
      vertex 10.6867 -3.01474 0
    endloop
  endfacet
  facet normal 0 0 -1
    outer loop
      vertex 10.313 -2.68701 0
      vertex 10.313 2.68701 0
      vertex 10.6867 3.01474 0
    endloop
  endfacet
  facet normal 0 0 -1
    outer loop
      vertex 9.98526 -2.31329 0
      vertex 10.313 2.68701 0
      vertex 10.313 -2.68701 0
    endloop
  endfacet
  facet normal 0 0 -1
    outer loop
      vertex 9.98526 -2.31329 0
      vertex 9.98526 2.31329 0
      vertex 10.313 2.68701 0
    endloop
  endfacet
  facet normal 0 0 -1
    outer loop
      vertex 9.7091 -1.9 0
      vertex 9.98526 2.31329 0
      vertex 9.98526 -2.31329 0
    endloop
  endfacet
  facet normal 0 0 -1
    outer loop
      vertex 9.7091 -1.9 0
      vertex 9.7091 1.9 0
      vertex 9.98526 2.31329 0
    endloop
  endfacet
  facet normal 0 0 -1
    outer loop
      vertex 9.48926 -1.4542 0
      vertex 9.7091 1.9 0
      vertex 9.7091 -1.9 0
    endloop
  endfacet
  facet normal 0 0 -1
    outer loop
      vertex 9.48926 -1.4542 0
      vertex 9.48926 1.4542 0
      vertex 9.7091 1.9 0
    endloop
  endfacet
  facet normal 0 0 -1
    outer loop
      vertex 9.32948 -0.983512 0
      vertex 9.48926 1.4542 0
      vertex 9.48926 -1.4542 0
    endloop
  endfacet
  facet normal 0 0 -1
    outer loop
      vertex 9.32948 -0.983512 0
      vertex 9.32948 0.983512 0
      vertex 9.48926 1.4542 0
    endloop
  endfacet
  facet normal 0 0 -1
    outer loop
      vertex 9.23251 -0.495999 0
      vertex 9.32948 0.983512 0
      vertex 9.32948 -0.983512 0
    endloop
  endfacet
  facet normal 0 0 -1
    outer loop
      vertex 9.23251 -0.495999 0
      vertex 9.23251 0.495999 0
      vertex 9.32948 0.983512 0
    endloop
  endfacet
  facet normal 0 -0 -1
    outer loop
      vertex 9.23251 0.495999 0
      vertex 9.23251 -0.495999 0
      vertex 9.2 0 0
    endloop
  endfacet
  facet normal 0.555573 -0.831468 0
    outer loop
      vertex 14.9 -3.2909 0
      vertex 15.3133 -3.01474 1.2
      vertex 14.9 -3.2909 1.2
    endloop
  endfacet
  facet normal 0.555573 -0.831468 0
    outer loop
      vertex 15.3133 -3.01474 1.2
      vertex 14.9 -3.2909 0
      vertex 15.3133 -3.01474 0
    endloop
  endfacet
  facet normal 0.321437 0.946931 -0
    outer loop
      vertex 14.4542 3.51074 0
      vertex 13.9835 3.67052 1.2
      vertex 14.4542 3.51074 1.2
    endloop
  endfacet
  facet normal 0.321437 0.946931 0
    outer loop
      vertex 13.9835 3.67052 1.2
      vertex 14.4542 3.51074 0
      vertex 13.9835 3.67052 0
    endloop
  endfacet
  facet normal -0.321437 0.946931 0
    outer loop
      vertex 12.0165 3.67052 0
      vertex 11.5458 3.51074 1.2
      vertex 12.0165 3.67052 1.2
    endloop
  endfacet
  facet normal -0.321437 0.946931 0
    outer loop
      vertex 11.5458 3.51074 1.2
      vertex 12.0165 3.67052 0
      vertex 11.5458 3.51074 0
    endloop
  endfacet
  facet normal 0.831425 0.555638 0
    outer loop
      vertex 16.2909 1.9 1.2
      vertex 16.0147 2.31329 0
      vertex 16.0147 2.31329 1.2
    endloop
  endfacet
  facet normal 0.831425 0.555638 0
    outer loop
      vertex 16.0147 2.31329 0
      vertex 16.2909 1.9 1.2
      vertex 16.2909 1.9 0
    endloop
  endfacet
  facet normal 0.195091 -0.980785 0
    outer loop
      vertex 13.496 -3.76749 0
      vertex 13.9835 -3.67052 1.2
      vertex 13.496 -3.76749 1.2
    endloop
  endfacet
  facet normal 0.195091 -0.980785 0
    outer loop
      vertex 13.9835 -3.67052 1.2
      vertex 13.496 -3.76749 0
      vertex 13.9835 -3.67052 0
    endloop
  endfacet
  facet normal 0.555573 0.831468 -0
    outer loop
      vertex 15.3133 3.01474 0
      vertex 14.9 3.2909 1.2
      vertex 15.3133 3.01474 1.2
    endloop
  endfacet
  facet normal 0.555573 0.831468 0
    outer loop
      vertex 14.9 3.2909 1.2
      vertex 15.3133 3.01474 0
      vertex 14.9 3.2909 0
    endloop
  endfacet
  facet normal -0.065404 0.997859 0
    outer loop
      vertex 13 3.8 0
      vertex 12.504 3.76749 1.2
      vertex 13 3.8 1.2
    endloop
  endfacet
  facet normal -0.065404 0.997859 0
    outer loop
      vertex 12.504 3.76749 1.2
      vertex 13 3.8 0
      vertex 12.504 3.76749 0
    endloop
  endfacet
  facet normal -0.555573 -0.831468 0
    outer loop
      vertex 10.6867 -3.01474 0
      vertex 11.1 -3.2909 1.2
      vertex 10.6867 -3.01474 1.2
    endloop
  endfacet
  facet normal -0.555573 -0.831468 -0
    outer loop
      vertex 11.1 -3.2909 1.2
      vertex 10.6867 -3.01474 0
      vertex 11.1 -3.2909 0
    endloop
  endfacet
  facet normal 0.65935 0.751836 -0
    outer loop
      vertex 15.687 2.68701 0
      vertex 15.3133 3.01474 1.2
      vertex 15.687 2.68701 1.2
    endloop
  endfacet
  facet normal 0.65935 0.751836 0
    outer loop
      vertex 15.3133 3.01474 1.2
      vertex 15.687 2.68701 0
      vertex 15.3133 3.01474 0
    endloop
  endfacet
  facet normal -0.555573 0.831468 0
    outer loop
      vertex 11.1 3.2909 0
      vertex 10.6867 3.01474 1.2
      vertex 11.1 3.2909 1.2
    endloop
  endfacet
  facet normal -0.555573 0.831468 0
    outer loop
      vertex 10.6867 3.01474 1.2
      vertex 11.1 3.2909 0
      vertex 10.6867 3.01474 0
    endloop
  endfacet
  facet normal -0.442282 0.896876 0
    outer loop
      vertex 11.5458 3.51074 0
      vertex 11.1 3.2909 1.2
      vertex 11.5458 3.51074 1.2
    endloop
  endfacet
  facet normal -0.442282 0.896876 0
    outer loop
      vertex 11.1 3.2909 1.2
      vertex 11.5458 3.51074 0
      vertex 11.1 3.2909 0
    endloop
  endfacet
  facet normal 0.65935 -0.751836 0
    outer loop
      vertex 15.3133 -3.01474 0
      vertex 15.687 -2.68701 1.2
      vertex 15.3133 -3.01474 1.2
    endloop
  endfacet
  facet normal 0.65935 -0.751836 0
    outer loop
      vertex 15.687 -2.68701 1.2
      vertex 15.3133 -3.01474 0
      vertex 15.687 -2.68701 0
    endloop
  endfacet
  facet normal 0.751883 0.659296 0
    outer loop
      vertex 16.0147 2.31329 1.2
      vertex 15.687 2.68701 0
      vertex 15.687 2.68701 1.2
    endloop
  endfacet
  facet normal 0.751883 0.659296 0
    outer loop
      vertex 15.687 2.68701 0
      vertex 16.0147 2.31329 1.2
      vertex 16.0147 2.31329 0
    endloop
  endfacet
  facet normal -0.946928 0.321445 0
    outer loop
      vertex 9.32948 0.983512 0
      vertex 9.48926 1.4542 1.2
      vertex 9.48926 1.4542 0
    endloop
  endfacet
  facet normal -0.946928 0.321445 0
    outer loop
      vertex 9.48926 1.4542 1.2
      vertex 9.32948 0.983512 0
      vertex 9.32948 0.983512 1.2
    endloop
  endfacet
  facet normal 0.980775 -0.195144 0
    outer loop
      vertex 16.6705 -0.983512 1.2
      vertex 16.7675 -0.495999 0
      vertex 16.7675 -0.495999 1.2
    endloop
  endfacet
  facet normal 0.980775 -0.195144 0
    outer loop
      vertex 16.7675 -0.495999 0
      vertex 16.6705 -0.983512 1.2
      vertex 16.6705 -0.983512 0
    endloop
  endfacet
  facet normal 0.831425 -0.555638 0
    outer loop
      vertex 16.0147 -2.31329 1.2
      vertex 16.2909 -1.9 0
      vertex 16.2909 -1.9 1.2
    endloop
  endfacet
  facet normal 0.831425 -0.555638 0
    outer loop
      vertex 16.2909 -1.9 0
      vertex 16.0147 -2.31329 1.2
      vertex 16.0147 -2.31329 0
    endloop
  endfacet
  facet normal 0.751883 -0.659296 0
    outer loop
      vertex 15.687 -2.68701 1.2
      vertex 16.0147 -2.31329 0
      vertex 16.0147 -2.31329 1.2
    endloop
  endfacet
  facet normal 0.751883 -0.659296 0
    outer loop
      vertex 16.0147 -2.31329 0
      vertex 15.687 -2.68701 1.2
      vertex 15.687 -2.68701 0
    endloop
  endfacet
  facet normal -0.997859 0.0654041 0
    outer loop
      vertex 9.2 0 0
      vertex 9.23251 0.495999 1.2
      vertex 9.23251 0.495999 0
    endloop
  endfacet
  facet normal -0.997859 0.0654041 0
    outer loop
      vertex 9.23251 0.495999 1.2
      vertex 9.2 0 0
      vertex 9.2 0 1.2
    endloop
  endfacet
  facet normal -0.896876 0.442282 0
    outer loop
      vertex 9.48926 1.4542 0
      vertex 9.7091 1.9 1.2
      vertex 9.7091 1.9 0
    endloop
  endfacet
  facet normal -0.896876 0.442282 0
    outer loop
      vertex 9.7091 1.9 1.2
      vertex 9.48926 1.4542 0
      vertex 9.48926 1.4542 1.2
    endloop
  endfacet
  facet normal -0.997859 -0.0654041 0
    outer loop
      vertex 9.23251 -0.495999 0
      vertex 9.2 0 1.2
      vertex 9.2 0 0
    endloop
  endfacet
  facet normal -0.997859 -0.0654041 0
    outer loop
      vertex 9.2 0 1.2
      vertex 9.23251 -0.495999 0
      vertex 9.23251 -0.495999 1.2
    endloop
  endfacet
  facet normal -0.946928 -0.321445 0
    outer loop
      vertex 9.48926 -1.4542 0
      vertex 9.32948 -0.983512 1.2
      vertex 9.32948 -0.983512 0
    endloop
  endfacet
  facet normal -0.946928 -0.321445 0
    outer loop
      vertex 9.32948 -0.983512 1.2
      vertex 9.48926 -1.4542 0
      vertex 9.48926 -1.4542 1.2
    endloop
  endfacet
  facet normal 0.195091 0.980785 -0
    outer loop
      vertex 13.9835 3.67052 0
      vertex 13.496 3.76749 1.2
      vertex 13.9835 3.67052 1.2
    endloop
  endfacet
  facet normal 0.195091 0.980785 0
    outer loop
      vertex 13.496 3.76749 1.2
      vertex 13.9835 3.67052 0
      vertex 13.496 3.76749 0
    endloop
  endfacet
  facet normal -0.65935 0.751836 0
    outer loop
      vertex 10.6867 3.01474 0
      vertex 10.313 2.68701 1.2
      vertex 10.6867 3.01474 1.2
    endloop
  endfacet
  facet normal -0.65935 0.751836 0
    outer loop
      vertex 10.313 2.68701 1.2
      vertex 10.6867 3.01474 0
      vertex 10.313 2.68701 0
    endloop
  endfacet
  facet normal -0.751843 0.659342 0
    outer loop
      vertex 9.98526 2.31329 0
      vertex 10.313 2.68701 1.2
      vertex 10.313 2.68701 0
    endloop
  endfacet
  facet normal -0.751843 0.659342 0
    outer loop
      vertex 10.313 2.68701 1.2
      vertex 9.98526 2.31329 0
      vertex 9.98526 2.31329 1.2
    endloop
  endfacet
  facet normal 0.065404 -0.997859 0
    outer loop
      vertex 13 -3.8 0
      vertex 13.496 -3.76749 1.2
      vertex 13 -3.8 1.2
    endloop
  endfacet
  facet normal 0.065404 -0.997859 0
    outer loop
      vertex 13.496 -3.76749 1.2
      vertex 13 -3.8 0
      vertex 13.496 -3.76749 0
    endloop
  endfacet
  facet normal 0.896908 -0.442217 0
    outer loop
      vertex 16.2909 -1.9 1.2
      vertex 16.5107 -1.4542 0
      vertex 16.5107 -1.4542 1.2
    endloop
  endfacet
  facet normal 0.896908 -0.442217 0
    outer loop
      vertex 16.5107 -1.4542 0
      vertex 16.2909 -1.9 1.2
      vertex 16.2909 -1.9 0
    endloop
  endfacet
  facet normal -0.751843 -0.659342 0
    outer loop
      vertex 10.313 -2.68701 0
      vertex 9.98526 -2.31329 1.2
      vertex 9.98526 -2.31329 0
    endloop
  endfacet
  facet normal -0.751843 -0.659342 0
    outer loop
      vertex 9.98526 -2.31329 1.2
      vertex 10.313 -2.68701 0
      vertex 10.313 -2.68701 1.2
    endloop
  endfacet
  facet normal -0.065404 -0.997859 0
    outer loop
      vertex 12.504 -3.76749 0
      vertex 13 -3.8 1.2
      vertex 12.504 -3.76749 1.2
    endloop
  endfacet
  facet normal -0.065404 -0.997859 -0
    outer loop
      vertex 13 -3.8 1.2
      vertex 12.504 -3.76749 0
      vertex 13 -3.8 0
    endloop
  endfacet
  facet normal -0.831462 -0.555582 0
    outer loop
      vertex 9.98526 -2.31329 0
      vertex 9.7091 -1.9 1.2
      vertex 9.7091 -1.9 0
    endloop
  endfacet
  facet normal -0.831462 -0.555582 0
    outer loop
      vertex 9.7091 -1.9 1.2
      vertex 9.98526 -2.31329 0
      vertex 9.98526 -2.31329 1.2
    endloop
  endfacet
  facet normal 0.946916 -0.321481 0
    outer loop
      vertex 16.5107 -1.4542 1.2
      vertex 16.6705 -0.983512 0
      vertex 16.6705 -0.983512 1.2
    endloop
  endfacet
  facet normal 0.946916 -0.321481 0
    outer loop
      vertex 16.6705 -0.983512 0
      vertex 16.5107 -1.4542 1.2
      vertex 16.5107 -1.4542 0
    endloop
  endfacet
  facet normal -0.195091 -0.980785 0
    outer loop
      vertex 12.0165 -3.67052 0
      vertex 12.504 -3.76749 1.2
      vertex 12.0165 -3.67052 1.2
    endloop
  endfacet
  facet normal -0.195091 -0.980785 -0
    outer loop
      vertex 12.504 -3.76749 1.2
      vertex 12.0165 -3.67052 0
      vertex 12.504 -3.76749 0
    endloop
  endfacet
  facet normal 0.065404 0.997859 -0
    outer loop
      vertex 13.496 3.76749 0
      vertex 13 3.8 1.2
      vertex 13.496 3.76749 1.2
    endloop
  endfacet
  facet normal 0.065404 0.997859 0
    outer loop
      vertex 13 3.8 1.2
      vertex 13.496 3.76749 0
      vertex 13 3.8 0
    endloop
  endfacet
  facet normal -0.980786 -0.195086 0
    outer loop
      vertex 9.32948 -0.983512 0
      vertex 9.23251 -0.495999 1.2
      vertex 9.23251 -0.495999 0
    endloop
  endfacet
  facet normal -0.980786 -0.195086 0
    outer loop
      vertex 9.23251 -0.495999 1.2
      vertex 9.32948 -0.983512 0
      vertex 9.32948 -0.983512 1.2
    endloop
  endfacet
  facet normal -0.321437 -0.946931 0
    outer loop
      vertex 11.5458 -3.51074 0
      vertex 12.0165 -3.67052 1.2
      vertex 11.5458 -3.51074 1.2
    endloop
  endfacet
  facet normal -0.321437 -0.946931 -0
    outer loop
      vertex 12.0165 -3.67052 1.2
      vertex 11.5458 -3.51074 0
      vertex 12.0165 -3.67052 0
    endloop
  endfacet
  facet normal -0.442282 -0.896876 0
    outer loop
      vertex 11.1 -3.2909 0
      vertex 11.5458 -3.51074 1.2
      vertex 11.1 -3.2909 1.2
    endloop
  endfacet
  facet normal -0.442282 -0.896876 -0
    outer loop
      vertex 11.5458 -3.51074 1.2
      vertex 11.1 -3.2909 0
      vertex 11.5458 -3.51074 0
    endloop
  endfacet
  facet normal 0.980813 0.19495 0
    outer loop
      vertex 15.9743 0.391578 9.7
      vertex 15.8978 0.776457 1.2
      vertex 15.8978 0.776457 9.7
    endloop
  endfacet
  facet normal 0.980813 0.19495 0
    outer loop
      vertex 15.8978 0.776457 1.2
      vertex 15.9743 0.391578 9.7
      vertex 15.9743 0.391578 1.2
    endloop
  endfacet
  facet normal 0.997853 0.065491 0
    outer loop
      vertex 16 0 9.7
      vertex 15.9743 0.391578 1.2
      vertex 15.9743 0.391578 9.7
    endloop
  endfacet
  facet normal 0.997853 0.065491 0
    outer loop
      vertex 15.9743 0.391578 1.2
      vertex 16 0 9.7
      vertex 16 0 1.2
    endloop
  endfacet
  facet normal 0.980813 -0.19495 0
    outer loop
      vertex 15.8978 -0.776457 9.7
      vertex 15.9743 -0.391578 1.2
      vertex 15.9743 -0.391578 9.7
    endloop
  endfacet
  facet normal 0.980813 -0.19495 0
    outer loop
      vertex 15.9743 -0.391578 1.2
      vertex 15.8978 -0.776457 9.7
      vertex 15.8978 -0.776457 1.2
    endloop
  endfacet
  facet normal -0.751768 -0.659428 0
    outer loop
      vertex 10.8787 -2.12132 1.2
      vertex 10.6199 -1.82628 9.7
      vertex 10.6199 -1.82628 1.2
    endloop
  endfacet
  facet normal -0.751768 -0.659428 0
    outer loop
      vertex 10.6199 -1.82628 9.7
      vertex 10.8787 -2.12132 1.2
      vertex 10.8787 -2.12132 9.7
    endloop
  endfacet
  facet normal 0 0 1
    outer loop
      vertex 15.9743 0.391578 9.7
      vertex 15.9743 -0.391578 9.7
      vertex 16 0 9.7
    endloop
  endfacet
  facet normal 0 0 1
    outer loop
      vertex 15.8978 0.776457 9.7
      vertex 15.9743 -0.391578 9.7
      vertex 15.9743 0.391578 9.7
    endloop
  endfacet
  facet normal 0 0 1
    outer loop
      vertex 15.8978 0.776457 9.7
      vertex 15.8978 -0.776457 9.7
      vertex 15.9743 -0.391578 9.7
    endloop
  endfacet
  facet normal 0 0 1
    outer loop
      vertex 15.7716 1.14805 9.7
      vertex 15.8978 -0.776457 9.7
      vertex 15.8978 0.776457 9.7
    endloop
  endfacet
  facet normal 0 0 1
    outer loop
      vertex 15.7716 1.14805 9.7
      vertex 15.7716 -1.14805 9.7
      vertex 15.8978 -0.776457 9.7
    endloop
  endfacet
  facet normal 0 0 1
    outer loop
      vertex 15.5981 1.5 9.7
      vertex 15.7716 -1.14805 9.7
      vertex 15.7716 1.14805 9.7
    endloop
  endfacet
  facet normal 0 0 1
    outer loop
      vertex 15.5981 1.5 9.7
      vertex 15.5981 -1.5 9.7
      vertex 15.7716 -1.14805 9.7
    endloop
  endfacet
  facet normal 0 0 1
    outer loop
      vertex 15.3801 1.82628 9.7
      vertex 15.5981 -1.5 9.7
      vertex 15.5981 1.5 9.7
    endloop
  endfacet
  facet normal 0 0 1
    outer loop
      vertex 15.3801 1.82628 9.7
      vertex 15.3801 -1.82628 9.7
      vertex 15.5981 -1.5 9.7
    endloop
  endfacet
  facet normal 0 0 1
    outer loop
      vertex 15.1213 2.12132 9.7
      vertex 15.3801 -1.82628 9.7
      vertex 15.3801 1.82628 9.7
    endloop
  endfacet
  facet normal 0 0 1
    outer loop
      vertex 15.1213 2.12132 9.7
      vertex 15.1213 -2.12132 9.7
      vertex 15.3801 -1.82628 9.7
    endloop
  endfacet
  facet normal 0 0 1
    outer loop
      vertex 14.8263 2.38006 9.7
      vertex 15.1213 -2.12132 9.7
      vertex 15.1213 2.12132 9.7
    endloop
  endfacet
  facet normal 0 0 1
    outer loop
      vertex 14.8263 2.38006 9.7
      vertex 14.8263 -2.38006 9.7
      vertex 15.1213 -2.12132 9.7
    endloop
  endfacet
  facet normal 0 0 1
    outer loop
      vertex 14.5 2.59808 9.7
      vertex 14.8263 -2.38006 9.7
      vertex 14.8263 2.38006 9.7
    endloop
  endfacet
  facet normal 0 0 1
    outer loop
      vertex 14.5 2.59808 9.7
      vertex 14.5 -2.59808 9.7
      vertex 14.8263 -2.38006 9.7
    endloop
  endfacet
  facet normal 0 0 1
    outer loop
      vertex 14.148 2.77164 9.7
      vertex 14.5 -2.59808 9.7
      vertex 14.5 2.59808 9.7
    endloop
  endfacet
  facet normal 0 0 1
    outer loop
      vertex 14.148 2.77164 9.7
      vertex 14.148 -2.77164 9.7
      vertex 14.5 -2.59808 9.7
    endloop
  endfacet
  facet normal 0 0 1
    outer loop
      vertex 13.7765 2.89778 9.7
      vertex 14.148 -2.77164 9.7
      vertex 14.148 2.77164 9.7
    endloop
  endfacet
  facet normal 0 0 1
    outer loop
      vertex 13.7765 2.89778 9.7
      vertex 13.7765 -2.89778 9.7
      vertex 14.148 -2.77164 9.7
    endloop
  endfacet
  facet normal 0 0 1
    outer loop
      vertex 13.3916 2.97433 9.7
      vertex 13.7765 -2.89778 9.7
      vertex 13.7765 2.89778 9.7
    endloop
  endfacet
  facet normal 0 0 1
    outer loop
      vertex 13.3916 2.97433 9.7
      vertex 13.3916 -2.97433 9.7
      vertex 13.7765 -2.89778 9.7
    endloop
  endfacet
  facet normal 0 0 1
    outer loop
      vertex 13 3 9.7
      vertex 13.3916 -2.97433 9.7
      vertex 13.3916 2.97433 9.7
    endloop
  endfacet
  facet normal 0 0 1
    outer loop
      vertex 13 3 9.7
      vertex 13 -3 9.7
      vertex 13.3916 -2.97433 9.7
    endloop
  endfacet
  facet normal -0 0 1
    outer loop
      vertex 12.6084 2.97433 9.7
      vertex 13 -3 9.7
      vertex 13 3 9.7
    endloop
  endfacet
  facet normal 0 0 1
    outer loop
      vertex 12.6084 2.97433 9.7
      vertex 12.6084 -2.97433 9.7
      vertex 13 -3 9.7
    endloop
  endfacet
  facet normal -0 0 1
    outer loop
      vertex 12.2235 2.89778 9.7
      vertex 12.6084 -2.97433 9.7
      vertex 12.6084 2.97433 9.7
    endloop
  endfacet
  facet normal 0 0 1
    outer loop
      vertex 12.2235 2.89778 9.7
      vertex 12.2235 -2.89778 9.7
      vertex 12.6084 -2.97433 9.7
    endloop
  endfacet
  facet normal -0 0 1
    outer loop
      vertex 11.852 2.77164 9.7
      vertex 12.2235 -2.89778 9.7
      vertex 12.2235 2.89778 9.7
    endloop
  endfacet
  facet normal 0 0 1
    outer loop
      vertex 11.852 2.77164 9.7
      vertex 11.852 -2.77164 9.7
      vertex 12.2235 -2.89778 9.7
    endloop
  endfacet
  facet normal -0 0 1
    outer loop
      vertex 11.5 2.59808 9.7
      vertex 11.852 -2.77164 9.7
      vertex 11.852 2.77164 9.7
    endloop
  endfacet
  facet normal 0 0 1
    outer loop
      vertex 11.5 2.59808 9.7
      vertex 11.5 -2.59808 9.7
      vertex 11.852 -2.77164 9.7
    endloop
  endfacet
  facet normal -0 0 1
    outer loop
      vertex 11.1737 2.38006 9.7
      vertex 11.5 -2.59808 9.7
      vertex 11.5 2.59808 9.7
    endloop
  endfacet
  facet normal 0 0 1
    outer loop
      vertex 11.1737 2.38006 9.7
      vertex 11.1737 -2.38006 9.7
      vertex 11.5 -2.59808 9.7
    endloop
  endfacet
  facet normal -0 0 1
    outer loop
      vertex 10.8787 2.12132 9.7
      vertex 11.1737 -2.38006 9.7
      vertex 11.1737 2.38006 9.7
    endloop
  endfacet
  facet normal 0 0 1
    outer loop
      vertex 10.8787 2.12132 9.7
      vertex 10.8787 -2.12132 9.7
      vertex 11.1737 -2.38006 9.7
    endloop
  endfacet
  facet normal -0 0 1
    outer loop
      vertex 10.6199 1.82628 9.7
      vertex 10.8787 -2.12132 9.7
      vertex 10.8787 2.12132 9.7
    endloop
  endfacet
  facet normal 0 0 1
    outer loop
      vertex 10.6199 1.82628 9.7
      vertex 10.6199 -1.82628 9.7
      vertex 10.8787 -2.12132 9.7
    endloop
  endfacet
  facet normal -0 0 1
    outer loop
      vertex 10.4019 1.5 9.7
      vertex 10.6199 -1.82628 9.7
      vertex 10.6199 1.82628 9.7
    endloop
  endfacet
  facet normal 0 0 1
    outer loop
      vertex 10.4019 1.5 9.7
      vertex 10.4019 -1.5 9.7
      vertex 10.6199 -1.82628 9.7
    endloop
  endfacet
  facet normal -0 0 1
    outer loop
      vertex 10.2284 1.14805 9.7
      vertex 10.4019 -1.5 9.7
      vertex 10.4019 1.5 9.7
    endloop
  endfacet
  facet normal 0 0 1
    outer loop
      vertex 10.2284 1.14805 9.7
      vertex 10.2284 -1.14805 9.7
      vertex 10.4019 -1.5 9.7
    endloop
  endfacet
  facet normal -0 0 1
    outer loop
      vertex 10.1022 0.776457 9.7
      vertex 10.2284 -1.14805 9.7
      vertex 10.2284 1.14805 9.7
    endloop
  endfacet
  facet normal 0 0 1
    outer loop
      vertex 10.1022 0.776457 9.7
      vertex 10.1022 -0.776457 9.7
      vertex 10.2284 -1.14805 9.7
    endloop
  endfacet
  facet normal -0 0 1
    outer loop
      vertex 10.0257 0.391578 9.7
      vertex 10.1022 -0.776457 9.7
      vertex 10.1022 0.776457 9.7
    endloop
  endfacet
  facet normal 0 0 1
    outer loop
      vertex 10.0257 0.391578 9.7
      vertex 10.0257 -0.391578 9.7
      vertex 10.1022 -0.776457 9.7
    endloop
  endfacet
  facet normal 0 -0 1
    outer loop
      vertex 10.0257 -0.391578 9.7
      vertex 10.0257 0.391578 9.7
      vertex 10 0 9.7
    endloop
  endfacet
  facet normal 0.831485 0.555547 0
    outer loop
      vertex 15.5981 1.5 9.7
      vertex 15.3801 1.82628 1.2
      vertex 15.3801 1.82628 9.7
    endloop
  endfacet
  facet normal 0.831485 0.555547 0
    outer loop
      vertex 15.3801 1.82628 1.2
      vertex 15.5981 1.5 9.7
      vertex 15.5981 1.5 1.2
    endloop
  endfacet
  facet normal 0.555558 0.831477 -0
    outer loop
      vertex 14.8263 2.38006 1.2
      vertex 14.5 2.59808 9.7
      vertex 14.8263 2.38006 9.7
    endloop
  endfacet
  facet normal 0.555558 0.831477 0
    outer loop
      vertex 14.5 2.59808 9.7
      vertex 14.8263 2.38006 1.2
      vertex 14.5 2.59808 1.2
    endloop
  endfacet
  facet normal 0.896936 -0.44216 0
    outer loop
      vertex 15.5981 -1.5 9.7
      vertex 15.7716 -1.14805 1.2
      vertex 15.7716 -1.14805 9.7
    endloop
  endfacet
  facet normal 0.896936 -0.44216 0
    outer loop
      vertex 15.7716 -1.14805 1.2
      vertex 15.5981 -1.5 9.7
      vertex 15.5981 -1.5 1.2
    endloop
  endfacet
  facet normal 0.997853 -0.065491 0
    outer loop
      vertex 15.9743 -0.391578 9.7
      vertex 16 0 1.2
      vertex 16 0 9.7
    endloop
  endfacet
  facet normal 0.997853 -0.065491 0
    outer loop
      vertex 16 0 1.2
      vertex 15.9743 -0.391578 9.7
      vertex 15.9743 -0.391578 1.2
    endloop
  endfacet
  facet normal 0.321514 0.946905 -0
    outer loop
      vertex 14.148 2.77164 1.2
      vertex 13.7765 2.89778 9.7
      vertex 14.148 2.77164 9.7
    endloop
  endfacet
  facet normal 0.321514 0.946905 0
    outer loop
      vertex 13.7765 2.89778 9.7
      vertex 14.148 2.77164 1.2
      vertex 13.7765 2.89778 1.2
    endloop
  endfacet
  facet normal -0.896936 0.44216 0
    outer loop
      vertex 10.2284 1.14805 1.2
      vertex 10.4019 1.5 9.7
      vertex 10.4019 1.5 1.2
    endloop
  endfacet
  facet normal -0.896936 0.44216 0
    outer loop
      vertex 10.4019 1.5 9.7
      vertex 10.2284 1.14805 1.2
      vertex 10.2284 1.14805 9.7
    endloop
  endfacet
  facet normal -0.659392 0.751799 0
    outer loop
      vertex 11.1737 2.38006 1.2
      vertex 10.8787 2.12132 9.7
      vertex 11.1737 2.38006 9.7
    endloop
  endfacet
  facet normal -0.659392 0.751799 0
    outer loop
      vertex 10.8787 2.12132 9.7
      vertex 11.1737 2.38006 1.2
      vertex 10.8787 2.12132 1.2
    endloop
  endfacet
  facet normal 0.321514 -0.946905 0
    outer loop
      vertex 13.7765 -2.89778 1.2
      vertex 14.148 -2.77164 9.7
      vertex 13.7765 -2.89778 9.7
    endloop
  endfacet
  facet normal 0.321514 -0.946905 0
    outer loop
      vertex 14.148 -2.77164 9.7
      vertex 13.7765 -2.89778 1.2
      vertex 14.148 -2.77164 1.2
    endloop
  endfacet
  facet normal -0.997853 -0.065491 0
    outer loop
      vertex 10.0257 -0.391578 1.2
      vertex 10 0 9.7
      vertex 10 0 1.2
    endloop
  endfacet
  facet normal -0.997853 -0.065491 0
    outer loop
      vertex 10 0 9.7
      vertex 10.0257 -0.391578 1.2
      vertex 10.0257 -0.391578 9.7
    endloop
  endfacet
  facet normal -0.659392 -0.751799 0
    outer loop
      vertex 10.8787 -2.12132 1.2
      vertex 11.1737 -2.38006 9.7
      vertex 10.8787 -2.12132 9.7
    endloop
  endfacet
  facet normal -0.659392 -0.751799 -0
    outer loop
      vertex 11.1737 -2.38006 9.7
      vertex 10.8787 -2.12132 1.2
      vertex 11.1737 -2.38006 1.2
    endloop
  endfacet
  facet normal -0.321514 0.946905 0
    outer loop
      vertex 12.2235 2.89778 1.2
      vertex 11.852 2.77164 9.7
      vertex 12.2235 2.89778 9.7
    endloop
  endfacet
  facet normal -0.321514 0.946905 0
    outer loop
      vertex 11.852 2.77164 9.7
      vertex 12.2235 2.89778 1.2
      vertex 11.852 2.77164 1.2
    endloop
  endfacet
  facet normal -0.831485 -0.555547 0
    outer loop
      vertex 10.6199 -1.82628 1.2
      vertex 10.4019 -1.5 9.7
      vertex 10.4019 -1.5 1.2
    endloop
  endfacet
  facet normal -0.831485 -0.555547 0
    outer loop
      vertex 10.4019 -1.5 9.7
      vertex 10.6199 -1.82628 1.2
      vertex 10.6199 -1.82628 9.7
    endloop
  endfacet
  facet normal -0.555558 0.831477 0
    outer loop
      vertex 11.5 2.59808 1.2
      vertex 11.1737 2.38006 9.7
      vertex 11.5 2.59808 9.7
    endloop
  endfacet
  facet normal -0.555558 0.831477 0
    outer loop
      vertex 11.1737 2.38006 9.7
      vertex 11.5 2.59808 1.2
      vertex 11.1737 2.38006 1.2
    endloop
  endfacet
  facet normal -0.997853 0.065491 0
    outer loop
      vertex 10 0 1.2
      vertex 10.0257 0.391578 9.7
      vertex 10.0257 0.391578 1.2
    endloop
  endfacet
  facet normal -0.997853 0.065491 0
    outer loop
      vertex 10.0257 0.391578 9.7
      vertex 10 0 1.2
      vertex 10 0 9.7
    endloop
  endfacet
  facet normal 0.195062 0.980791 -0
    outer loop
      vertex 13.7765 2.89778 1.2
      vertex 13.3916 2.97433 9.7
      vertex 13.7765 2.89778 9.7
    endloop
  endfacet
  facet normal 0.195062 0.980791 0
    outer loop
      vertex 13.3916 2.97433 9.7
      vertex 13.7765 2.89778 1.2
      vertex 13.3916 2.97433 1.2
    endloop
  endfacet
  facet normal -0.442233 0.8969 0
    outer loop
      vertex 11.852 2.77164 1.2
      vertex 11.5 2.59808 9.7
      vertex 11.852 2.77164 9.7
    endloop
  endfacet
  facet normal -0.442233 0.8969 0
    outer loop
      vertex 11.5 2.59808 9.7
      vertex 11.852 2.77164 1.2
      vertex 11.5 2.59808 1.2
    endloop
  endfacet
  facet normal 0.0654112 -0.997858 0
    outer loop
      vertex 13 -3 1.2
      vertex 13.3916 -2.97433 9.7
      vertex 13 -3 9.7
    endloop
  endfacet
  facet normal 0.0654112 -0.997858 0
    outer loop
      vertex 13.3916 -2.97433 9.7
      vertex 13 -3 1.2
      vertex 13.3916 -2.97433 1.2
    endloop
  endfacet
  facet normal 0.659392 -0.751799 0
    outer loop
      vertex 14.8263 -2.38006 1.2
      vertex 15.1213 -2.12132 9.7
      vertex 14.8263 -2.38006 9.7
    endloop
  endfacet
  facet normal 0.659392 -0.751799 0
    outer loop
      vertex 15.1213 -2.12132 9.7
      vertex 14.8263 -2.38006 1.2
      vertex 15.1213 -2.12132 1.2
    endloop
  endfacet
  facet normal -0.946883 -0.321579 0
    outer loop
      vertex 10.2284 -1.14805 1.2
      vertex 10.1022 -0.776457 9.7
      vertex 10.1022 -0.776457 1.2
    endloop
  endfacet
  facet normal -0.946883 -0.321579 0
    outer loop
      vertex 10.1022 -0.776457 9.7
      vertex 10.2284 -1.14805 1.2
      vertex 10.2284 -1.14805 9.7
    endloop
  endfacet
  facet normal 0.946883 -0.321579 0
    outer loop
      vertex 15.7716 -1.14805 9.7
      vertex 15.8978 -0.776457 1.2
      vertex 15.8978 -0.776457 9.7
    endloop
  endfacet
  facet normal 0.946883 -0.321579 0
    outer loop
      vertex 15.8978 -0.776457 1.2
      vertex 15.7716 -1.14805 9.7
      vertex 15.7716 -1.14805 1.2
    endloop
  endfacet
  facet normal 0.442233 0.8969 -0
    outer loop
      vertex 14.5 2.59808 1.2
      vertex 14.148 2.77164 9.7
      vertex 14.5 2.59808 9.7
    endloop
  endfacet
  facet normal 0.442233 0.8969 0
    outer loop
      vertex 14.148 2.77164 9.7
      vertex 14.5 2.59808 1.2
      vertex 14.148 2.77164 1.2
    endloop
  endfacet
  facet normal -0.195062 0.980791 0
    outer loop
      vertex 12.6084 2.97433 1.2
      vertex 12.2235 2.89778 9.7
      vertex 12.6084 2.97433 9.7
    endloop
  endfacet
  facet normal -0.195062 0.980791 0
    outer loop
      vertex 12.2235 2.89778 9.7
      vertex 12.6084 2.97433 1.2
      vertex 12.2235 2.89778 1.2
    endloop
  endfacet
  facet normal 0.751768 0.659428 0
    outer loop
      vertex 15.3801 1.82628 9.7
      vertex 15.1213 2.12132 1.2
      vertex 15.1213 2.12132 9.7
    endloop
  endfacet
  facet normal 0.751768 0.659428 0
    outer loop
      vertex 15.1213 2.12132 1.2
      vertex 15.3801 1.82628 9.7
      vertex 15.3801 1.82628 1.2
    endloop
  endfacet
  facet normal 0.751768 -0.659428 0
    outer loop
      vertex 15.1213 -2.12132 9.7
      vertex 15.3801 -1.82628 1.2
      vertex 15.3801 -1.82628 9.7
    endloop
  endfacet
  facet normal 0.751768 -0.659428 0
    outer loop
      vertex 15.3801 -1.82628 1.2
      vertex 15.1213 -2.12132 9.7
      vertex 15.1213 -2.12132 1.2
    endloop
  endfacet
  facet normal -0.442233 -0.8969 0
    outer loop
      vertex 11.5 -2.59808 1.2
      vertex 11.852 -2.77164 9.7
      vertex 11.5 -2.59808 9.7
    endloop
  endfacet
  facet normal -0.442233 -0.8969 -0
    outer loop
      vertex 11.852 -2.77164 9.7
      vertex 11.5 -2.59808 1.2
      vertex 11.852 -2.77164 1.2
    endloop
  endfacet
  facet normal -0.946883 0.321579 0
    outer loop
      vertex 10.1022 0.776457 1.2
      vertex 10.2284 1.14805 9.7
      vertex 10.2284 1.14805 1.2
    endloop
  endfacet
  facet normal -0.946883 0.321579 0
    outer loop
      vertex 10.2284 1.14805 9.7
      vertex 10.1022 0.776457 1.2
      vertex 10.1022 0.776457 9.7
    endloop
  endfacet
  facet normal 0.195062 -0.980791 0
    outer loop
      vertex 13.3916 -2.97433 1.2
      vertex 13.7765 -2.89778 9.7
      vertex 13.3916 -2.97433 9.7
    endloop
  endfacet
  facet normal 0.195062 -0.980791 0
    outer loop
      vertex 13.7765 -2.89778 9.7
      vertex 13.3916 -2.97433 1.2
      vertex 13.7765 -2.89778 1.2
    endloop
  endfacet
  facet normal 0.442233 -0.8969 0
    outer loop
      vertex 14.148 -2.77164 1.2
      vertex 14.5 -2.59808 9.7
      vertex 14.148 -2.77164 9.7
    endloop
  endfacet
  facet normal 0.442233 -0.8969 0
    outer loop
      vertex 14.5 -2.59808 9.7
      vertex 14.148 -2.77164 1.2
      vertex 14.5 -2.59808 1.2
    endloop
  endfacet
  facet normal -0.751768 0.659428 0
    outer loop
      vertex 10.6199 1.82628 1.2
      vertex 10.8787 2.12132 9.7
      vertex 10.8787 2.12132 1.2
    endloop
  endfacet
  facet normal -0.751768 0.659428 0
    outer loop
      vertex 10.8787 2.12132 9.7
      vertex 10.6199 1.82628 1.2
      vertex 10.6199 1.82628 9.7
    endloop
  endfacet
  facet normal 0.659392 0.751799 -0
    outer loop
      vertex 15.1213 2.12132 1.2
      vertex 14.8263 2.38006 9.7
      vertex 15.1213 2.12132 9.7
    endloop
  endfacet
  facet normal 0.659392 0.751799 0
    outer loop
      vertex 14.8263 2.38006 9.7
      vertex 15.1213 2.12132 1.2
      vertex 14.8263 2.38006 1.2
    endloop
  endfacet
  facet normal -0.896936 -0.44216 0
    outer loop
      vertex 10.4019 -1.5 1.2
      vertex 10.2284 -1.14805 9.7
      vertex 10.2284 -1.14805 1.2
    endloop
  endfacet
  facet normal -0.896936 -0.44216 0
    outer loop
      vertex 10.2284 -1.14805 9.7
      vertex 10.4019 -1.5 1.2
      vertex 10.4019 -1.5 9.7
    endloop
  endfacet
  facet normal 0.831485 -0.555547 0
    outer loop
      vertex 15.3801 -1.82628 9.7
      vertex 15.5981 -1.5 1.2
      vertex 15.5981 -1.5 9.7
    endloop
  endfacet
  facet normal 0.831485 -0.555547 0
    outer loop
      vertex 15.5981 -1.5 1.2
      vertex 15.3801 -1.82628 9.7
      vertex 15.3801 -1.82628 1.2
    endloop
  endfacet
  facet normal 0.896936 0.44216 0
    outer loop
      vertex 15.7716 1.14805 9.7
      vertex 15.5981 1.5 1.2
      vertex 15.5981 1.5 9.7
    endloop
  endfacet
  facet normal 0.896936 0.44216 0
    outer loop
      vertex 15.5981 1.5 1.2
      vertex 15.7716 1.14805 9.7
      vertex 15.7716 1.14805 1.2
    endloop
  endfacet
  facet normal -0.0654112 -0.997858 0
    outer loop
      vertex 12.6084 -2.97433 1.2
      vertex 13 -3 9.7
      vertex 12.6084 -2.97433 9.7
    endloop
  endfacet
  facet normal -0.0654112 -0.997858 -0
    outer loop
      vertex 13 -3 9.7
      vertex 12.6084 -2.97433 1.2
      vertex 13 -3 1.2
    endloop
  endfacet
  facet normal -0.555558 -0.831477 0
    outer loop
      vertex 11.1737 -2.38006 1.2
      vertex 11.5 -2.59808 9.7
      vertex 11.1737 -2.38006 9.7
    endloop
  endfacet
  facet normal -0.555558 -0.831477 -0
    outer loop
      vertex 11.5 -2.59808 9.7
      vertex 11.1737 -2.38006 1.2
      vertex 11.5 -2.59808 1.2
    endloop
  endfacet
  facet normal 0.555558 -0.831477 0
    outer loop
      vertex 14.5 -2.59808 1.2
      vertex 14.8263 -2.38006 9.7
      vertex 14.5 -2.59808 9.7
    endloop
  endfacet
  facet normal 0.555558 -0.831477 0
    outer loop
      vertex 14.8263 -2.38006 9.7
      vertex 14.5 -2.59808 1.2
      vertex 14.8263 -2.38006 1.2
    endloop
  endfacet
  facet normal 0.946883 0.321579 0
    outer loop
      vertex 15.8978 0.776457 9.7
      vertex 15.7716 1.14805 1.2
      vertex 15.7716 1.14805 9.7
    endloop
  endfacet
  facet normal 0.946883 0.321579 0
    outer loop
      vertex 15.7716 1.14805 1.2
      vertex 15.8978 0.776457 9.7
      vertex 15.8978 0.776457 1.2
    endloop
  endfacet
  facet normal -0.980813 0.19495 0
    outer loop
      vertex 10.0257 0.391578 1.2
      vertex 10.1022 0.776457 9.7
      vertex 10.1022 0.776457 1.2
    endloop
  endfacet
  facet normal -0.980813 0.19495 0
    outer loop
      vertex 10.1022 0.776457 9.7
      vertex 10.0257 0.391578 1.2
      vertex 10.0257 0.391578 9.7
    endloop
  endfacet
  facet normal -0.0654112 0.997858 0
    outer loop
      vertex 13 3 1.2
      vertex 12.6084 2.97433 9.7
      vertex 13 3 9.7
    endloop
  endfacet
  facet normal -0.0654112 0.997858 0
    outer loop
      vertex 12.6084 2.97433 9.7
      vertex 13 3 1.2
      vertex 12.6084 2.97433 1.2
    endloop
  endfacet
  facet normal -0.321514 -0.946905 0
    outer loop
      vertex 11.852 -2.77164 1.2
      vertex 12.2235 -2.89778 9.7
      vertex 11.852 -2.77164 9.7
    endloop
  endfacet
  facet normal -0.321514 -0.946905 -0
    outer loop
      vertex 12.2235 -2.89778 9.7
      vertex 11.852 -2.77164 1.2
      vertex 12.2235 -2.89778 1.2
    endloop
  endfacet
  facet normal -0.980813 -0.19495 0
    outer loop
      vertex 10.1022 -0.776457 1.2
      vertex 10.0257 -0.391578 9.7
      vertex 10.0257 -0.391578 1.2
    endloop
  endfacet
  facet normal -0.980813 -0.19495 0
    outer loop
      vertex 10.0257 -0.391578 9.7
      vertex 10.1022 -0.776457 1.2
      vertex 10.1022 -0.776457 9.7
    endloop
  endfacet
  facet normal 0.0654112 0.997858 -0
    outer loop
      vertex 13.3916 2.97433 1.2
      vertex 13 3 9.7
      vertex 13.3916 2.97433 9.7
    endloop
  endfacet
  facet normal 0.0654112 0.997858 0
    outer loop
      vertex 13 3 9.7
      vertex 13.3916 2.97433 1.2
      vertex 13 3 1.2
    endloop
  endfacet
  facet normal -0.195062 -0.980791 0
    outer loop
      vertex 12.2235 -2.89778 1.2
      vertex 12.6084 -2.97433 9.7
      vertex 12.2235 -2.89778 9.7
    endloop
  endfacet
  facet normal -0.195062 -0.980791 -0
    outer loop
      vertex 12.6084 -2.97433 9.7
      vertex 12.2235 -2.89778 1.2
      vertex 12.6084 -2.97433 1.2
    endloop
  endfacet
  facet normal -0.831485 0.555547 0
    outer loop
      vertex 10.4019 1.5 1.2
      vertex 10.6199 1.82628 9.7
      vertex 10.6199 1.82628 1.2
    endloop
  endfacet
  facet normal -0.831485 0.555547 0
    outer loop
      vertex 10.6199 1.82628 9.7
      vertex 10.4019 1.5 1.2
      vertex 10.4019 1.5 9.7
    endloop
  endfacet
  facet normal -0.896908 -0.442217 0
    outer loop
      vertex 22.7091 -1.9 0
      vertex 22.4893 -1.4542 1.2
      vertex 22.4893 -1.4542 0
    endloop
  endfacet
  facet normal -0.896908 -0.442217 0
    outer loop
      vertex 22.4893 -1.4542 1.2
      vertex 22.7091 -1.9 0
      vertex 22.7091 -1.9 1.2
    endloop
  endfacet
  facet normal 0.980775 0.195144 0
    outer loop
      vertex 29.7675 0.495999 1.2
      vertex 29.6705 0.983512 0
      vertex 29.6705 0.983512 1.2
    endloop
  endfacet
  facet normal 0.980775 0.195144 0
    outer loop
      vertex 29.6705 0.983512 0
      vertex 29.7675 0.495999 1.2
      vertex 29.7675 0.495999 0
    endloop
  endfacet
  facet normal 0.99786 0.0653841 0
    outer loop
      vertex 29.8 0 1.2
      vertex 29.7675 0.495999 0
      vertex 29.7675 0.495999 1.2
    endloop
  endfacet
  facet normal 0.99786 0.0653841 0
    outer loop
      vertex 29.7675 0.495999 0
      vertex 29.8 0 1.2
      vertex 29.8 0 0
    endloop
  endfacet
  facet normal 0.946916 0.321481 0
    outer loop
      vertex 29.6705 0.983512 1.2
      vertex 29.5107 1.4542 0
      vertex 29.5107 1.4542 1.2
    endloop
  endfacet
  facet normal 0.946916 0.321481 0
    outer loop
      vertex 29.5107 1.4542 0
      vertex 29.6705 0.983512 1.2
      vertex 29.6705 0.983512 0
    endloop
  endfacet
  facet normal -0.831425 0.555638 0
    outer loop
      vertex 22.7091 1.9 0
      vertex 22.9853 2.31329 1.2
      vertex 22.9853 2.31329 0
    endloop
  endfacet
  facet normal -0.831425 0.555638 0
    outer loop
      vertex 22.9853 2.31329 1.2
      vertex 22.7091 1.9 0
      vertex 22.7091 1.9 1.2
    endloop
  endfacet
  facet normal 0.442282 -0.896876 0
    outer loop
      vertex 27.4542 -3.51074 0
      vertex 27.9 -3.2909 1.2
      vertex 27.4542 -3.51074 1.2
    endloop
  endfacet
  facet normal 0.442282 -0.896876 0
    outer loop
      vertex 27.9 -3.2909 1.2
      vertex 27.4542 -3.51074 0
      vertex 27.9 -3.2909 0
    endloop
  endfacet
  facet normal 0.99786 -0.0653841 0
    outer loop
      vertex 29.7675 -0.495999 1.2
      vertex 29.8 0 0
      vertex 29.8 0 1.2
    endloop
  endfacet
  facet normal 0.99786 -0.0653841 0
    outer loop
      vertex 29.8 0 0
      vertex 29.7675 -0.495999 1.2
      vertex 29.7675 -0.495999 0
    endloop
  endfacet
  facet normal 0.321437 -0.946931 0
    outer loop
      vertex 26.9835 -3.67052 0
      vertex 27.4542 -3.51074 1.2
      vertex 26.9835 -3.67052 1.2
    endloop
  endfacet
  facet normal 0.321437 -0.946931 0
    outer loop
      vertex 27.4542 -3.51074 1.2
      vertex 26.9835 -3.67052 0
      vertex 27.4542 -3.51074 0
    endloop
  endfacet
  facet normal 0.896908 0.442217 0
    outer loop
      vertex 29.5107 1.4542 1.2
      vertex 29.2909 1.9 0
      vertex 29.2909 1.9 1.2
    endloop
  endfacet
  facet normal 0.896908 0.442217 0
    outer loop
      vertex 29.2909 1.9 0
      vertex 29.5107 1.4542 1.2
      vertex 29.5107 1.4542 0
    endloop
  endfacet
  facet normal -0.195091 0.980785 0
    outer loop
      vertex 25.504 3.76749 0
      vertex 25.0165 3.67052 1.2
      vertex 25.504 3.76749 1.2
    endloop
  endfacet
  facet normal -0.195091 0.980785 0
    outer loop
      vertex 25.0165 3.67052 1.2
      vertex 25.504 3.76749 0
      vertex 25.0165 3.67052 0
    endloop
  endfacet
  facet normal -0.980775 0.195144 0
    outer loop
      vertex 22.2325 0.495999 0
      vertex 22.3295 0.983512 1.2
      vertex 22.3295 0.983512 0
    endloop
  endfacet
  facet normal -0.980775 0.195144 0
    outer loop
      vertex 22.3295 0.983512 1.2
      vertex 22.2325 0.495999 0
      vertex 22.2325 0.495999 1.2
    endloop
  endfacet
  facet normal 0.442282 0.896876 -0
    outer loop
      vertex 27.9 3.2909 0
      vertex 27.4542 3.51074 1.2
      vertex 27.9 3.2909 1.2
    endloop
  endfacet
  facet normal 0.442282 0.896876 0
    outer loop
      vertex 27.4542 3.51074 1.2
      vertex 27.9 3.2909 0
      vertex 27.4542 3.51074 0
    endloop
  endfacet
  facet normal 0 0 1
    outer loop
      vertex 29 0 1.2
      vertex 29.8 0 1.2
      vertex 29.7675 0.495999 1.2
    endloop
  endfacet
  facet normal 0 0 1
    outer loop
      vertex 28.9743 0.391578 1.2
      vertex 29.7675 0.495999 1.2
      vertex 29.6705 0.983512 1.2
    endloop
  endfacet
  facet normal 0 0 1
    outer loop
      vertex 29.8 0 1.2
      vertex 29 0 1.2
      vertex 29.7675 -0.495999 1.2
    endloop
  endfacet
  facet normal 0 0 1
    outer loop
      vertex 28.8978 0.776457 1.2
      vertex 29.6705 0.983512 1.2
      vertex 29.5107 1.4542 1.2
    endloop
  endfacet
  facet normal -0 0 1
    outer loop
      vertex 28.9743 -0.391578 1.2
      vertex 29.7675 -0.495999 1.2
      vertex 29 0 1.2
    endloop
  endfacet
  facet normal 0 0 1
    outer loop
      vertex 28.7716 1.14805 1.2
      vertex 29.5107 1.4542 1.2
      vertex 29.2909 1.9 1.2
    endloop
  endfacet
  facet normal 0 0 1
    outer loop
      vertex 29.7675 -0.495999 1.2
      vertex 28.9743 -0.391578 1.2
      vertex 29.6705 -0.983512 1.2
    endloop
  endfacet
  facet normal 0 0 1
    outer loop
      vertex 28.5981 1.5 1.2
      vertex 29.2909 1.9 1.2
      vertex 29.0147 2.31329 1.2
    endloop
  endfacet
  facet normal -0 0 1
    outer loop
      vertex 28.8978 -0.776457 1.2
      vertex 29.6705 -0.983512 1.2
      vertex 28.9743 -0.391578 1.2
    endloop
  endfacet
  facet normal 0 0 1
    outer loop
      vertex 29.6705 -0.983512 1.2
      vertex 28.8978 -0.776457 1.2
      vertex 29.5107 -1.4542 1.2
    endloop
  endfacet
  facet normal 0 0 1
    outer loop
      vertex 29.7675 0.495999 1.2
      vertex 28.9743 0.391578 1.2
      vertex 29 0 1.2
    endloop
  endfacet
  facet normal 0 0 1
    outer loop
      vertex 29.6705 0.983512 1.2
      vertex 28.8978 0.776457 1.2
      vertex 28.9743 0.391578 1.2
    endloop
  endfacet
  facet normal 0 0 1
    outer loop
      vertex 29.5107 1.4542 1.2
      vertex 28.7716 1.14805 1.2
      vertex 28.8978 0.776457 1.2
    endloop
  endfacet
  facet normal 0 0 1
    outer loop
      vertex 28.3801 1.82628 1.2
      vertex 29.0147 2.31329 1.2
      vertex 28.687 2.68701 1.2
    endloop
  endfacet
  facet normal 0 0 1
    outer loop
      vertex 29.2909 1.9 1.2
      vertex 28.5981 1.5 1.2
      vertex 28.7716 1.14805 1.2
    endloop
  endfacet
  facet normal 0 0 1
    outer loop
      vertex 29.0147 2.31329 1.2
      vertex 28.3801 1.82628 1.2
      vertex 28.5981 1.5 1.2
    endloop
  endfacet
  facet normal 0 0 1
    outer loop
      vertex 28.1213 2.12132 1.2
      vertex 28.687 2.68701 1.2
      vertex 28.3133 3.01474 1.2
    endloop
  endfacet
  facet normal 0 0 1
    outer loop
      vertex 28.687 2.68701 1.2
      vertex 28.1213 2.12132 1.2
      vertex 28.3801 1.82628 1.2
    endloop
  endfacet
  facet normal 0 0 1
    outer loop
      vertex 27.8263 2.38006 1.2
      vertex 28.3133 3.01474 1.2
      vertex 27.9 3.2909 1.2
    endloop
  endfacet
  facet normal 0 0 1
    outer loop
      vertex 28.3133 3.01474 1.2
      vertex 27.8263 2.38006 1.2
      vertex 28.1213 2.12132 1.2
    endloop
  endfacet
  facet normal 0 0 1
    outer loop
      vertex 27.9 3.2909 1.2
      vertex 27.5 2.59808 1.2
      vertex 27.8263 2.38006 1.2
    endloop
  endfacet
  facet normal 0 0 1
    outer loop
      vertex 27.4542 3.51074 1.2
      vertex 27.5 2.59808 1.2
      vertex 27.9 3.2909 1.2
    endloop
  endfacet
  facet normal 0 0 1
    outer loop
      vertex 27.4542 3.51074 1.2
      vertex 27.148 2.77164 1.2
      vertex 27.5 2.59808 1.2
    endloop
  endfacet
  facet normal 0 0 1
    outer loop
      vertex 26.9835 3.67052 1.2
      vertex 27.148 2.77164 1.2
      vertex 27.4542 3.51074 1.2
    endloop
  endfacet
  facet normal 0 0 1
    outer loop
      vertex 26.9835 3.67052 1.2
      vertex 26.7765 2.89778 1.2
      vertex 27.148 2.77164 1.2
    endloop
  endfacet
  facet normal 0 0 1
    outer loop
      vertex 26.496 3.76749 1.2
      vertex 26.7765 2.89778 1.2
      vertex 26.9835 3.67052 1.2
    endloop
  endfacet
  facet normal 0 0 1
    outer loop
      vertex 26.496 3.76749 1.2
      vertex 26.3916 2.97433 1.2
      vertex 26.7765 2.89778 1.2
    endloop
  endfacet
  facet normal 0 0 1
    outer loop
      vertex 26 3.8 1.2
      vertex 26.3916 2.97433 1.2
      vertex 26.496 3.76749 1.2
    endloop
  endfacet
  facet normal 0 0 1
    outer loop
      vertex 26 3.8 1.2
      vertex 26 3 1.2
      vertex 26.3916 2.97433 1.2
    endloop
  endfacet
  facet normal 0 0 1
    outer loop
      vertex 26 3.8 1.2
      vertex 25.6084 2.97433 1.2
      vertex 26 3 1.2
    endloop
  endfacet
  facet normal -0 0 1
    outer loop
      vertex 25.504 3.76749 1.2
      vertex 25.6084 2.97433 1.2
      vertex 26 3.8 1.2
    endloop
  endfacet
  facet normal 0 0 1
    outer loop
      vertex 25.504 3.76749 1.2
      vertex 25.2235 2.89778 1.2
      vertex 25.6084 2.97433 1.2
    endloop
  endfacet
  facet normal -0 0 1
    outer loop
      vertex 25.0165 3.67052 1.2
      vertex 25.2235 2.89778 1.2
      vertex 25.504 3.76749 1.2
    endloop
  endfacet
  facet normal 0 0 1
    outer loop
      vertex 25.0165 3.67052 1.2
      vertex 24.852 2.77164 1.2
      vertex 25.2235 2.89778 1.2
    endloop
  endfacet
  facet normal -0 0 1
    outer loop
      vertex 24.5458 3.51074 1.2
      vertex 24.852 2.77164 1.2
      vertex 25.0165 3.67052 1.2
    endloop
  endfacet
  facet normal 0 0 1
    outer loop
      vertex 24.5458 3.51074 1.2
      vertex 24.5 2.59808 1.2
      vertex 24.852 2.77164 1.2
    endloop
  endfacet
  facet normal -0 0 1
    outer loop
      vertex 24.1 3.2909 1.2
      vertex 24.5 2.59808 1.2
      vertex 24.5458 3.51074 1.2
    endloop
  endfacet
  facet normal 0 0 1
    outer loop
      vertex 24.5 2.59808 1.2
      vertex 24.1 3.2909 1.2
      vertex 24.1737 2.38006 1.2
    endloop
  endfacet
  facet normal -0 0 1
    outer loop
      vertex 23.6867 3.01474 1.2
      vertex 24.1737 2.38006 1.2
      vertex 24.1 3.2909 1.2
    endloop
  endfacet
  facet normal 0 0 1
    outer loop
      vertex 24.1737 2.38006 1.2
      vertex 23.6867 3.01474 1.2
      vertex 23.8787 2.12132 1.2
    endloop
  endfacet
  facet normal -0 0 1
    outer loop
      vertex 23.313 2.68701 1.2
      vertex 23.8787 2.12132 1.2
      vertex 23.6867 3.01474 1.2
    endloop
  endfacet
  facet normal 0 0 1
    outer loop
      vertex 23.8787 2.12132 1.2
      vertex 23.313 2.68701 1.2
      vertex 23.6199 1.82628 1.2
    endloop
  endfacet
  facet normal -0 0 1
    outer loop
      vertex 22.9853 2.31329 1.2
      vertex 23.6199 1.82628 1.2
      vertex 23.313 2.68701 1.2
    endloop
  endfacet
  facet normal 0 0 1
    outer loop
      vertex 23.6199 1.82628 1.2
      vertex 22.9853 2.31329 1.2
      vertex 23.4019 1.5 1.2
    endloop
  endfacet
  facet normal -0 0 1
    outer loop
      vertex 22.7091 1.9 1.2
      vertex 23.4019 1.5 1.2
      vertex 22.9853 2.31329 1.2
    endloop
  endfacet
  facet normal 0 0 1
    outer loop
      vertex 23.4019 1.5 1.2
      vertex 22.7091 1.9 1.2
      vertex 23.2284 1.14805 1.2
    endloop
  endfacet
  facet normal 0 0 1
    outer loop
      vertex 23.2284 1.14805 1.2
      vertex 22.4893 1.4542 1.2
      vertex 23.1022 0.776457 1.2
    endloop
  endfacet
  facet normal -0 0 1
    outer loop
      vertex 22.4893 1.4542 1.2
      vertex 23.2284 1.14805 1.2
      vertex 22.7091 1.9 1.2
    endloop
  endfacet
  facet normal -0 0 1
    outer loop
      vertex 28.7716 -1.14805 1.2
      vertex 29.5107 -1.4542 1.2
      vertex 28.8978 -0.776457 1.2
    endloop
  endfacet
  facet normal 0 0 1
    outer loop
      vertex 29.5107 -1.4542 1.2
      vertex 28.7716 -1.14805 1.2
      vertex 29.2909 -1.9 1.2
    endloop
  endfacet
  facet normal -0 0 1
    outer loop
      vertex 28.5981 -1.5 1.2
      vertex 29.2909 -1.9 1.2
      vertex 28.7716 -1.14805 1.2
    endloop
  endfacet
  facet normal 0 0 1
    outer loop
      vertex 29.2909 -1.9 1.2
      vertex 28.5981 -1.5 1.2
      vertex 29.0147 -2.31329 1.2
    endloop
  endfacet
  facet normal -0 0 1
    outer loop
      vertex 28.3801 -1.82628 1.2
      vertex 29.0147 -2.31329 1.2
      vertex 28.5981 -1.5 1.2
    endloop
  endfacet
  facet normal 0 0 1
    outer loop
      vertex 29.0147 -2.31329 1.2
      vertex 28.3801 -1.82628 1.2
      vertex 28.687 -2.68701 1.2
    endloop
  endfacet
  facet normal -0 0 1
    outer loop
      vertex 28.1213 -2.12132 1.2
      vertex 28.687 -2.68701 1.2
      vertex 28.3801 -1.82628 1.2
    endloop
  endfacet
  facet normal 0 0 1
    outer loop
      vertex 28.687 -2.68701 1.2
      vertex 28.1213 -2.12132 1.2
      vertex 28.3133 -3.01474 1.2
    endloop
  endfacet
  facet normal -0 0 1
    outer loop
      vertex 27.8263 -2.38006 1.2
      vertex 28.3133 -3.01474 1.2
      vertex 28.1213 -2.12132 1.2
    endloop
  endfacet
  facet normal 0 0 1
    outer loop
      vertex 28.3133 -3.01474 1.2
      vertex 27.8263 -2.38006 1.2
      vertex 27.9 -3.2909 1.2
    endloop
  endfacet
  facet normal -0 0 1
    outer loop
      vertex 27.5 -2.59808 1.2
      vertex 27.9 -3.2909 1.2
      vertex 27.8263 -2.38006 1.2
    endloop
  endfacet
  facet normal 0 0 1
    outer loop
      vertex 27.5 -2.59808 1.2
      vertex 27.4542 -3.51074 1.2
      vertex 27.9 -3.2909 1.2
    endloop
  endfacet
  facet normal -0 0 1
    outer loop
      vertex 27.148 -2.77164 1.2
      vertex 27.4542 -3.51074 1.2
      vertex 27.5 -2.59808 1.2
    endloop
  endfacet
  facet normal 0 0 1
    outer loop
      vertex 27.148 -2.77164 1.2
      vertex 26.9835 -3.67052 1.2
      vertex 27.4542 -3.51074 1.2
    endloop
  endfacet
  facet normal -0 0 1
    outer loop
      vertex 26.7765 -2.89778 1.2
      vertex 26.9835 -3.67052 1.2
      vertex 27.148 -2.77164 1.2
    endloop
  endfacet
  facet normal 0 0 1
    outer loop
      vertex 26.7765 -2.89778 1.2
      vertex 26.496 -3.76749 1.2
      vertex 26.9835 -3.67052 1.2
    endloop
  endfacet
  facet normal -0 0 1
    outer loop
      vertex 26.3916 -2.97433 1.2
      vertex 26.496 -3.76749 1.2
      vertex 26.7765 -2.89778 1.2
    endloop
  endfacet
  facet normal -0 0 1
    outer loop
      vertex 26 -3 1.2
      vertex 26.496 -3.76749 1.2
      vertex 26.3916 -2.97433 1.2
    endloop
  endfacet
  facet normal 0 0 1
    outer loop
      vertex 26 -3 1.2
      vertex 26 -3.8 1.2
      vertex 26.496 -3.76749 1.2
    endloop
  endfacet
  facet normal 0 0 1
    outer loop
      vertex 25.6084 -2.97433 1.2
      vertex 26 -3.8 1.2
      vertex 26 -3 1.2
    endloop
  endfacet
  facet normal 0 0 1
    outer loop
      vertex 25.6084 -2.97433 1.2
      vertex 25.504 -3.76749 1.2
      vertex 26 -3.8 1.2
    endloop
  endfacet
  facet normal 0 0 1
    outer loop
      vertex 25.2235 -2.89778 1.2
      vertex 25.504 -3.76749 1.2
      vertex 25.6084 -2.97433 1.2
    endloop
  endfacet
  facet normal 0 0 1
    outer loop
      vertex 25.2235 -2.89778 1.2
      vertex 25.0165 -3.67052 1.2
      vertex 25.504 -3.76749 1.2
    endloop
  endfacet
  facet normal 0 0 1
    outer loop
      vertex 24.852 -2.77164 1.2
      vertex 25.0165 -3.67052 1.2
      vertex 25.2235 -2.89778 1.2
    endloop
  endfacet
  facet normal 0 0 1
    outer loop
      vertex 24.852 -2.77164 1.2
      vertex 24.5458 -3.51074 1.2
      vertex 25.0165 -3.67052 1.2
    endloop
  endfacet
  facet normal 0 0 1
    outer loop
      vertex 24.5 -2.59808 1.2
      vertex 24.5458 -3.51074 1.2
      vertex 24.852 -2.77164 1.2
    endloop
  endfacet
  facet normal 0 0 1
    outer loop
      vertex 24.1 -3.2909 1.2
      vertex 24.5 -2.59808 1.2
      vertex 24.1737 -2.38006 1.2
    endloop
  endfacet
  facet normal 0 0 1
    outer loop
      vertex 24.5 -2.59808 1.2
      vertex 24.1 -3.2909 1.2
      vertex 24.5458 -3.51074 1.2
    endloop
  endfacet
  facet normal 0 0 1
    outer loop
      vertex 23.6867 -3.01474 1.2
      vertex 24.1737 -2.38006 1.2
      vertex 23.8787 -2.12132 1.2
    endloop
  endfacet
  facet normal 0 0 1
    outer loop
      vertex 24.1737 -2.38006 1.2
      vertex 23.6867 -3.01474 1.2
      vertex 24.1 -3.2909 1.2
    endloop
  endfacet
  facet normal 0 0 1
    outer loop
      vertex 23.313 -2.68701 1.2
      vertex 23.8787 -2.12132 1.2
      vertex 23.6199 -1.82628 1.2
    endloop
  endfacet
  facet normal 0 0 1
    outer loop
      vertex 22.9853 -2.31329 1.2
      vertex 23.6199 -1.82628 1.2
      vertex 23.4019 -1.5 1.2
    endloop
  endfacet
  facet normal 0 0 1
    outer loop
      vertex 23.8787 -2.12132 1.2
      vertex 23.313 -2.68701 1.2
      vertex 23.6867 -3.01474 1.2
    endloop
  endfacet
  facet normal 0 0 1
    outer loop
      vertex 22.7091 -1.9 1.2
      vertex 23.4019 -1.5 1.2
      vertex 23.2284 -1.14805 1.2
    endloop
  endfacet
  facet normal 0 0 1
    outer loop
      vertex 22.4893 -1.4542 1.2
      vertex 23.2284 -1.14805 1.2
      vertex 23.1022 -0.776457 1.2
    endloop
  endfacet
  facet normal 0 0 1
    outer loop
      vertex 22.3295 -0.983512 1.2
      vertex 23.1022 -0.776457 1.2
      vertex 23.0257 -0.391578 1.2
    endloop
  endfacet
  facet normal 0 0 1
    outer loop
      vertex 23.6199 -1.82628 1.2
      vertex 22.9853 -2.31329 1.2
      vertex 23.313 -2.68701 1.2
    endloop
  endfacet
  facet normal 0 0 1
    outer loop
      vertex 22.2325 -0.495999 1.2
      vertex 23.0257 -0.391578 1.2
      vertex 23 0 1.2
    endloop
  endfacet
  facet normal -0 0 1
    outer loop
      vertex 22.3295 0.983512 1.2
      vertex 23.1022 0.776457 1.2
      vertex 22.4893 1.4542 1.2
    endloop
  endfacet
  facet normal 0 0 1
    outer loop
      vertex 23.1022 0.776457 1.2
      vertex 22.3295 0.983512 1.2
      vertex 23.0257 0.391578 1.2
    endloop
  endfacet
  facet normal 0 0 1
    outer loop
      vertex 23.4019 -1.5 1.2
      vertex 22.7091 -1.9 1.2
      vertex 22.9853 -2.31329 1.2
    endloop
  endfacet
  facet normal -0 0 1
    outer loop
      vertex 22.2325 0.495999 1.2
      vertex 23.0257 0.391578 1.2
      vertex 22.3295 0.983512 1.2
    endloop
  endfacet
  facet normal 0 0 1
    outer loop
      vertex 23.2284 -1.14805 1.2
      vertex 22.4893 -1.4542 1.2
      vertex 22.7091 -1.9 1.2
    endloop
  endfacet
  facet normal 0 0 1
    outer loop
      vertex 23.0257 0.391578 1.2
      vertex 22.2325 0.495999 1.2
      vertex 23 0 1.2
    endloop
  endfacet
  facet normal 0 0 1
    outer loop
      vertex 23.1022 -0.776457 1.2
      vertex 22.3295 -0.983512 1.2
      vertex 22.4893 -1.4542 1.2
    endloop
  endfacet
  facet normal 0 0 1
    outer loop
      vertex 22.2 0 1.2
      vertex 23 0 1.2
      vertex 22.2325 0.495999 1.2
    endloop
  endfacet
  facet normal 0 0 1
    outer loop
      vertex 23.0257 -0.391578 1.2
      vertex 22.2325 -0.495999 1.2
      vertex 22.3295 -0.983512 1.2
    endloop
  endfacet
  facet normal 0 0 1
    outer loop
      vertex 23 0 1.2
      vertex 22.2 0 1.2
      vertex 22.2325 -0.495999 1.2
    endloop
  endfacet
  facet normal -0.65935 -0.751836 0
    outer loop
      vertex 23.313 -2.68701 0
      vertex 23.6867 -3.01474 1.2
      vertex 23.313 -2.68701 1.2
    endloop
  endfacet
  facet normal -0.65935 -0.751836 -0
    outer loop
      vertex 23.6867 -3.01474 1.2
      vertex 23.313 -2.68701 0
      vertex 23.6867 -3.01474 0
    endloop
  endfacet
  facet normal 0 0 -1
    outer loop
      vertex 29.7675 -0.495999 0
      vertex 29.7675 0.495999 0
      vertex 29.8 0 0
    endloop
  endfacet
  facet normal 0 0 -1
    outer loop
      vertex 29.6705 -0.983512 0
      vertex 29.7675 0.495999 0
      vertex 29.7675 -0.495999 0
    endloop
  endfacet
  facet normal 0 0 -1
    outer loop
      vertex 29.6705 -0.983512 0
      vertex 29.6705 0.983512 0
      vertex 29.7675 0.495999 0
    endloop
  endfacet
  facet normal 0 0 -1
    outer loop
      vertex 29.5107 -1.4542 0
      vertex 29.6705 0.983512 0
      vertex 29.6705 -0.983512 0
    endloop
  endfacet
  facet normal 0 0 -1
    outer loop
      vertex 29.5107 -1.4542 0
      vertex 29.5107 1.4542 0
      vertex 29.6705 0.983512 0
    endloop
  endfacet
  facet normal 0 0 -1
    outer loop
      vertex 29.2909 -1.9 0
      vertex 29.5107 1.4542 0
      vertex 29.5107 -1.4542 0
    endloop
  endfacet
  facet normal 0 0 -1
    outer loop
      vertex 29.2909 -1.9 0
      vertex 29.2909 1.9 0
      vertex 29.5107 1.4542 0
    endloop
  endfacet
  facet normal 0 0 -1
    outer loop
      vertex 29.0147 -2.31329 0
      vertex 29.2909 1.9 0
      vertex 29.2909 -1.9 0
    endloop
  endfacet
  facet normal 0 0 -1
    outer loop
      vertex 29.0147 -2.31329 0
      vertex 29.0147 2.31329 0
      vertex 29.2909 1.9 0
    endloop
  endfacet
  facet normal 0 0 -1
    outer loop
      vertex 28.687 -2.68701 0
      vertex 29.0147 2.31329 0
      vertex 29.0147 -2.31329 0
    endloop
  endfacet
  facet normal 0 0 -1
    outer loop
      vertex 28.687 -2.68701 0
      vertex 28.687 2.68701 0
      vertex 29.0147 2.31329 0
    endloop
  endfacet
  facet normal 0 0 -1
    outer loop
      vertex 28.3133 -3.01474 0
      vertex 28.687 2.68701 0
      vertex 28.687 -2.68701 0
    endloop
  endfacet
  facet normal 0 0 -1
    outer loop
      vertex 28.3133 -3.01474 0
      vertex 28.3133 3.01474 0
      vertex 28.687 2.68701 0
    endloop
  endfacet
  facet normal 0 0 -1
    outer loop
      vertex 27.9 -3.2909 0
      vertex 28.3133 3.01474 0
      vertex 28.3133 -3.01474 0
    endloop
  endfacet
  facet normal 0 0 -1
    outer loop
      vertex 27.9 -3.2909 0
      vertex 27.9 3.2909 0
      vertex 28.3133 3.01474 0
    endloop
  endfacet
  facet normal 0 0 -1
    outer loop
      vertex 27.4542 -3.51074 0
      vertex 27.9 3.2909 0
      vertex 27.9 -3.2909 0
    endloop
  endfacet
  facet normal 0 0 -1
    outer loop
      vertex 27.4542 -3.51074 0
      vertex 27.4542 3.51074 0
      vertex 27.9 3.2909 0
    endloop
  endfacet
  facet normal 0 0 -1
    outer loop
      vertex 26.9835 -3.67052 0
      vertex 27.4542 3.51074 0
      vertex 27.4542 -3.51074 0
    endloop
  endfacet
  facet normal 0 0 -1
    outer loop
      vertex 26.9835 -3.67052 0
      vertex 26.9835 3.67052 0
      vertex 27.4542 3.51074 0
    endloop
  endfacet
  facet normal 0 0 -1
    outer loop
      vertex 26.496 -3.76749 0
      vertex 26.9835 3.67052 0
      vertex 26.9835 -3.67052 0
    endloop
  endfacet
  facet normal 0 0 -1
    outer loop
      vertex 26.496 -3.76749 0
      vertex 26.496 3.76749 0
      vertex 26.9835 3.67052 0
    endloop
  endfacet
  facet normal 0 0 -1
    outer loop
      vertex 26 -3.8 0
      vertex 26.496 3.76749 0
      vertex 26.496 -3.76749 0
    endloop
  endfacet
  facet normal 0 0 -1
    outer loop
      vertex 26 -3.8 0
      vertex 26 3.8 0
      vertex 26.496 3.76749 0
    endloop
  endfacet
  facet normal 0 0 -1
    outer loop
      vertex 25.504 -3.76749 0
      vertex 26 3.8 0
      vertex 26 -3.8 0
    endloop
  endfacet
  facet normal 0 0 -1
    outer loop
      vertex 25.504 -3.76749 0
      vertex 25.504 3.76749 0
      vertex 26 3.8 0
    endloop
  endfacet
  facet normal 0 0 -1
    outer loop
      vertex 25.0165 -3.67052 0
      vertex 25.504 3.76749 0
      vertex 25.504 -3.76749 0
    endloop
  endfacet
  facet normal 0 0 -1
    outer loop
      vertex 25.0165 -3.67052 0
      vertex 25.0165 3.67052 0
      vertex 25.504 3.76749 0
    endloop
  endfacet
  facet normal 0 0 -1
    outer loop
      vertex 24.5458 -3.51074 0
      vertex 25.0165 3.67052 0
      vertex 25.0165 -3.67052 0
    endloop
  endfacet
  facet normal 0 0 -1
    outer loop
      vertex 24.5458 -3.51074 0
      vertex 24.5458 3.51074 0
      vertex 25.0165 3.67052 0
    endloop
  endfacet
  facet normal 0 0 -1
    outer loop
      vertex 24.1 -3.2909 0
      vertex 24.5458 3.51074 0
      vertex 24.5458 -3.51074 0
    endloop
  endfacet
  facet normal 0 0 -1
    outer loop
      vertex 24.1 -3.2909 0
      vertex 24.1 3.2909 0
      vertex 24.5458 3.51074 0
    endloop
  endfacet
  facet normal 0 0 -1
    outer loop
      vertex 23.6867 -3.01474 0
      vertex 24.1 3.2909 0
      vertex 24.1 -3.2909 0
    endloop
  endfacet
  facet normal 0 0 -1
    outer loop
      vertex 23.6867 -3.01474 0
      vertex 23.6867 3.01474 0
      vertex 24.1 3.2909 0
    endloop
  endfacet
  facet normal 0 0 -1
    outer loop
      vertex 23.313 -2.68701 0
      vertex 23.6867 3.01474 0
      vertex 23.6867 -3.01474 0
    endloop
  endfacet
  facet normal 0 0 -1
    outer loop
      vertex 23.313 -2.68701 0
      vertex 23.313 2.68701 0
      vertex 23.6867 3.01474 0
    endloop
  endfacet
  facet normal 0 0 -1
    outer loop
      vertex 22.9853 -2.31329 0
      vertex 23.313 2.68701 0
      vertex 23.313 -2.68701 0
    endloop
  endfacet
  facet normal 0 0 -1
    outer loop
      vertex 22.9853 -2.31329 0
      vertex 22.9853 2.31329 0
      vertex 23.313 2.68701 0
    endloop
  endfacet
  facet normal 0 0 -1
    outer loop
      vertex 22.7091 -1.9 0
      vertex 22.9853 2.31329 0
      vertex 22.9853 -2.31329 0
    endloop
  endfacet
  facet normal 0 0 -1
    outer loop
      vertex 22.7091 -1.9 0
      vertex 22.7091 1.9 0
      vertex 22.9853 2.31329 0
    endloop
  endfacet
  facet normal 0 0 -1
    outer loop
      vertex 22.4893 -1.4542 0
      vertex 22.7091 1.9 0
      vertex 22.7091 -1.9 0
    endloop
  endfacet
  facet normal 0 0 -1
    outer loop
      vertex 22.4893 -1.4542 0
      vertex 22.4893 1.4542 0
      vertex 22.7091 1.9 0
    endloop
  endfacet
  facet normal 0 0 -1
    outer loop
      vertex 22.3295 -0.983512 0
      vertex 22.4893 1.4542 0
      vertex 22.4893 -1.4542 0
    endloop
  endfacet
  facet normal 0 0 -1
    outer loop
      vertex 22.3295 -0.983512 0
      vertex 22.3295 0.983512 0
      vertex 22.4893 1.4542 0
    endloop
  endfacet
  facet normal 0 0 -1
    outer loop
      vertex 22.2325 -0.495999 0
      vertex 22.3295 0.983512 0
      vertex 22.3295 -0.983512 0
    endloop
  endfacet
  facet normal 0 0 -1
    outer loop
      vertex 22.2325 -0.495999 0
      vertex 22.2325 0.495999 0
      vertex 22.3295 0.983512 0
    endloop
  endfacet
  facet normal 0 -0 -1
    outer loop
      vertex 22.2325 0.495999 0
      vertex 22.2325 -0.495999 0
      vertex 22.2 0 0
    endloop
  endfacet
  facet normal 0.555573 -0.831468 0
    outer loop
      vertex 27.9 -3.2909 0
      vertex 28.3133 -3.01474 1.2
      vertex 27.9 -3.2909 1.2
    endloop
  endfacet
  facet normal 0.555573 -0.831468 0
    outer loop
      vertex 28.3133 -3.01474 1.2
      vertex 27.9 -3.2909 0
      vertex 28.3133 -3.01474 0
    endloop
  endfacet
  facet normal 0.321437 0.946931 -0
    outer loop
      vertex 27.4542 3.51074 0
      vertex 26.9835 3.67052 1.2
      vertex 27.4542 3.51074 1.2
    endloop
  endfacet
  facet normal 0.321437 0.946931 0
    outer loop
      vertex 26.9835 3.67052 1.2
      vertex 27.4542 3.51074 0
      vertex 26.9835 3.67052 0
    endloop
  endfacet
  facet normal -0.321437 0.946931 0
    outer loop
      vertex 25.0165 3.67052 0
      vertex 24.5458 3.51074 1.2
      vertex 25.0165 3.67052 1.2
    endloop
  endfacet
  facet normal -0.321437 0.946931 0
    outer loop
      vertex 24.5458 3.51074 1.2
      vertex 25.0165 3.67052 0
      vertex 24.5458 3.51074 0
    endloop
  endfacet
  facet normal 0.831425 0.555638 0
    outer loop
      vertex 29.2909 1.9 1.2
      vertex 29.0147 2.31329 0
      vertex 29.0147 2.31329 1.2
    endloop
  endfacet
  facet normal 0.831425 0.555638 0
    outer loop
      vertex 29.0147 2.31329 0
      vertex 29.2909 1.9 1.2
      vertex 29.2909 1.9 0
    endloop
  endfacet
  facet normal 0.195091 -0.980785 0
    outer loop
      vertex 26.496 -3.76749 0
      vertex 26.9835 -3.67052 1.2
      vertex 26.496 -3.76749 1.2
    endloop
  endfacet
  facet normal 0.195091 -0.980785 0
    outer loop
      vertex 26.9835 -3.67052 1.2
      vertex 26.496 -3.76749 0
      vertex 26.9835 -3.67052 0
    endloop
  endfacet
  facet normal 0.555573 0.831468 -0
    outer loop
      vertex 28.3133 3.01474 0
      vertex 27.9 3.2909 1.2
      vertex 28.3133 3.01474 1.2
    endloop
  endfacet
  facet normal 0.555573 0.831468 0
    outer loop
      vertex 27.9 3.2909 1.2
      vertex 28.3133 3.01474 0
      vertex 27.9 3.2909 0
    endloop
  endfacet
  facet normal -0.065404 0.997859 0
    outer loop
      vertex 26 3.8 0
      vertex 25.504 3.76749 1.2
      vertex 26 3.8 1.2
    endloop
  endfacet
  facet normal -0.065404 0.997859 0
    outer loop
      vertex 25.504 3.76749 1.2
      vertex 26 3.8 0
      vertex 25.504 3.76749 0
    endloop
  endfacet
  facet normal -0.555573 -0.831468 0
    outer loop
      vertex 23.6867 -3.01474 0
      vertex 24.1 -3.2909 1.2
      vertex 23.6867 -3.01474 1.2
    endloop
  endfacet
  facet normal -0.555573 -0.831468 -0
    outer loop
      vertex 24.1 -3.2909 1.2
      vertex 23.6867 -3.01474 0
      vertex 24.1 -3.2909 0
    endloop
  endfacet
  facet normal 0.65935 0.751836 -0
    outer loop
      vertex 28.687 2.68701 0
      vertex 28.3133 3.01474 1.2
      vertex 28.687 2.68701 1.2
    endloop
  endfacet
  facet normal 0.65935 0.751836 0
    outer loop
      vertex 28.3133 3.01474 1.2
      vertex 28.687 2.68701 0
      vertex 28.3133 3.01474 0
    endloop
  endfacet
  facet normal -0.555573 0.831468 0
    outer loop
      vertex 24.1 3.2909 0
      vertex 23.6867 3.01474 1.2
      vertex 24.1 3.2909 1.2
    endloop
  endfacet
  facet normal -0.555573 0.831468 0
    outer loop
      vertex 23.6867 3.01474 1.2
      vertex 24.1 3.2909 0
      vertex 23.6867 3.01474 0
    endloop
  endfacet
  facet normal -0.442282 0.896876 0
    outer loop
      vertex 24.5458 3.51074 0
      vertex 24.1 3.2909 1.2
      vertex 24.5458 3.51074 1.2
    endloop
  endfacet
  facet normal -0.442282 0.896876 0
    outer loop
      vertex 24.1 3.2909 1.2
      vertex 24.5458 3.51074 0
      vertex 24.1 3.2909 0
    endloop
  endfacet
  facet normal 0.65935 -0.751836 0
    outer loop
      vertex 28.3133 -3.01474 0
      vertex 28.687 -2.68701 1.2
      vertex 28.3133 -3.01474 1.2
    endloop
  endfacet
  facet normal 0.65935 -0.751836 0
    outer loop
      vertex 28.687 -2.68701 1.2
      vertex 28.3133 -3.01474 0
      vertex 28.687 -2.68701 0
    endloop
  endfacet
  facet normal 0.751883 0.659296 0
    outer loop
      vertex 29.0147 2.31329 1.2
      vertex 28.687 2.68701 0
      vertex 28.687 2.68701 1.2
    endloop
  endfacet
  facet normal 0.751883 0.659296 0
    outer loop
      vertex 28.687 2.68701 0
      vertex 29.0147 2.31329 1.2
      vertex 29.0147 2.31329 0
    endloop
  endfacet
  facet normal -0.946916 0.321481 0
    outer loop
      vertex 22.3295 0.983512 0
      vertex 22.4893 1.4542 1.2
      vertex 22.4893 1.4542 0
    endloop
  endfacet
  facet normal -0.946916 0.321481 0
    outer loop
      vertex 22.4893 1.4542 1.2
      vertex 22.3295 0.983512 0
      vertex 22.3295 0.983512 1.2
    endloop
  endfacet
  facet normal 0.980775 -0.195144 0
    outer loop
      vertex 29.6705 -0.983512 1.2
      vertex 29.7675 -0.495999 0
      vertex 29.7675 -0.495999 1.2
    endloop
  endfacet
  facet normal 0.980775 -0.195144 0
    outer loop
      vertex 29.7675 -0.495999 0
      vertex 29.6705 -0.983512 1.2
      vertex 29.6705 -0.983512 0
    endloop
  endfacet
  facet normal 0.831425 -0.555638 0
    outer loop
      vertex 29.0147 -2.31329 1.2
      vertex 29.2909 -1.9 0
      vertex 29.2909 -1.9 1.2
    endloop
  endfacet
  facet normal 0.831425 -0.555638 0
    outer loop
      vertex 29.2909 -1.9 0
      vertex 29.0147 -2.31329 1.2
      vertex 29.0147 -2.31329 0
    endloop
  endfacet
  facet normal 0.751883 -0.659296 0
    outer loop
      vertex 28.687 -2.68701 1.2
      vertex 29.0147 -2.31329 0
      vertex 29.0147 -2.31329 1.2
    endloop
  endfacet
  facet normal 0.751883 -0.659296 0
    outer loop
      vertex 29.0147 -2.31329 0
      vertex 28.687 -2.68701 1.2
      vertex 28.687 -2.68701 0
    endloop
  endfacet
  facet normal -0.99786 0.0653841 0
    outer loop
      vertex 22.2 0 0
      vertex 22.2325 0.495999 1.2
      vertex 22.2325 0.495999 0
    endloop
  endfacet
  facet normal -0.99786 0.0653841 0
    outer loop
      vertex 22.2325 0.495999 1.2
      vertex 22.2 0 0
      vertex 22.2 0 1.2
    endloop
  endfacet
  facet normal -0.896908 0.442217 0
    outer loop
      vertex 22.4893 1.4542 0
      vertex 22.7091 1.9 1.2
      vertex 22.7091 1.9 0
    endloop
  endfacet
  facet normal -0.896908 0.442217 0
    outer loop
      vertex 22.7091 1.9 1.2
      vertex 22.4893 1.4542 0
      vertex 22.4893 1.4542 1.2
    endloop
  endfacet
  facet normal -0.99786 -0.0653841 0
    outer loop
      vertex 22.2325 -0.495999 0
      vertex 22.2 0 1.2
      vertex 22.2 0 0
    endloop
  endfacet
  facet normal -0.99786 -0.0653841 0
    outer loop
      vertex 22.2 0 1.2
      vertex 22.2325 -0.495999 0
      vertex 22.2325 -0.495999 1.2
    endloop
  endfacet
  facet normal -0.946916 -0.321481 0
    outer loop
      vertex 22.4893 -1.4542 0
      vertex 22.3295 -0.983512 1.2
      vertex 22.3295 -0.983512 0
    endloop
  endfacet
  facet normal -0.946916 -0.321481 0
    outer loop
      vertex 22.3295 -0.983512 1.2
      vertex 22.4893 -1.4542 0
      vertex 22.4893 -1.4542 1.2
    endloop
  endfacet
  facet normal 0.195091 0.980785 -0
    outer loop
      vertex 26.9835 3.67052 0
      vertex 26.496 3.76749 1.2
      vertex 26.9835 3.67052 1.2
    endloop
  endfacet
  facet normal 0.195091 0.980785 0
    outer loop
      vertex 26.496 3.76749 1.2
      vertex 26.9835 3.67052 0
      vertex 26.496 3.76749 0
    endloop
  endfacet
  facet normal -0.65935 0.751836 0
    outer loop
      vertex 23.6867 3.01474 0
      vertex 23.313 2.68701 1.2
      vertex 23.6867 3.01474 1.2
    endloop
  endfacet
  facet normal -0.65935 0.751836 0
    outer loop
      vertex 23.313 2.68701 1.2
      vertex 23.6867 3.01474 0
      vertex 23.313 2.68701 0
    endloop
  endfacet
  facet normal -0.751883 0.659296 0
    outer loop
      vertex 22.9853 2.31329 0
      vertex 23.313 2.68701 1.2
      vertex 23.313 2.68701 0
    endloop
  endfacet
  facet normal -0.751883 0.659296 0
    outer loop
      vertex 23.313 2.68701 1.2
      vertex 22.9853 2.31329 0
      vertex 22.9853 2.31329 1.2
    endloop
  endfacet
  facet normal 0.065404 -0.997859 0
    outer loop
      vertex 26 -3.8 0
      vertex 26.496 -3.76749 1.2
      vertex 26 -3.8 1.2
    endloop
  endfacet
  facet normal 0.065404 -0.997859 0
    outer loop
      vertex 26.496 -3.76749 1.2
      vertex 26 -3.8 0
      vertex 26.496 -3.76749 0
    endloop
  endfacet
  facet normal 0.896908 -0.442217 0
    outer loop
      vertex 29.2909 -1.9 1.2
      vertex 29.5107 -1.4542 0
      vertex 29.5107 -1.4542 1.2
    endloop
  endfacet
  facet normal 0.896908 -0.442217 0
    outer loop
      vertex 29.5107 -1.4542 0
      vertex 29.2909 -1.9 1.2
      vertex 29.2909 -1.9 0
    endloop
  endfacet
  facet normal -0.751883 -0.659296 0
    outer loop
      vertex 23.313 -2.68701 0
      vertex 22.9853 -2.31329 1.2
      vertex 22.9853 -2.31329 0
    endloop
  endfacet
  facet normal -0.751883 -0.659296 0
    outer loop
      vertex 22.9853 -2.31329 1.2
      vertex 23.313 -2.68701 0
      vertex 23.313 -2.68701 1.2
    endloop
  endfacet
  facet normal -0.065404 -0.997859 0
    outer loop
      vertex 25.504 -3.76749 0
      vertex 26 -3.8 1.2
      vertex 25.504 -3.76749 1.2
    endloop
  endfacet
  facet normal -0.065404 -0.997859 -0
    outer loop
      vertex 26 -3.8 1.2
      vertex 25.504 -3.76749 0
      vertex 26 -3.8 0
    endloop
  endfacet
  facet normal -0.831425 -0.555638 0
    outer loop
      vertex 22.9853 -2.31329 0
      vertex 22.7091 -1.9 1.2
      vertex 22.7091 -1.9 0
    endloop
  endfacet
  facet normal -0.831425 -0.555638 0
    outer loop
      vertex 22.7091 -1.9 1.2
      vertex 22.9853 -2.31329 0
      vertex 22.9853 -2.31329 1.2
    endloop
  endfacet
  facet normal 0.946916 -0.321481 0
    outer loop
      vertex 29.5107 -1.4542 1.2
      vertex 29.6705 -0.983512 0
      vertex 29.6705 -0.983512 1.2
    endloop
  endfacet
  facet normal 0.946916 -0.321481 0
    outer loop
      vertex 29.6705 -0.983512 0
      vertex 29.5107 -1.4542 1.2
      vertex 29.5107 -1.4542 0
    endloop
  endfacet
  facet normal -0.195091 -0.980785 0
    outer loop
      vertex 25.0165 -3.67052 0
      vertex 25.504 -3.76749 1.2
      vertex 25.0165 -3.67052 1.2
    endloop
  endfacet
  facet normal -0.195091 -0.980785 -0
    outer loop
      vertex 25.504 -3.76749 1.2
      vertex 25.0165 -3.67052 0
      vertex 25.504 -3.76749 0
    endloop
  endfacet
  facet normal 0.065404 0.997859 -0
    outer loop
      vertex 26.496 3.76749 0
      vertex 26 3.8 1.2
      vertex 26.496 3.76749 1.2
    endloop
  endfacet
  facet normal 0.065404 0.997859 0
    outer loop
      vertex 26 3.8 1.2
      vertex 26.496 3.76749 0
      vertex 26 3.8 0
    endloop
  endfacet
  facet normal -0.980775 -0.195144 0
    outer loop
      vertex 22.3295 -0.983512 0
      vertex 22.2325 -0.495999 1.2
      vertex 22.2325 -0.495999 0
    endloop
  endfacet
  facet normal -0.980775 -0.195144 0
    outer loop
      vertex 22.2325 -0.495999 1.2
      vertex 22.3295 -0.983512 0
      vertex 22.3295 -0.983512 1.2
    endloop
  endfacet
  facet normal -0.321437 -0.946931 0
    outer loop
      vertex 24.5458 -3.51074 0
      vertex 25.0165 -3.67052 1.2
      vertex 24.5458 -3.51074 1.2
    endloop
  endfacet
  facet normal -0.321437 -0.946931 -0
    outer loop
      vertex 25.0165 -3.67052 1.2
      vertex 24.5458 -3.51074 0
      vertex 25.0165 -3.67052 0
    endloop
  endfacet
  facet normal -0.442282 -0.896876 0
    outer loop
      vertex 24.1 -3.2909 0
      vertex 24.5458 -3.51074 1.2
      vertex 24.1 -3.2909 1.2
    endloop
  endfacet
  facet normal -0.442282 -0.896876 -0
    outer loop
      vertex 24.5458 -3.51074 1.2
      vertex 24.1 -3.2909 0
      vertex 24.5458 -3.51074 0
    endloop
  endfacet
  facet normal 0.980813 0.19495 0
    outer loop
      vertex 28.9743 0.391578 9.7
      vertex 28.8978 0.776457 1.2
      vertex 28.8978 0.776457 9.7
    endloop
  endfacet
  facet normal 0.980813 0.19495 0
    outer loop
      vertex 28.8978 0.776457 1.2
      vertex 28.9743 0.391578 9.7
      vertex 28.9743 0.391578 1.2
    endloop
  endfacet
  facet normal 0.997853 0.065491 0
    outer loop
      vertex 29 0 9.7
      vertex 28.9743 0.391578 1.2
      vertex 28.9743 0.391578 9.7
    endloop
  endfacet
  facet normal 0.997853 0.065491 0
    outer loop
      vertex 28.9743 0.391578 1.2
      vertex 29 0 9.7
      vertex 29 0 1.2
    endloop
  endfacet
  facet normal 0.980813 -0.19495 0
    outer loop
      vertex 28.8978 -0.776457 9.7
      vertex 28.9743 -0.391578 1.2
      vertex 28.9743 -0.391578 9.7
    endloop
  endfacet
  facet normal 0.980813 -0.19495 0
    outer loop
      vertex 28.9743 -0.391578 1.2
      vertex 28.8978 -0.776457 9.7
      vertex 28.8978 -0.776457 1.2
    endloop
  endfacet
  facet normal -0.751768 -0.659428 0
    outer loop
      vertex 23.8787 -2.12132 1.2
      vertex 23.6199 -1.82628 9.7
      vertex 23.6199 -1.82628 1.2
    endloop
  endfacet
  facet normal -0.751768 -0.659428 0
    outer loop
      vertex 23.6199 -1.82628 9.7
      vertex 23.8787 -2.12132 1.2
      vertex 23.8787 -2.12132 9.7
    endloop
  endfacet
  facet normal 0 0 1
    outer loop
      vertex 28.9743 0.391578 9.7
      vertex 28.9743 -0.391578 9.7
      vertex 29 0 9.7
    endloop
  endfacet
  facet normal 0 0 1
    outer loop
      vertex 28.8978 0.776457 9.7
      vertex 28.9743 -0.391578 9.7
      vertex 28.9743 0.391578 9.7
    endloop
  endfacet
  facet normal 0 0 1
    outer loop
      vertex 28.8978 0.776457 9.7
      vertex 28.8978 -0.776457 9.7
      vertex 28.9743 -0.391578 9.7
    endloop
  endfacet
  facet normal 0 0 1
    outer loop
      vertex 28.7716 1.14805 9.7
      vertex 28.8978 -0.776457 9.7
      vertex 28.8978 0.776457 9.7
    endloop
  endfacet
  facet normal 0 0 1
    outer loop
      vertex 28.7716 1.14805 9.7
      vertex 28.7716 -1.14805 9.7
      vertex 28.8978 -0.776457 9.7
    endloop
  endfacet
  facet normal 0 0 1
    outer loop
      vertex 28.5981 1.5 9.7
      vertex 28.7716 -1.14805 9.7
      vertex 28.7716 1.14805 9.7
    endloop
  endfacet
  facet normal 0 0 1
    outer loop
      vertex 28.5981 1.5 9.7
      vertex 28.5981 -1.5 9.7
      vertex 28.7716 -1.14805 9.7
    endloop
  endfacet
  facet normal 0 0 1
    outer loop
      vertex 28.3801 1.82628 9.7
      vertex 28.5981 -1.5 9.7
      vertex 28.5981 1.5 9.7
    endloop
  endfacet
  facet normal 0 0 1
    outer loop
      vertex 28.3801 1.82628 9.7
      vertex 28.3801 -1.82628 9.7
      vertex 28.5981 -1.5 9.7
    endloop
  endfacet
  facet normal 0 0 1
    outer loop
      vertex 28.1213 2.12132 9.7
      vertex 28.3801 -1.82628 9.7
      vertex 28.3801 1.82628 9.7
    endloop
  endfacet
  facet normal 0 0 1
    outer loop
      vertex 28.1213 2.12132 9.7
      vertex 28.1213 -2.12132 9.7
      vertex 28.3801 -1.82628 9.7
    endloop
  endfacet
  facet normal 0 0 1
    outer loop
      vertex 27.8263 2.38006 9.7
      vertex 28.1213 -2.12132 9.7
      vertex 28.1213 2.12132 9.7
    endloop
  endfacet
  facet normal 0 0 1
    outer loop
      vertex 27.8263 2.38006 9.7
      vertex 27.8263 -2.38006 9.7
      vertex 28.1213 -2.12132 9.7
    endloop
  endfacet
  facet normal 0 0 1
    outer loop
      vertex 27.5 2.59808 9.7
      vertex 27.8263 -2.38006 9.7
      vertex 27.8263 2.38006 9.7
    endloop
  endfacet
  facet normal 0 0 1
    outer loop
      vertex 27.5 2.59808 9.7
      vertex 27.5 -2.59808 9.7
      vertex 27.8263 -2.38006 9.7
    endloop
  endfacet
  facet normal 0 0 1
    outer loop
      vertex 27.148 2.77164 9.7
      vertex 27.5 -2.59808 9.7
      vertex 27.5 2.59808 9.7
    endloop
  endfacet
  facet normal 0 0 1
    outer loop
      vertex 27.148 2.77164 9.7
      vertex 27.148 -2.77164 9.7
      vertex 27.5 -2.59808 9.7
    endloop
  endfacet
  facet normal 0 0 1
    outer loop
      vertex 26.7765 2.89778 9.7
      vertex 27.148 -2.77164 9.7
      vertex 27.148 2.77164 9.7
    endloop
  endfacet
  facet normal 0 0 1
    outer loop
      vertex 26.7765 2.89778 9.7
      vertex 26.7765 -2.89778 9.7
      vertex 27.148 -2.77164 9.7
    endloop
  endfacet
  facet normal 0 0 1
    outer loop
      vertex 26.3916 2.97433 9.7
      vertex 26.7765 -2.89778 9.7
      vertex 26.7765 2.89778 9.7
    endloop
  endfacet
  facet normal 0 0 1
    outer loop
      vertex 26.3916 2.97433 9.7
      vertex 26.3916 -2.97433 9.7
      vertex 26.7765 -2.89778 9.7
    endloop
  endfacet
  facet normal 0 0 1
    outer loop
      vertex 26 3 9.7
      vertex 26.3916 -2.97433 9.7
      vertex 26.3916 2.97433 9.7
    endloop
  endfacet
  facet normal 0 0 1
    outer loop
      vertex 26 3 9.7
      vertex 26 -3 9.7
      vertex 26.3916 -2.97433 9.7
    endloop
  endfacet
  facet normal -0 0 1
    outer loop
      vertex 25.6084 2.97433 9.7
      vertex 26 -3 9.7
      vertex 26 3 9.7
    endloop
  endfacet
  facet normal 0 0 1
    outer loop
      vertex 25.6084 2.97433 9.7
      vertex 25.6084 -2.97433 9.7
      vertex 26 -3 9.7
    endloop
  endfacet
  facet normal -0 0 1
    outer loop
      vertex 25.2235 2.89778 9.7
      vertex 25.6084 -2.97433 9.7
      vertex 25.6084 2.97433 9.7
    endloop
  endfacet
  facet normal 0 0 1
    outer loop
      vertex 25.2235 2.89778 9.7
      vertex 25.2235 -2.89778 9.7
      vertex 25.6084 -2.97433 9.7
    endloop
  endfacet
  facet normal -0 0 1
    outer loop
      vertex 24.852 2.77164 9.7
      vertex 25.2235 -2.89778 9.7
      vertex 25.2235 2.89778 9.7
    endloop
  endfacet
  facet normal 0 0 1
    outer loop
      vertex 24.852 2.77164 9.7
      vertex 24.852 -2.77164 9.7
      vertex 25.2235 -2.89778 9.7
    endloop
  endfacet
  facet normal -0 0 1
    outer loop
      vertex 24.5 2.59808 9.7
      vertex 24.852 -2.77164 9.7
      vertex 24.852 2.77164 9.7
    endloop
  endfacet
  facet normal 0 0 1
    outer loop
      vertex 24.5 2.59808 9.7
      vertex 24.5 -2.59808 9.7
      vertex 24.852 -2.77164 9.7
    endloop
  endfacet
  facet normal -0 0 1
    outer loop
      vertex 24.1737 2.38006 9.7
      vertex 24.5 -2.59808 9.7
      vertex 24.5 2.59808 9.7
    endloop
  endfacet
  facet normal 0 0 1
    outer loop
      vertex 24.1737 2.38006 9.7
      vertex 24.1737 -2.38006 9.7
      vertex 24.5 -2.59808 9.7
    endloop
  endfacet
  facet normal -0 0 1
    outer loop
      vertex 23.8787 2.12132 9.7
      vertex 24.1737 -2.38006 9.7
      vertex 24.1737 2.38006 9.7
    endloop
  endfacet
  facet normal 0 0 1
    outer loop
      vertex 23.8787 2.12132 9.7
      vertex 23.8787 -2.12132 9.7
      vertex 24.1737 -2.38006 9.7
    endloop
  endfacet
  facet normal -0 0 1
    outer loop
      vertex 23.6199 1.82628 9.7
      vertex 23.8787 -2.12132 9.7
      vertex 23.8787 2.12132 9.7
    endloop
  endfacet
  facet normal 0 0 1
    outer loop
      vertex 23.6199 1.82628 9.7
      vertex 23.6199 -1.82628 9.7
      vertex 23.8787 -2.12132 9.7
    endloop
  endfacet
  facet normal -0 0 1
    outer loop
      vertex 23.4019 1.5 9.7
      vertex 23.6199 -1.82628 9.7
      vertex 23.6199 1.82628 9.7
    endloop
  endfacet
  facet normal 0 0 1
    outer loop
      vertex 23.4019 1.5 9.7
      vertex 23.4019 -1.5 9.7
      vertex 23.6199 -1.82628 9.7
    endloop
  endfacet
  facet normal -0 0 1
    outer loop
      vertex 23.2284 1.14805 9.7
      vertex 23.4019 -1.5 9.7
      vertex 23.4019 1.5 9.7
    endloop
  endfacet
  facet normal 0 0 1
    outer loop
      vertex 23.2284 1.14805 9.7
      vertex 23.2284 -1.14805 9.7
      vertex 23.4019 -1.5 9.7
    endloop
  endfacet
  facet normal -0 0 1
    outer loop
      vertex 23.1022 0.776457 9.7
      vertex 23.2284 -1.14805 9.7
      vertex 23.2284 1.14805 9.7
    endloop
  endfacet
  facet normal 0 0 1
    outer loop
      vertex 23.1022 0.776457 9.7
      vertex 23.1022 -0.776457 9.7
      vertex 23.2284 -1.14805 9.7
    endloop
  endfacet
  facet normal -0 0 1
    outer loop
      vertex 23.0257 0.391578 9.7
      vertex 23.1022 -0.776457 9.7
      vertex 23.1022 0.776457 9.7
    endloop
  endfacet
  facet normal 0 0 1
    outer loop
      vertex 23.0257 0.391578 9.7
      vertex 23.0257 -0.391578 9.7
      vertex 23.1022 -0.776457 9.7
    endloop
  endfacet
  facet normal 0 -0 1
    outer loop
      vertex 23.0257 -0.391578 9.7
      vertex 23.0257 0.391578 9.7
      vertex 23 0 9.7
    endloop
  endfacet
  facet normal 0.831485 0.555547 0
    outer loop
      vertex 28.5981 1.5 9.7
      vertex 28.3801 1.82628 1.2
      vertex 28.3801 1.82628 9.7
    endloop
  endfacet
  facet normal 0.831485 0.555547 0
    outer loop
      vertex 28.3801 1.82628 1.2
      vertex 28.5981 1.5 9.7
      vertex 28.5981 1.5 1.2
    endloop
  endfacet
  facet normal 0.555558 0.831477 -0
    outer loop
      vertex 27.8263 2.38006 1.2
      vertex 27.5 2.59808 9.7
      vertex 27.8263 2.38006 9.7
    endloop
  endfacet
  facet normal 0.555558 0.831477 0
    outer loop
      vertex 27.5 2.59808 9.7
      vertex 27.8263 2.38006 1.2
      vertex 27.5 2.59808 1.2
    endloop
  endfacet
  facet normal 0.896936 -0.44216 0
    outer loop
      vertex 28.5981 -1.5 9.7
      vertex 28.7716 -1.14805 1.2
      vertex 28.7716 -1.14805 9.7
    endloop
  endfacet
  facet normal 0.896936 -0.44216 0
    outer loop
      vertex 28.7716 -1.14805 1.2
      vertex 28.5981 -1.5 9.7
      vertex 28.5981 -1.5 1.2
    endloop
  endfacet
  facet normal 0.997853 -0.065491 0
    outer loop
      vertex 28.9743 -0.391578 9.7
      vertex 29 0 1.2
      vertex 29 0 9.7
    endloop
  endfacet
  facet normal 0.997853 -0.065491 0
    outer loop
      vertex 29 0 1.2
      vertex 28.9743 -0.391578 9.7
      vertex 28.9743 -0.391578 1.2
    endloop
  endfacet
  facet normal 0.321514 0.946905 -0
    outer loop
      vertex 27.148 2.77164 1.2
      vertex 26.7765 2.89778 9.7
      vertex 27.148 2.77164 9.7
    endloop
  endfacet
  facet normal 0.321514 0.946905 0
    outer loop
      vertex 26.7765 2.89778 9.7
      vertex 27.148 2.77164 1.2
      vertex 26.7765 2.89778 1.2
    endloop
  endfacet
  facet normal -0.896936 0.44216 0
    outer loop
      vertex 23.2284 1.14805 1.2
      vertex 23.4019 1.5 9.7
      vertex 23.4019 1.5 1.2
    endloop
  endfacet
  facet normal -0.896936 0.44216 0
    outer loop
      vertex 23.4019 1.5 9.7
      vertex 23.2284 1.14805 1.2
      vertex 23.2284 1.14805 9.7
    endloop
  endfacet
  facet normal -0.659392 0.751799 0
    outer loop
      vertex 24.1737 2.38006 1.2
      vertex 23.8787 2.12132 9.7
      vertex 24.1737 2.38006 9.7
    endloop
  endfacet
  facet normal -0.659392 0.751799 0
    outer loop
      vertex 23.8787 2.12132 9.7
      vertex 24.1737 2.38006 1.2
      vertex 23.8787 2.12132 1.2
    endloop
  endfacet
  facet normal 0.321514 -0.946905 0
    outer loop
      vertex 26.7765 -2.89778 1.2
      vertex 27.148 -2.77164 9.7
      vertex 26.7765 -2.89778 9.7
    endloop
  endfacet
  facet normal 0.321514 -0.946905 0
    outer loop
      vertex 27.148 -2.77164 9.7
      vertex 26.7765 -2.89778 1.2
      vertex 27.148 -2.77164 1.2
    endloop
  endfacet
  facet normal -0.997853 -0.065491 0
    outer loop
      vertex 23.0257 -0.391578 1.2
      vertex 23 0 9.7
      vertex 23 0 1.2
    endloop
  endfacet
  facet normal -0.997853 -0.065491 0
    outer loop
      vertex 23 0 9.7
      vertex 23.0257 -0.391578 1.2
      vertex 23.0257 -0.391578 9.7
    endloop
  endfacet
  facet normal -0.659392 -0.751799 0
    outer loop
      vertex 23.8787 -2.12132 1.2
      vertex 24.1737 -2.38006 9.7
      vertex 23.8787 -2.12132 9.7
    endloop
  endfacet
  facet normal -0.659392 -0.751799 -0
    outer loop
      vertex 24.1737 -2.38006 9.7
      vertex 23.8787 -2.12132 1.2
      vertex 24.1737 -2.38006 1.2
    endloop
  endfacet
  facet normal -0.321514 0.946905 0
    outer loop
      vertex 25.2235 2.89778 1.2
      vertex 24.852 2.77164 9.7
      vertex 25.2235 2.89778 9.7
    endloop
  endfacet
  facet normal -0.321514 0.946905 0
    outer loop
      vertex 24.852 2.77164 9.7
      vertex 25.2235 2.89778 1.2
      vertex 24.852 2.77164 1.2
    endloop
  endfacet
  facet normal -0.831485 -0.555547 0
    outer loop
      vertex 23.6199 -1.82628 1.2
      vertex 23.4019 -1.5 9.7
      vertex 23.4019 -1.5 1.2
    endloop
  endfacet
  facet normal -0.831485 -0.555547 0
    outer loop
      vertex 23.4019 -1.5 9.7
      vertex 23.6199 -1.82628 1.2
      vertex 23.6199 -1.82628 9.7
    endloop
  endfacet
  facet normal -0.555558 0.831477 0
    outer loop
      vertex 24.5 2.59808 1.2
      vertex 24.1737 2.38006 9.7
      vertex 24.5 2.59808 9.7
    endloop
  endfacet
  facet normal -0.555558 0.831477 0
    outer loop
      vertex 24.1737 2.38006 9.7
      vertex 24.5 2.59808 1.2
      vertex 24.1737 2.38006 1.2
    endloop
  endfacet
  facet normal -0.997853 0.065491 0
    outer loop
      vertex 23 0 1.2
      vertex 23.0257 0.391578 9.7
      vertex 23.0257 0.391578 1.2
    endloop
  endfacet
  facet normal -0.997853 0.065491 0
    outer loop
      vertex 23.0257 0.391578 9.7
      vertex 23 0 1.2
      vertex 23 0 9.7
    endloop
  endfacet
  facet normal 0.195062 0.980791 -0
    outer loop
      vertex 26.7765 2.89778 1.2
      vertex 26.3916 2.97433 9.7
      vertex 26.7765 2.89778 9.7
    endloop
  endfacet
  facet normal 0.195062 0.980791 0
    outer loop
      vertex 26.3916 2.97433 9.7
      vertex 26.7765 2.89778 1.2
      vertex 26.3916 2.97433 1.2
    endloop
  endfacet
  facet normal -0.442233 0.8969 0
    outer loop
      vertex 24.852 2.77164 1.2
      vertex 24.5 2.59808 9.7
      vertex 24.852 2.77164 9.7
    endloop
  endfacet
  facet normal -0.442233 0.8969 0
    outer loop
      vertex 24.5 2.59808 9.7
      vertex 24.852 2.77164 1.2
      vertex 24.5 2.59808 1.2
    endloop
  endfacet
  facet normal 0.0654112 -0.997858 0
    outer loop
      vertex 26 -3 1.2
      vertex 26.3916 -2.97433 9.7
      vertex 26 -3 9.7
    endloop
  endfacet
  facet normal 0.0654112 -0.997858 0
    outer loop
      vertex 26.3916 -2.97433 9.7
      vertex 26 -3 1.2
      vertex 26.3916 -2.97433 1.2
    endloop
  endfacet
  facet normal 0.659392 -0.751799 0
    outer loop
      vertex 27.8263 -2.38006 1.2
      vertex 28.1213 -2.12132 9.7
      vertex 27.8263 -2.38006 9.7
    endloop
  endfacet
  facet normal 0.659392 -0.751799 0
    outer loop
      vertex 28.1213 -2.12132 9.7
      vertex 27.8263 -2.38006 1.2
      vertex 28.1213 -2.12132 1.2
    endloop
  endfacet
  facet normal -0.946883 -0.321579 0
    outer loop
      vertex 23.2284 -1.14805 1.2
      vertex 23.1022 -0.776457 9.7
      vertex 23.1022 -0.776457 1.2
    endloop
  endfacet
  facet normal -0.946883 -0.321579 0
    outer loop
      vertex 23.1022 -0.776457 9.7
      vertex 23.2284 -1.14805 1.2
      vertex 23.2284 -1.14805 9.7
    endloop
  endfacet
  facet normal 0.946883 -0.321579 0
    outer loop
      vertex 28.7716 -1.14805 9.7
      vertex 28.8978 -0.776457 1.2
      vertex 28.8978 -0.776457 9.7
    endloop
  endfacet
  facet normal 0.946883 -0.321579 0
    outer loop
      vertex 28.8978 -0.776457 1.2
      vertex 28.7716 -1.14805 9.7
      vertex 28.7716 -1.14805 1.2
    endloop
  endfacet
  facet normal 0.442233 0.8969 -0
    outer loop
      vertex 27.5 2.59808 1.2
      vertex 27.148 2.77164 9.7
      vertex 27.5 2.59808 9.7
    endloop
  endfacet
  facet normal 0.442233 0.8969 0
    outer loop
      vertex 27.148 2.77164 9.7
      vertex 27.5 2.59808 1.2
      vertex 27.148 2.77164 1.2
    endloop
  endfacet
  facet normal -0.195062 0.980791 0
    outer loop
      vertex 25.6084 2.97433 1.2
      vertex 25.2235 2.89778 9.7
      vertex 25.6084 2.97433 9.7
    endloop
  endfacet
  facet normal -0.195062 0.980791 0
    outer loop
      vertex 25.2235 2.89778 9.7
      vertex 25.6084 2.97433 1.2
      vertex 25.2235 2.89778 1.2
    endloop
  endfacet
  facet normal 0.751768 0.659428 0
    outer loop
      vertex 28.3801 1.82628 9.7
      vertex 28.1213 2.12132 1.2
      vertex 28.1213 2.12132 9.7
    endloop
  endfacet
  facet normal 0.751768 0.659428 0
    outer loop
      vertex 28.1213 2.12132 1.2
      vertex 28.3801 1.82628 9.7
      vertex 28.3801 1.82628 1.2
    endloop
  endfacet
  facet normal 0.751768 -0.659428 0
    outer loop
      vertex 28.1213 -2.12132 9.7
      vertex 28.3801 -1.82628 1.2
      vertex 28.3801 -1.82628 9.7
    endloop
  endfacet
  facet normal 0.751768 -0.659428 0
    outer loop
      vertex 28.3801 -1.82628 1.2
      vertex 28.1213 -2.12132 9.7
      vertex 28.1213 -2.12132 1.2
    endloop
  endfacet
  facet normal -0.442233 -0.8969 0
    outer loop
      vertex 24.5 -2.59808 1.2
      vertex 24.852 -2.77164 9.7
      vertex 24.5 -2.59808 9.7
    endloop
  endfacet
  facet normal -0.442233 -0.8969 -0
    outer loop
      vertex 24.852 -2.77164 9.7
      vertex 24.5 -2.59808 1.2
      vertex 24.852 -2.77164 1.2
    endloop
  endfacet
  facet normal -0.946883 0.321579 0
    outer loop
      vertex 23.1022 0.776457 1.2
      vertex 23.2284 1.14805 9.7
      vertex 23.2284 1.14805 1.2
    endloop
  endfacet
  facet normal -0.946883 0.321579 0
    outer loop
      vertex 23.2284 1.14805 9.7
      vertex 23.1022 0.776457 1.2
      vertex 23.1022 0.776457 9.7
    endloop
  endfacet
  facet normal 0.195062 -0.980791 0
    outer loop
      vertex 26.3916 -2.97433 1.2
      vertex 26.7765 -2.89778 9.7
      vertex 26.3916 -2.97433 9.7
    endloop
  endfacet
  facet normal 0.195062 -0.980791 0
    outer loop
      vertex 26.7765 -2.89778 9.7
      vertex 26.3916 -2.97433 1.2
      vertex 26.7765 -2.89778 1.2
    endloop
  endfacet
  facet normal 0.442233 -0.8969 0
    outer loop
      vertex 27.148 -2.77164 1.2
      vertex 27.5 -2.59808 9.7
      vertex 27.148 -2.77164 9.7
    endloop
  endfacet
  facet normal 0.442233 -0.8969 0
    outer loop
      vertex 27.5 -2.59808 9.7
      vertex 27.148 -2.77164 1.2
      vertex 27.5 -2.59808 1.2
    endloop
  endfacet
  facet normal -0.751768 0.659428 0
    outer loop
      vertex 23.6199 1.82628 1.2
      vertex 23.8787 2.12132 9.7
      vertex 23.8787 2.12132 1.2
    endloop
  endfacet
  facet normal -0.751768 0.659428 0
    outer loop
      vertex 23.8787 2.12132 9.7
      vertex 23.6199 1.82628 1.2
      vertex 23.6199 1.82628 9.7
    endloop
  endfacet
  facet normal 0.659392 0.751799 -0
    outer loop
      vertex 28.1213 2.12132 1.2
      vertex 27.8263 2.38006 9.7
      vertex 28.1213 2.12132 9.7
    endloop
  endfacet
  facet normal 0.659392 0.751799 0
    outer loop
      vertex 27.8263 2.38006 9.7
      vertex 28.1213 2.12132 1.2
      vertex 27.8263 2.38006 1.2
    endloop
  endfacet
  facet normal -0.896936 -0.44216 0
    outer loop
      vertex 23.4019 -1.5 1.2
      vertex 23.2284 -1.14805 9.7
      vertex 23.2284 -1.14805 1.2
    endloop
  endfacet
  facet normal -0.896936 -0.44216 0
    outer loop
      vertex 23.2284 -1.14805 9.7
      vertex 23.4019 -1.5 1.2
      vertex 23.4019 -1.5 9.7
    endloop
  endfacet
  facet normal 0.831485 -0.555547 0
    outer loop
      vertex 28.3801 -1.82628 9.7
      vertex 28.5981 -1.5 1.2
      vertex 28.5981 -1.5 9.7
    endloop
  endfacet
  facet normal 0.831485 -0.555547 0
    outer loop
      vertex 28.5981 -1.5 1.2
      vertex 28.3801 -1.82628 9.7
      vertex 28.3801 -1.82628 1.2
    endloop
  endfacet
  facet normal 0.896936 0.44216 0
    outer loop
      vertex 28.7716 1.14805 9.7
      vertex 28.5981 1.5 1.2
      vertex 28.5981 1.5 9.7
    endloop
  endfacet
  facet normal 0.896936 0.44216 0
    outer loop
      vertex 28.5981 1.5 1.2
      vertex 28.7716 1.14805 9.7
      vertex 28.7716 1.14805 1.2
    endloop
  endfacet
  facet normal -0.0654112 -0.997858 0
    outer loop
      vertex 25.6084 -2.97433 1.2
      vertex 26 -3 9.7
      vertex 25.6084 -2.97433 9.7
    endloop
  endfacet
  facet normal -0.0654112 -0.997858 -0
    outer loop
      vertex 26 -3 9.7
      vertex 25.6084 -2.97433 1.2
      vertex 26 -3 1.2
    endloop
  endfacet
  facet normal -0.555558 -0.831477 0
    outer loop
      vertex 24.1737 -2.38006 1.2
      vertex 24.5 -2.59808 9.7
      vertex 24.1737 -2.38006 9.7
    endloop
  endfacet
  facet normal -0.555558 -0.831477 -0
    outer loop
      vertex 24.5 -2.59808 9.7
      vertex 24.1737 -2.38006 1.2
      vertex 24.5 -2.59808 1.2
    endloop
  endfacet
  facet normal 0.555558 -0.831477 0
    outer loop
      vertex 27.5 -2.59808 1.2
      vertex 27.8263 -2.38006 9.7
      vertex 27.5 -2.59808 9.7
    endloop
  endfacet
  facet normal 0.555558 -0.831477 0
    outer loop
      vertex 27.8263 -2.38006 9.7
      vertex 27.5 -2.59808 1.2
      vertex 27.8263 -2.38006 1.2
    endloop
  endfacet
  facet normal 0.946883 0.321579 0
    outer loop
      vertex 28.8978 0.776457 9.7
      vertex 28.7716 1.14805 1.2
      vertex 28.7716 1.14805 9.7
    endloop
  endfacet
  facet normal 0.946883 0.321579 0
    outer loop
      vertex 28.7716 1.14805 1.2
      vertex 28.8978 0.776457 9.7
      vertex 28.8978 0.776457 1.2
    endloop
  endfacet
  facet normal -0.980813 0.19495 0
    outer loop
      vertex 23.0257 0.391578 1.2
      vertex 23.1022 0.776457 9.7
      vertex 23.1022 0.776457 1.2
    endloop
  endfacet
  facet normal -0.980813 0.19495 0
    outer loop
      vertex 23.1022 0.776457 9.7
      vertex 23.0257 0.391578 1.2
      vertex 23.0257 0.391578 9.7
    endloop
  endfacet
  facet normal -0.0654112 0.997858 0
    outer loop
      vertex 26 3 1.2
      vertex 25.6084 2.97433 9.7
      vertex 26 3 9.7
    endloop
  endfacet
  facet normal -0.0654112 0.997858 0
    outer loop
      vertex 25.6084 2.97433 9.7
      vertex 26 3 1.2
      vertex 25.6084 2.97433 1.2
    endloop
  endfacet
  facet normal -0.321514 -0.946905 0
    outer loop
      vertex 24.852 -2.77164 1.2
      vertex 25.2235 -2.89778 9.7
      vertex 24.852 -2.77164 9.7
    endloop
  endfacet
  facet normal -0.321514 -0.946905 -0
    outer loop
      vertex 25.2235 -2.89778 9.7
      vertex 24.852 -2.77164 1.2
      vertex 25.2235 -2.89778 1.2
    endloop
  endfacet
  facet normal -0.980813 -0.19495 0
    outer loop
      vertex 23.1022 -0.776457 1.2
      vertex 23.0257 -0.391578 9.7
      vertex 23.0257 -0.391578 1.2
    endloop
  endfacet
  facet normal -0.980813 -0.19495 0
    outer loop
      vertex 23.0257 -0.391578 9.7
      vertex 23.1022 -0.776457 1.2
      vertex 23.1022 -0.776457 9.7
    endloop
  endfacet
  facet normal 0.0654112 0.997858 -0
    outer loop
      vertex 26.3916 2.97433 1.2
      vertex 26 3 9.7
      vertex 26.3916 2.97433 9.7
    endloop
  endfacet
  facet normal 0.0654112 0.997858 0
    outer loop
      vertex 26 3 9.7
      vertex 26.3916 2.97433 1.2
      vertex 26 3 1.2
    endloop
  endfacet
  facet normal -0.195062 -0.980791 0
    outer loop
      vertex 25.2235 -2.89778 1.2
      vertex 25.6084 -2.97433 9.7
      vertex 25.2235 -2.89778 9.7
    endloop
  endfacet
  facet normal -0.195062 -0.980791 -0
    outer loop
      vertex 25.6084 -2.97433 9.7
      vertex 25.2235 -2.89778 1.2
      vertex 25.6084 -2.97433 1.2
    endloop
  endfacet
  facet normal -0.831485 0.555547 0
    outer loop
      vertex 23.4019 1.5 1.2
      vertex 23.6199 1.82628 9.7
      vertex 23.6199 1.82628 1.2
    endloop
  endfacet
  facet normal -0.831485 0.555547 0
    outer loop
      vertex 23.6199 1.82628 9.7
      vertex 23.4019 1.5 1.2
      vertex 23.4019 1.5 9.7
    endloop
  endfacet
  facet normal -0.896876 -0.442282 0
    outer loop
      vertex -3.2909 11.1 0
      vertex -3.51074 11.5458 1.2
      vertex -3.51074 11.5458 0
    endloop
  endfacet
  facet normal -0.896876 -0.442282 0
    outer loop
      vertex -3.51074 11.5458 1.2
      vertex -3.2909 11.1 0
      vertex -3.2909 11.1 1.2
    endloop
  endfacet
  facet normal 0.980785 0.195091 0
    outer loop
      vertex 3.76749 13.496 1.2
      vertex 3.67052 13.9835 0
      vertex 3.67052 13.9835 1.2
    endloop
  endfacet
  facet normal 0.980785 0.195091 0
    outer loop
      vertex 3.67052 13.9835 0
      vertex 3.76749 13.496 1.2
      vertex 3.76749 13.496 0
    endloop
  endfacet
  facet normal 0.997859 0.065404 0
    outer loop
      vertex 3.8 13 1.2
      vertex 3.76749 13.496 0
      vertex 3.76749 13.496 1.2
    endloop
  endfacet
  facet normal 0.997859 0.065404 0
    outer loop
      vertex 3.76749 13.496 0
      vertex 3.8 13 1.2
      vertex 3.8 13 0
    endloop
  endfacet
  facet normal 0.946931 0.321437 0
    outer loop
      vertex 3.67052 13.9835 1.2
      vertex 3.51074 14.4542 0
      vertex 3.51074 14.4542 1.2
    endloop
  endfacet
  facet normal 0.946931 0.321437 0
    outer loop
      vertex 3.51074 14.4542 0
      vertex 3.67052 13.9835 1.2
      vertex 3.67052 13.9835 0
    endloop
  endfacet
  facet normal -0.831468 0.555573 0
    outer loop
      vertex -3.2909 14.9 0
      vertex -3.01474 15.3133 1.2
      vertex -3.01474 15.3133 0
    endloop
  endfacet
  facet normal -0.831468 0.555573 0
    outer loop
      vertex -3.01474 15.3133 1.2
      vertex -3.2909 14.9 0
      vertex -3.2909 14.9 1.2
    endloop
  endfacet
  facet normal 0.442282 -0.896876 0
    outer loop
      vertex 1.4542 9.48926 0
      vertex 1.9 9.7091 1.2
      vertex 1.4542 9.48926 1.2
    endloop
  endfacet
  facet normal 0.442282 -0.896876 0
    outer loop
      vertex 1.9 9.7091 1.2
      vertex 1.4542 9.48926 0
      vertex 1.9 9.7091 0
    endloop
  endfacet
  facet normal 0.997859 -0.065404 0
    outer loop
      vertex 3.76749 12.504 1.2
      vertex 3.8 13 0
      vertex 3.8 13 1.2
    endloop
  endfacet
  facet normal 0.997859 -0.065404 0
    outer loop
      vertex 3.8 13 0
      vertex 3.76749 12.504 1.2
      vertex 3.76749 12.504 0
    endloop
  endfacet
  facet normal 0.321445 -0.946928 0
    outer loop
      vertex 0.983512 9.32948 0
      vertex 1.4542 9.48926 1.2
      vertex 0.983512 9.32948 1.2
    endloop
  endfacet
  facet normal 0.321445 -0.946928 0
    outer loop
      vertex 1.4542 9.48926 1.2
      vertex 0.983512 9.32948 0
      vertex 1.4542 9.48926 0
    endloop
  endfacet
  facet normal 0.896876 0.442282 0
    outer loop
      vertex 3.51074 14.4542 1.2
      vertex 3.2909 14.9 0
      vertex 3.2909 14.9 1.2
    endloop
  endfacet
  facet normal 0.896876 0.442282 0
    outer loop
      vertex 3.2909 14.9 0
      vertex 3.51074 14.4542 1.2
      vertex 3.51074 14.4542 0
    endloop
  endfacet
  facet normal -0.195144 0.980775 0
    outer loop
      vertex -0.495999 16.7675 0
      vertex -0.983512 16.6705 1.2
      vertex -0.495999 16.7675 1.2
    endloop
  endfacet
  facet normal -0.195144 0.980775 0
    outer loop
      vertex -0.983512 16.6705 1.2
      vertex -0.495999 16.7675 0
      vertex -0.983512 16.6705 0
    endloop
  endfacet
  facet normal -0.980785 0.195091 0
    outer loop
      vertex -3.76749 13.496 0
      vertex -3.67052 13.9835 1.2
      vertex -3.67052 13.9835 0
    endloop
  endfacet
  facet normal -0.980785 0.195091 0
    outer loop
      vertex -3.67052 13.9835 1.2
      vertex -3.76749 13.496 0
      vertex -3.76749 13.496 1.2
    endloop
  endfacet
  facet normal 0.442217 0.896908 -0
    outer loop
      vertex 1.9 16.2909 0
      vertex 1.4542 16.5107 1.2
      vertex 1.9 16.2909 1.2
    endloop
  endfacet
  facet normal 0.442217 0.896908 0
    outer loop
      vertex 1.4542 16.5107 1.2
      vertex 1.9 16.2909 0
      vertex 1.4542 16.5107 0
    endloop
  endfacet
  facet normal 0 0 1
    outer loop
      vertex 3 13 1.2
      vertex 3.8 13 1.2
      vertex 3.76749 13.496 1.2
    endloop
  endfacet
  facet normal 0 0 1
    outer loop
      vertex 2.97433 13.3916 1.2
      vertex 3.76749 13.496 1.2
      vertex 3.67052 13.9835 1.2
    endloop
  endfacet
  facet normal 0 0 1
    outer loop
      vertex 3.8 13 1.2
      vertex 3 13 1.2
      vertex 3.76749 12.504 1.2
    endloop
  endfacet
  facet normal 0 0 1
    outer loop
      vertex 2.89778 13.7765 1.2
      vertex 3.67052 13.9835 1.2
      vertex 3.51074 14.4542 1.2
    endloop
  endfacet
  facet normal -0 0 1
    outer loop
      vertex 2.97433 12.6084 1.2
      vertex 3.76749 12.504 1.2
      vertex 3 13 1.2
    endloop
  endfacet
  facet normal 0 0 1
    outer loop
      vertex 2.77164 14.148 1.2
      vertex 3.51074 14.4542 1.2
      vertex 3.2909 14.9 1.2
    endloop
  endfacet
  facet normal 0 0 1
    outer loop
      vertex 3.76749 12.504 1.2
      vertex 2.97433 12.6084 1.2
      vertex 3.67052 12.0165 1.2
    endloop
  endfacet
  facet normal 0 0 1
    outer loop
      vertex 2.59808 14.5 1.2
      vertex 3.2909 14.9 1.2
      vertex 3.01474 15.3133 1.2
    endloop
  endfacet
  facet normal -0 0 1
    outer loop
      vertex 2.89778 12.2235 1.2
      vertex 3.67052 12.0165 1.2
      vertex 2.97433 12.6084 1.2
    endloop
  endfacet
  facet normal 0 0 1
    outer loop
      vertex 3.67052 12.0165 1.2
      vertex 2.89778 12.2235 1.2
      vertex 3.51074 11.5458 1.2
    endloop
  endfacet
  facet normal 0 0 1
    outer loop
      vertex 3.76749 13.496 1.2
      vertex 2.97433 13.3916 1.2
      vertex 3 13 1.2
    endloop
  endfacet
  facet normal 0 0 1
    outer loop
      vertex 3.67052 13.9835 1.2
      vertex 2.89778 13.7765 1.2
      vertex 2.97433 13.3916 1.2
    endloop
  endfacet
  facet normal 0 0 1
    outer loop
      vertex 3.51074 14.4542 1.2
      vertex 2.77164 14.148 1.2
      vertex 2.89778 13.7765 1.2
    endloop
  endfacet
  facet normal 0 0 1
    outer loop
      vertex 2.38006 14.8263 1.2
      vertex 3.01474 15.3133 1.2
      vertex 2.68701 15.687 1.2
    endloop
  endfacet
  facet normal 0 0 1
    outer loop
      vertex 3.2909 14.9 1.2
      vertex 2.59808 14.5 1.2
      vertex 2.77164 14.148 1.2
    endloop
  endfacet
  facet normal 0 0 1
    outer loop
      vertex 3.01474 15.3133 1.2
      vertex 2.38006 14.8263 1.2
      vertex 2.59808 14.5 1.2
    endloop
  endfacet
  facet normal 0 0 1
    outer loop
      vertex 2.12132 15.1213 1.2
      vertex 2.68701 15.687 1.2
      vertex 2.31329 16.0147 1.2
    endloop
  endfacet
  facet normal 0 0 1
    outer loop
      vertex 2.68701 15.687 1.2
      vertex 2.12132 15.1213 1.2
      vertex 2.38006 14.8263 1.2
    endloop
  endfacet
  facet normal 0 0 1
    outer loop
      vertex 1.82628 15.3801 1.2
      vertex 2.31329 16.0147 1.2
      vertex 1.9 16.2909 1.2
    endloop
  endfacet
  facet normal 0 0 1
    outer loop
      vertex 2.31329 16.0147 1.2
      vertex 1.82628 15.3801 1.2
      vertex 2.12132 15.1213 1.2
    endloop
  endfacet
  facet normal 0 0 1
    outer loop
      vertex 1.9 16.2909 1.2
      vertex 1.5 15.5981 1.2
      vertex 1.82628 15.3801 1.2
    endloop
  endfacet
  facet normal 0 0 1
    outer loop
      vertex 1.4542 16.5107 1.2
      vertex 1.5 15.5981 1.2
      vertex 1.9 16.2909 1.2
    endloop
  endfacet
  facet normal 0 0 1
    outer loop
      vertex 1.4542 16.5107 1.2
      vertex 1.14805 15.7716 1.2
      vertex 1.5 15.5981 1.2
    endloop
  endfacet
  facet normal 0 0 1
    outer loop
      vertex 0.983512 16.6705 1.2
      vertex 1.14805 15.7716 1.2
      vertex 1.4542 16.5107 1.2
    endloop
  endfacet
  facet normal 0 0 1
    outer loop
      vertex 0.983512 16.6705 1.2
      vertex 0.776457 15.8978 1.2
      vertex 1.14805 15.7716 1.2
    endloop
  endfacet
  facet normal 0 0 1
    outer loop
      vertex 0.495999 16.7675 1.2
      vertex 0.776457 15.8978 1.2
      vertex 0.983512 16.6705 1.2
    endloop
  endfacet
  facet normal 0 0 1
    outer loop
      vertex 0.495999 16.7675 1.2
      vertex 0.391578 15.9743 1.2
      vertex 0.776457 15.8978 1.2
    endloop
  endfacet
  facet normal 0 0 1
    outer loop
      vertex 0 16.8 1.2
      vertex 0.391578 15.9743 1.2
      vertex 0.495999 16.7675 1.2
    endloop
  endfacet
  facet normal 0 0 1
    outer loop
      vertex 0 16.8 1.2
      vertex 0 16 1.2
      vertex 0.391578 15.9743 1.2
    endloop
  endfacet
  facet normal 0 0 1
    outer loop
      vertex 0 16.8 1.2
      vertex -0.391578 15.9743 1.2
      vertex 0 16 1.2
    endloop
  endfacet
  facet normal -0 0 1
    outer loop
      vertex -0.495999 16.7675 1.2
      vertex -0.391578 15.9743 1.2
      vertex 0 16.8 1.2
    endloop
  endfacet
  facet normal 0 0 1
    outer loop
      vertex -0.495999 16.7675 1.2
      vertex -0.776457 15.8978 1.2
      vertex -0.391578 15.9743 1.2
    endloop
  endfacet
  facet normal -0 0 1
    outer loop
      vertex -0.983512 16.6705 1.2
      vertex -0.776457 15.8978 1.2
      vertex -0.495999 16.7675 1.2
    endloop
  endfacet
  facet normal 0 0 1
    outer loop
      vertex -0.983512 16.6705 1.2
      vertex -1.14805 15.7716 1.2
      vertex -0.776457 15.8978 1.2
    endloop
  endfacet
  facet normal -0 0 1
    outer loop
      vertex -1.4542 16.5107 1.2
      vertex -1.14805 15.7716 1.2
      vertex -0.983512 16.6705 1.2
    endloop
  endfacet
  facet normal 0 0 1
    outer loop
      vertex -1.4542 16.5107 1.2
      vertex -1.5 15.5981 1.2
      vertex -1.14805 15.7716 1.2
    endloop
  endfacet
  facet normal -0 0 1
    outer loop
      vertex -1.9 16.2909 1.2
      vertex -1.5 15.5981 1.2
      vertex -1.4542 16.5107 1.2
    endloop
  endfacet
  facet normal 0 0 1
    outer loop
      vertex -1.5 15.5981 1.2
      vertex -1.9 16.2909 1.2
      vertex -1.82628 15.3801 1.2
    endloop
  endfacet
  facet normal -0 0 1
    outer loop
      vertex -2.31329 16.0147 1.2
      vertex -1.82628 15.3801 1.2
      vertex -1.9 16.2909 1.2
    endloop
  endfacet
  facet normal 0 0 1
    outer loop
      vertex -1.82628 15.3801 1.2
      vertex -2.31329 16.0147 1.2
      vertex -2.12132 15.1213 1.2
    endloop
  endfacet
  facet normal -0 0 1
    outer loop
      vertex -2.68701 15.687 1.2
      vertex -2.12132 15.1213 1.2
      vertex -2.31329 16.0147 1.2
    endloop
  endfacet
  facet normal 0 0 1
    outer loop
      vertex -2.12132 15.1213 1.2
      vertex -2.68701 15.687 1.2
      vertex -2.38006 14.8263 1.2
    endloop
  endfacet
  facet normal -0 0 1
    outer loop
      vertex -3.01474 15.3133 1.2
      vertex -2.38006 14.8263 1.2
      vertex -2.68701 15.687 1.2
    endloop
  endfacet
  facet normal 0 0 1
    outer loop
      vertex -2.38006 14.8263 1.2
      vertex -3.01474 15.3133 1.2
      vertex -2.59808 14.5 1.2
    endloop
  endfacet
  facet normal -0 0 1
    outer loop
      vertex -3.2909 14.9 1.2
      vertex -2.59808 14.5 1.2
      vertex -3.01474 15.3133 1.2
    endloop
  endfacet
  facet normal 0 0 1
    outer loop
      vertex -2.59808 14.5 1.2
      vertex -3.2909 14.9 1.2
      vertex -2.77164 14.148 1.2
    endloop
  endfacet
  facet normal 0 0 1
    outer loop
      vertex -2.77164 14.148 1.2
      vertex -3.51074 14.4542 1.2
      vertex -2.89778 13.7765 1.2
    endloop
  endfacet
  facet normal -0 0 1
    outer loop
      vertex -3.51074 14.4542 1.2
      vertex -2.77164 14.148 1.2
      vertex -3.2909 14.9 1.2
    endloop
  endfacet
  facet normal -0 0 1
    outer loop
      vertex 2.77164 11.852 1.2
      vertex 3.51074 11.5458 1.2
      vertex 2.89778 12.2235 1.2
    endloop
  endfacet
  facet normal 0 0 1
    outer loop
      vertex 3.51074 11.5458 1.2
      vertex 2.77164 11.852 1.2
      vertex 3.2909 11.1 1.2
    endloop
  endfacet
  facet normal -0 0 1
    outer loop
      vertex 2.59808 11.5 1.2
      vertex 3.2909 11.1 1.2
      vertex 2.77164 11.852 1.2
    endloop
  endfacet
  facet normal 0 0 1
    outer loop
      vertex 3.2909 11.1 1.2
      vertex 2.59808 11.5 1.2
      vertex 3.01474 10.6867 1.2
    endloop
  endfacet
  facet normal -0 0 1
    outer loop
      vertex 2.38006 11.1737 1.2
      vertex 3.01474 10.6867 1.2
      vertex 2.59808 11.5 1.2
    endloop
  endfacet
  facet normal 0 0 1
    outer loop
      vertex 3.01474 10.6867 1.2
      vertex 2.38006 11.1737 1.2
      vertex 2.68701 10.313 1.2
    endloop
  endfacet
  facet normal -0 0 1
    outer loop
      vertex 2.12132 10.8787 1.2
      vertex 2.68701 10.313 1.2
      vertex 2.38006 11.1737 1.2
    endloop
  endfacet
  facet normal 0 0 1
    outer loop
      vertex 2.68701 10.313 1.2
      vertex 2.12132 10.8787 1.2
      vertex 2.31329 9.98526 1.2
    endloop
  endfacet
  facet normal -0 0 1
    outer loop
      vertex 1.82628 10.6199 1.2
      vertex 2.31329 9.98526 1.2
      vertex 2.12132 10.8787 1.2
    endloop
  endfacet
  facet normal 0 0 1
    outer loop
      vertex 2.31329 9.98526 1.2
      vertex 1.82628 10.6199 1.2
      vertex 1.9 9.7091 1.2
    endloop
  endfacet
  facet normal -0 0 1
    outer loop
      vertex 1.5 10.4019 1.2
      vertex 1.9 9.7091 1.2
      vertex 1.82628 10.6199 1.2
    endloop
  endfacet
  facet normal 0 0 1
    outer loop
      vertex 1.5 10.4019 1.2
      vertex 1.4542 9.48926 1.2
      vertex 1.9 9.7091 1.2
    endloop
  endfacet
  facet normal -0 0 1
    outer loop
      vertex 1.14805 10.2284 1.2
      vertex 1.4542 9.48926 1.2
      vertex 1.5 10.4019 1.2
    endloop
  endfacet
  facet normal 0 0 1
    outer loop
      vertex 1.14805 10.2284 1.2
      vertex 0.983512 9.32948 1.2
      vertex 1.4542 9.48926 1.2
    endloop
  endfacet
  facet normal -0 0 1
    outer loop
      vertex 0.776457 10.1022 1.2
      vertex 0.983512 9.32948 1.2
      vertex 1.14805 10.2284 1.2
    endloop
  endfacet
  facet normal 0 0 1
    outer loop
      vertex 0.776457 10.1022 1.2
      vertex 0.495999 9.23251 1.2
      vertex 0.983512 9.32948 1.2
    endloop
  endfacet
  facet normal -0 0 1
    outer loop
      vertex 0.391578 10.0257 1.2
      vertex 0.495999 9.23251 1.2
      vertex 0.776457 10.1022 1.2
    endloop
  endfacet
  facet normal -0 0 1
    outer loop
      vertex 0 10 1.2
      vertex 0.495999 9.23251 1.2
      vertex 0.391578 10.0257 1.2
    endloop
  endfacet
  facet normal 0 0 1
    outer loop
      vertex 0 10 1.2
      vertex 0 9.2 1.2
      vertex 0.495999 9.23251 1.2
    endloop
  endfacet
  facet normal 0 0 1
    outer loop
      vertex -0.391578 10.0257 1.2
      vertex 0 9.2 1.2
      vertex 0 10 1.2
    endloop
  endfacet
  facet normal 0 0 1
    outer loop
      vertex -0.391578 10.0257 1.2
      vertex -0.495999 9.23251 1.2
      vertex 0 9.2 1.2
    endloop
  endfacet
  facet normal 0 0 1
    outer loop
      vertex -0.776457 10.1022 1.2
      vertex -0.495999 9.23251 1.2
      vertex -0.391578 10.0257 1.2
    endloop
  endfacet
  facet normal 0 0 1
    outer loop
      vertex -0.776457 10.1022 1.2
      vertex -0.983512 9.32948 1.2
      vertex -0.495999 9.23251 1.2
    endloop
  endfacet
  facet normal 0 0 1
    outer loop
      vertex -1.14805 10.2284 1.2
      vertex -0.983512 9.32948 1.2
      vertex -0.776457 10.1022 1.2
    endloop
  endfacet
  facet normal 0 0 1
    outer loop
      vertex -1.14805 10.2284 1.2
      vertex -1.4542 9.48926 1.2
      vertex -0.983512 9.32948 1.2
    endloop
  endfacet
  facet normal 0 0 1
    outer loop
      vertex -1.5 10.4019 1.2
      vertex -1.4542 9.48926 1.2
      vertex -1.14805 10.2284 1.2
    endloop
  endfacet
  facet normal 0 0 1
    outer loop
      vertex -1.9 9.7091 1.2
      vertex -1.5 10.4019 1.2
      vertex -1.82628 10.6199 1.2
    endloop
  endfacet
  facet normal 0 0 1
    outer loop
      vertex -1.5 10.4019 1.2
      vertex -1.9 9.7091 1.2
      vertex -1.4542 9.48926 1.2
    endloop
  endfacet
  facet normal 0 0 1
    outer loop
      vertex -2.31329 9.98526 1.2
      vertex -1.82628 10.6199 1.2
      vertex -2.12132 10.8787 1.2
    endloop
  endfacet
  facet normal 0 0 1
    outer loop
      vertex -1.82628 10.6199 1.2
      vertex -2.31329 9.98526 1.2
      vertex -1.9 9.7091 1.2
    endloop
  endfacet
  facet normal 0 0 1
    outer loop
      vertex -2.68701 10.313 1.2
      vertex -2.12132 10.8787 1.2
      vertex -2.38006 11.1737 1.2
    endloop
  endfacet
  facet normal 0 0 1
    outer loop
      vertex -3.01474 10.6867 1.2
      vertex -2.38006 11.1737 1.2
      vertex -2.59808 11.5 1.2
    endloop
  endfacet
  facet normal 0 0 1
    outer loop
      vertex -2.12132 10.8787 1.2
      vertex -2.68701 10.313 1.2
      vertex -2.31329 9.98526 1.2
    endloop
  endfacet
  facet normal 0 0 1
    outer loop
      vertex -3.2909 11.1 1.2
      vertex -2.59808 11.5 1.2
      vertex -2.77164 11.852 1.2
    endloop
  endfacet
  facet normal 0 0 1
    outer loop
      vertex -3.51074 11.5458 1.2
      vertex -2.77164 11.852 1.2
      vertex -2.89778 12.2235 1.2
    endloop
  endfacet
  facet normal 0 0 1
    outer loop
      vertex -3.67052 12.0165 1.2
      vertex -2.89778 12.2235 1.2
      vertex -2.97433 12.6084 1.2
    endloop
  endfacet
  facet normal 0 0 1
    outer loop
      vertex -2.38006 11.1737 1.2
      vertex -3.01474 10.6867 1.2
      vertex -2.68701 10.313 1.2
    endloop
  endfacet
  facet normal 0 0 1
    outer loop
      vertex -3.76749 12.504 1.2
      vertex -2.97433 12.6084 1.2
      vertex -3 13 1.2
    endloop
  endfacet
  facet normal -0 0 1
    outer loop
      vertex -3.67052 13.9835 1.2
      vertex -2.89778 13.7765 1.2
      vertex -3.51074 14.4542 1.2
    endloop
  endfacet
  facet normal 0 0 1
    outer loop
      vertex -2.89778 13.7765 1.2
      vertex -3.67052 13.9835 1.2
      vertex -2.97433 13.3916 1.2
    endloop
  endfacet
  facet normal 0 0 1
    outer loop
      vertex -2.59808 11.5 1.2
      vertex -3.2909 11.1 1.2
      vertex -3.01474 10.6867 1.2
    endloop
  endfacet
  facet normal -0 0 1
    outer loop
      vertex -3.76749 13.496 1.2
      vertex -2.97433 13.3916 1.2
      vertex -3.67052 13.9835 1.2
    endloop
  endfacet
  facet normal 0 0 1
    outer loop
      vertex -2.77164 11.852 1.2
      vertex -3.51074 11.5458 1.2
      vertex -3.2909 11.1 1.2
    endloop
  endfacet
  facet normal 0 0 1
    outer loop
      vertex -2.97433 13.3916 1.2
      vertex -3.76749 13.496 1.2
      vertex -3 13 1.2
    endloop
  endfacet
  facet normal 0 0 1
    outer loop
      vertex -2.89778 12.2235 1.2
      vertex -3.67052 12.0165 1.2
      vertex -3.51074 11.5458 1.2
    endloop
  endfacet
  facet normal 0 0 1
    outer loop
      vertex -3.8 13 1.2
      vertex -3 13 1.2
      vertex -3.76749 13.496 1.2
    endloop
  endfacet
  facet normal 0 0 1
    outer loop
      vertex -2.97433 12.6084 1.2
      vertex -3.76749 12.504 1.2
      vertex -3.67052 12.0165 1.2
    endloop
  endfacet
  facet normal 0 0 1
    outer loop
      vertex -3 13 1.2
      vertex -3.8 13 1.2
      vertex -3.76749 12.504 1.2
    endloop
  endfacet
  facet normal -0.659342 -0.751843 0
    outer loop
      vertex -2.68701 10.313 0
      vertex -2.31329 9.98526 1.2
      vertex -2.68701 10.313 1.2
    endloop
  endfacet
  facet normal -0.659342 -0.751843 -0
    outer loop
      vertex -2.31329 9.98526 1.2
      vertex -2.68701 10.313 0
      vertex -2.31329 9.98526 0
    endloop
  endfacet
  facet normal 0 0 -1
    outer loop
      vertex 3.76749 12.504 0
      vertex 3.76749 13.496 0
      vertex 3.8 13 0
    endloop
  endfacet
  facet normal 0 0 -1
    outer loop
      vertex 3.67052 12.0165 0
      vertex 3.76749 13.496 0
      vertex 3.76749 12.504 0
    endloop
  endfacet
  facet normal 0 0 -1
    outer loop
      vertex 3.67052 12.0165 0
      vertex 3.67052 13.9835 0
      vertex 3.76749 13.496 0
    endloop
  endfacet
  facet normal 0 0 -1
    outer loop
      vertex 3.51074 11.5458 0
      vertex 3.67052 13.9835 0
      vertex 3.67052 12.0165 0
    endloop
  endfacet
  facet normal 0 0 -1
    outer loop
      vertex 3.51074 11.5458 0
      vertex 3.51074 14.4542 0
      vertex 3.67052 13.9835 0
    endloop
  endfacet
  facet normal 0 0 -1
    outer loop
      vertex 3.2909 11.1 0
      vertex 3.51074 14.4542 0
      vertex 3.51074 11.5458 0
    endloop
  endfacet
  facet normal 0 0 -1
    outer loop
      vertex 3.2909 11.1 0
      vertex 3.2909 14.9 0
      vertex 3.51074 14.4542 0
    endloop
  endfacet
  facet normal 0 0 -1
    outer loop
      vertex 3.01474 10.6867 0
      vertex 3.2909 14.9 0
      vertex 3.2909 11.1 0
    endloop
  endfacet
  facet normal 0 0 -1
    outer loop
      vertex 3.01474 10.6867 0
      vertex 3.01474 15.3133 0
      vertex 3.2909 14.9 0
    endloop
  endfacet
  facet normal 0 0 -1
    outer loop
      vertex 2.68701 10.313 0
      vertex 3.01474 15.3133 0
      vertex 3.01474 10.6867 0
    endloop
  endfacet
  facet normal 0 0 -1
    outer loop
      vertex 2.68701 10.313 0
      vertex 2.68701 15.687 0
      vertex 3.01474 15.3133 0
    endloop
  endfacet
  facet normal 0 0 -1
    outer loop
      vertex 2.31329 9.98526 0
      vertex 2.68701 15.687 0
      vertex 2.68701 10.313 0
    endloop
  endfacet
  facet normal 0 0 -1
    outer loop
      vertex 2.31329 9.98526 0
      vertex 2.31329 16.0147 0
      vertex 2.68701 15.687 0
    endloop
  endfacet
  facet normal 0 0 -1
    outer loop
      vertex 1.9 9.7091 0
      vertex 2.31329 16.0147 0
      vertex 2.31329 9.98526 0
    endloop
  endfacet
  facet normal 0 0 -1
    outer loop
      vertex 1.9 9.7091 0
      vertex 1.9 16.2909 0
      vertex 2.31329 16.0147 0
    endloop
  endfacet
  facet normal 0 0 -1
    outer loop
      vertex 1.4542 9.48926 0
      vertex 1.9 16.2909 0
      vertex 1.9 9.7091 0
    endloop
  endfacet
  facet normal 0 0 -1
    outer loop
      vertex 1.4542 9.48926 0
      vertex 1.4542 16.5107 0
      vertex 1.9 16.2909 0
    endloop
  endfacet
  facet normal 0 0 -1
    outer loop
      vertex 0.983512 9.32948 0
      vertex 1.4542 16.5107 0
      vertex 1.4542 9.48926 0
    endloop
  endfacet
  facet normal 0 0 -1
    outer loop
      vertex 0.983512 9.32948 0
      vertex 0.983512 16.6705 0
      vertex 1.4542 16.5107 0
    endloop
  endfacet
  facet normal 0 0 -1
    outer loop
      vertex 0.495999 9.23251 0
      vertex 0.983512 16.6705 0
      vertex 0.983512 9.32948 0
    endloop
  endfacet
  facet normal 0 0 -1
    outer loop
      vertex 0.495999 9.23251 0
      vertex 0.495999 16.7675 0
      vertex 0.983512 16.6705 0
    endloop
  endfacet
  facet normal 0 0 -1
    outer loop
      vertex 0 9.2 0
      vertex 0.495999 16.7675 0
      vertex 0.495999 9.23251 0
    endloop
  endfacet
  facet normal 0 0 -1
    outer loop
      vertex 0 9.2 0
      vertex 0 16.8 0
      vertex 0.495999 16.7675 0
    endloop
  endfacet
  facet normal 0 0 -1
    outer loop
      vertex -0.495999 9.23251 0
      vertex 0 16.8 0
      vertex 0 9.2 0
    endloop
  endfacet
  facet normal 0 0 -1
    outer loop
      vertex -0.495999 9.23251 0
      vertex -0.495999 16.7675 0
      vertex 0 16.8 0
    endloop
  endfacet
  facet normal 0 0 -1
    outer loop
      vertex -0.983512 9.32948 0
      vertex -0.495999 16.7675 0
      vertex -0.495999 9.23251 0
    endloop
  endfacet
  facet normal 0 0 -1
    outer loop
      vertex -0.983512 9.32948 0
      vertex -0.983512 16.6705 0
      vertex -0.495999 16.7675 0
    endloop
  endfacet
  facet normal 0 0 -1
    outer loop
      vertex -1.4542 9.48926 0
      vertex -0.983512 16.6705 0
      vertex -0.983512 9.32948 0
    endloop
  endfacet
  facet normal 0 0 -1
    outer loop
      vertex -1.4542 9.48926 0
      vertex -1.4542 16.5107 0
      vertex -0.983512 16.6705 0
    endloop
  endfacet
  facet normal 0 0 -1
    outer loop
      vertex -1.9 9.7091 0
      vertex -1.4542 16.5107 0
      vertex -1.4542 9.48926 0
    endloop
  endfacet
  facet normal 0 0 -1
    outer loop
      vertex -1.9 9.7091 0
      vertex -1.9 16.2909 0
      vertex -1.4542 16.5107 0
    endloop
  endfacet
  facet normal 0 0 -1
    outer loop
      vertex -2.31329 9.98526 0
      vertex -1.9 16.2909 0
      vertex -1.9 9.7091 0
    endloop
  endfacet
  facet normal 0 0 -1
    outer loop
      vertex -2.31329 9.98526 0
      vertex -2.31329 16.0147 0
      vertex -1.9 16.2909 0
    endloop
  endfacet
  facet normal 0 0 -1
    outer loop
      vertex -2.68701 10.313 0
      vertex -2.31329 16.0147 0
      vertex -2.31329 9.98526 0
    endloop
  endfacet
  facet normal 0 0 -1
    outer loop
      vertex -2.68701 10.313 0
      vertex -2.68701 15.687 0
      vertex -2.31329 16.0147 0
    endloop
  endfacet
  facet normal 0 0 -1
    outer loop
      vertex -3.01474 10.6867 0
      vertex -2.68701 15.687 0
      vertex -2.68701 10.313 0
    endloop
  endfacet
  facet normal 0 0 -1
    outer loop
      vertex -3.01474 10.6867 0
      vertex -3.01474 15.3133 0
      vertex -2.68701 15.687 0
    endloop
  endfacet
  facet normal 0 0 -1
    outer loop
      vertex -3.2909 11.1 0
      vertex -3.01474 15.3133 0
      vertex -3.01474 10.6867 0
    endloop
  endfacet
  facet normal 0 0 -1
    outer loop
      vertex -3.2909 11.1 0
      vertex -3.2909 14.9 0
      vertex -3.01474 15.3133 0
    endloop
  endfacet
  facet normal 0 0 -1
    outer loop
      vertex -3.51074 11.5458 0
      vertex -3.2909 14.9 0
      vertex -3.2909 11.1 0
    endloop
  endfacet
  facet normal 0 0 -1
    outer loop
      vertex -3.51074 11.5458 0
      vertex -3.51074 14.4542 0
      vertex -3.2909 14.9 0
    endloop
  endfacet
  facet normal 0 0 -1
    outer loop
      vertex -3.67052 12.0165 0
      vertex -3.51074 14.4542 0
      vertex -3.51074 11.5458 0
    endloop
  endfacet
  facet normal 0 0 -1
    outer loop
      vertex -3.67052 12.0165 0
      vertex -3.67052 13.9835 0
      vertex -3.51074 14.4542 0
    endloop
  endfacet
  facet normal 0 0 -1
    outer loop
      vertex -3.76749 12.504 0
      vertex -3.67052 13.9835 0
      vertex -3.67052 12.0165 0
    endloop
  endfacet
  facet normal 0 0 -1
    outer loop
      vertex -3.76749 12.504 0
      vertex -3.76749 13.496 0
      vertex -3.67052 13.9835 0
    endloop
  endfacet
  facet normal 0 -0 -1
    outer loop
      vertex -3.76749 13.496 0
      vertex -3.76749 12.504 0
      vertex -3.8 13 0
    endloop
  endfacet
  facet normal 0.555582 -0.831462 0
    outer loop
      vertex 1.9 9.7091 0
      vertex 2.31329 9.98526 1.2
      vertex 1.9 9.7091 1.2
    endloop
  endfacet
  facet normal 0.555582 -0.831462 0
    outer loop
      vertex 2.31329 9.98526 1.2
      vertex 1.9 9.7091 0
      vertex 2.31329 9.98526 0
    endloop
  endfacet
  facet normal 0.321481 0.946916 -0
    outer loop
      vertex 1.4542 16.5107 0
      vertex 0.983512 16.6705 1.2
      vertex 1.4542 16.5107 1.2
    endloop
  endfacet
  facet normal 0.321481 0.946916 0
    outer loop
      vertex 0.983512 16.6705 1.2
      vertex 1.4542 16.5107 0
      vertex 0.983512 16.6705 0
    endloop
  endfacet
  facet normal -0.321481 0.946916 0
    outer loop
      vertex -0.983512 16.6705 0
      vertex -1.4542 16.5107 1.2
      vertex -0.983512 16.6705 1.2
    endloop
  endfacet
  facet normal -0.321481 0.946916 0
    outer loop
      vertex -1.4542 16.5107 1.2
      vertex -0.983512 16.6705 0
      vertex -1.4542 16.5107 0
    endloop
  endfacet
  facet normal 0.831468 0.555573 0
    outer loop
      vertex 3.2909 14.9 1.2
      vertex 3.01474 15.3133 0
      vertex 3.01474 15.3133 1.2
    endloop
  endfacet
  facet normal 0.831468 0.555573 0
    outer loop
      vertex 3.01474 15.3133 0
      vertex 3.2909 14.9 1.2
      vertex 3.2909 14.9 0
    endloop
  endfacet
  facet normal 0.195086 -0.980786 0
    outer loop
      vertex 0.495999 9.23251 0
      vertex 0.983512 9.32948 1.2
      vertex 0.495999 9.23251 1.2
    endloop
  endfacet
  facet normal 0.195086 -0.980786 0
    outer loop
      vertex 0.983512 9.32948 1.2
      vertex 0.495999 9.23251 0
      vertex 0.983512 9.32948 0
    endloop
  endfacet
  facet normal 0.555638 0.831425 -0
    outer loop
      vertex 2.31329 16.0147 0
      vertex 1.9 16.2909 1.2
      vertex 2.31329 16.0147 1.2
    endloop
  endfacet
  facet normal 0.555638 0.831425 0
    outer loop
      vertex 1.9 16.2909 1.2
      vertex 2.31329 16.0147 0
      vertex 1.9 16.2909 0
    endloop
  endfacet
  facet normal -0.0653841 0.99786 0
    outer loop
      vertex 0 16.8 0
      vertex -0.495999 16.7675 1.2
      vertex 0 16.8 1.2
    endloop
  endfacet
  facet normal -0.0653841 0.99786 0
    outer loop
      vertex -0.495999 16.7675 1.2
      vertex 0 16.8 0
      vertex -0.495999 16.7675 0
    endloop
  endfacet
  facet normal -0.555582 -0.831462 0
    outer loop
      vertex -2.31329 9.98526 0
      vertex -1.9 9.7091 1.2
      vertex -2.31329 9.98526 1.2
    endloop
  endfacet
  facet normal -0.555582 -0.831462 -0
    outer loop
      vertex -1.9 9.7091 1.2
      vertex -2.31329 9.98526 0
      vertex -1.9 9.7091 0
    endloop
  endfacet
  facet normal 0.659296 0.751883 -0
    outer loop
      vertex 2.68701 15.687 0
      vertex 2.31329 16.0147 1.2
      vertex 2.68701 15.687 1.2
    endloop
  endfacet
  facet normal 0.659296 0.751883 0
    outer loop
      vertex 2.31329 16.0147 1.2
      vertex 2.68701 15.687 0
      vertex 2.31329 16.0147 0
    endloop
  endfacet
  facet normal -0.555638 0.831425 0
    outer loop
      vertex -1.9 16.2909 0
      vertex -2.31329 16.0147 1.2
      vertex -1.9 16.2909 1.2
    endloop
  endfacet
  facet normal -0.555638 0.831425 0
    outer loop
      vertex -2.31329 16.0147 1.2
      vertex -1.9 16.2909 0
      vertex -2.31329 16.0147 0
    endloop
  endfacet
  facet normal -0.442217 0.896908 0
    outer loop
      vertex -1.4542 16.5107 0
      vertex -1.9 16.2909 1.2
      vertex -1.4542 16.5107 1.2
    endloop
  endfacet
  facet normal -0.442217 0.896908 0
    outer loop
      vertex -1.9 16.2909 1.2
      vertex -1.4542 16.5107 0
      vertex -1.9 16.2909 0
    endloop
  endfacet
  facet normal 0.659342 -0.751843 0
    outer loop
      vertex 2.31329 9.98526 0
      vertex 2.68701 10.313 1.2
      vertex 2.31329 9.98526 1.2
    endloop
  endfacet
  facet normal 0.659342 -0.751843 0
    outer loop
      vertex 2.68701 10.313 1.2
      vertex 2.31329 9.98526 0
      vertex 2.68701 10.313 0
    endloop
  endfacet
  facet normal 0.751836 0.65935 0
    outer loop
      vertex 3.01474 15.3133 1.2
      vertex 2.68701 15.687 0
      vertex 2.68701 15.687 1.2
    endloop
  endfacet
  facet normal 0.751836 0.65935 0
    outer loop
      vertex 2.68701 15.687 0
      vertex 3.01474 15.3133 1.2
      vertex 3.01474 15.3133 0
    endloop
  endfacet
  facet normal -0.946931 0.321437 0
    outer loop
      vertex -3.67052 13.9835 0
      vertex -3.51074 14.4542 1.2
      vertex -3.51074 14.4542 0
    endloop
  endfacet
  facet normal -0.946931 0.321437 0
    outer loop
      vertex -3.51074 14.4542 1.2
      vertex -3.67052 13.9835 0
      vertex -3.67052 13.9835 1.2
    endloop
  endfacet
  facet normal 0.980785 -0.195091 0
    outer loop
      vertex 3.67052 12.0165 1.2
      vertex 3.76749 12.504 0
      vertex 3.76749 12.504 1.2
    endloop
  endfacet
  facet normal 0.980785 -0.195091 0
    outer loop
      vertex 3.76749 12.504 0
      vertex 3.67052 12.0165 1.2
      vertex 3.67052 12.0165 0
    endloop
  endfacet
  facet normal 0.831468 -0.555573 0
    outer loop
      vertex 3.01474 10.6867 1.2
      vertex 3.2909 11.1 0
      vertex 3.2909 11.1 1.2
    endloop
  endfacet
  facet normal 0.831468 -0.555573 0
    outer loop
      vertex 3.2909 11.1 0
      vertex 3.01474 10.6867 1.2
      vertex 3.01474 10.6867 0
    endloop
  endfacet
  facet normal 0.751836 -0.65935 0
    outer loop
      vertex 2.68701 10.313 1.2
      vertex 3.01474 10.6867 0
      vertex 3.01474 10.6867 1.2
    endloop
  endfacet
  facet normal 0.751836 -0.65935 0
    outer loop
      vertex 3.01474 10.6867 0
      vertex 2.68701 10.313 1.2
      vertex 2.68701 10.313 0
    endloop
  endfacet
  facet normal -0.997859 0.065404 0
    outer loop
      vertex -3.8 13 0
      vertex -3.76749 13.496 1.2
      vertex -3.76749 13.496 0
    endloop
  endfacet
  facet normal -0.997859 0.065404 0
    outer loop
      vertex -3.76749 13.496 1.2
      vertex -3.8 13 0
      vertex -3.8 13 1.2
    endloop
  endfacet
  facet normal -0.896876 0.442282 0
    outer loop
      vertex -3.51074 14.4542 0
      vertex -3.2909 14.9 1.2
      vertex -3.2909 14.9 0
    endloop
  endfacet
  facet normal -0.896876 0.442282 0
    outer loop
      vertex -3.2909 14.9 1.2
      vertex -3.51074 14.4542 0
      vertex -3.51074 14.4542 1.2
    endloop
  endfacet
  facet normal -0.997859 -0.065404 0
    outer loop
      vertex -3.76749 12.504 0
      vertex -3.8 13 1.2
      vertex -3.8 13 0
    endloop
  endfacet
  facet normal -0.997859 -0.065404 0
    outer loop
      vertex -3.8 13 1.2
      vertex -3.76749 12.504 0
      vertex -3.76749 12.504 1.2
    endloop
  endfacet
  facet normal -0.946931 -0.321437 0
    outer loop
      vertex -3.51074 11.5458 0
      vertex -3.67052 12.0165 1.2
      vertex -3.67052 12.0165 0
    endloop
  endfacet
  facet normal -0.946931 -0.321437 0
    outer loop
      vertex -3.67052 12.0165 1.2
      vertex -3.51074 11.5458 0
      vertex -3.51074 11.5458 1.2
    endloop
  endfacet
  facet normal 0.195144 0.980775 -0
    outer loop
      vertex 0.983512 16.6705 0
      vertex 0.495999 16.7675 1.2
      vertex 0.983512 16.6705 1.2
    endloop
  endfacet
  facet normal 0.195144 0.980775 0
    outer loop
      vertex 0.495999 16.7675 1.2
      vertex 0.983512 16.6705 0
      vertex 0.495999 16.7675 0
    endloop
  endfacet
  facet normal -0.659296 0.751883 0
    outer loop
      vertex -2.31329 16.0147 0
      vertex -2.68701 15.687 1.2
      vertex -2.31329 16.0147 1.2
    endloop
  endfacet
  facet normal -0.659296 0.751883 0
    outer loop
      vertex -2.68701 15.687 1.2
      vertex -2.31329 16.0147 0
      vertex -2.68701 15.687 0
    endloop
  endfacet
  facet normal -0.751836 0.65935 0
    outer loop
      vertex -3.01474 15.3133 0
      vertex -2.68701 15.687 1.2
      vertex -2.68701 15.687 0
    endloop
  endfacet
  facet normal -0.751836 0.65935 0
    outer loop
      vertex -2.68701 15.687 1.2
      vertex -3.01474 15.3133 0
      vertex -3.01474 15.3133 1.2
    endloop
  endfacet
  facet normal 0.0654041 -0.997859 0
    outer loop
      vertex 0 9.2 0
      vertex 0.495999 9.23251 1.2
      vertex 0 9.2 1.2
    endloop
  endfacet
  facet normal 0.0654041 -0.997859 0
    outer loop
      vertex 0.495999 9.23251 1.2
      vertex 0 9.2 0
      vertex 0.495999 9.23251 0
    endloop
  endfacet
  facet normal 0.896876 -0.442282 0
    outer loop
      vertex 3.2909 11.1 1.2
      vertex 3.51074 11.5458 0
      vertex 3.51074 11.5458 1.2
    endloop
  endfacet
  facet normal 0.896876 -0.442282 0
    outer loop
      vertex 3.51074 11.5458 0
      vertex 3.2909 11.1 1.2
      vertex 3.2909 11.1 0
    endloop
  endfacet
  facet normal -0.751836 -0.65935 0
    outer loop
      vertex -2.68701 10.313 0
      vertex -3.01474 10.6867 1.2
      vertex -3.01474 10.6867 0
    endloop
  endfacet
  facet normal -0.751836 -0.65935 0
    outer loop
      vertex -3.01474 10.6867 1.2
      vertex -2.68701 10.313 0
      vertex -2.68701 10.313 1.2
    endloop
  endfacet
  facet normal -0.0654041 -0.997859 0
    outer loop
      vertex -0.495999 9.23251 0
      vertex 0 9.2 1.2
      vertex -0.495999 9.23251 1.2
    endloop
  endfacet
  facet normal -0.0654041 -0.997859 -0
    outer loop
      vertex 0 9.2 1.2
      vertex -0.495999 9.23251 0
      vertex 0 9.2 0
    endloop
  endfacet
  facet normal -0.831468 -0.555573 0
    outer loop
      vertex -3.01474 10.6867 0
      vertex -3.2909 11.1 1.2
      vertex -3.2909 11.1 0
    endloop
  endfacet
  facet normal -0.831468 -0.555573 0
    outer loop
      vertex -3.2909 11.1 1.2
      vertex -3.01474 10.6867 0
      vertex -3.01474 10.6867 1.2
    endloop
  endfacet
  facet normal 0.946931 -0.321437 0
    outer loop
      vertex 3.51074 11.5458 1.2
      vertex 3.67052 12.0165 0
      vertex 3.67052 12.0165 1.2
    endloop
  endfacet
  facet normal 0.946931 -0.321437 0
    outer loop
      vertex 3.67052 12.0165 0
      vertex 3.51074 11.5458 1.2
      vertex 3.51074 11.5458 0
    endloop
  endfacet
  facet normal -0.195086 -0.980786 0
    outer loop
      vertex -0.983512 9.32948 0
      vertex -0.495999 9.23251 1.2
      vertex -0.983512 9.32948 1.2
    endloop
  endfacet
  facet normal -0.195086 -0.980786 -0
    outer loop
      vertex -0.495999 9.23251 1.2
      vertex -0.983512 9.32948 0
      vertex -0.495999 9.23251 0
    endloop
  endfacet
  facet normal 0.0653841 0.99786 -0
    outer loop
      vertex 0.495999 16.7675 0
      vertex 0 16.8 1.2
      vertex 0.495999 16.7675 1.2
    endloop
  endfacet
  facet normal 0.0653841 0.99786 0
    outer loop
      vertex 0 16.8 1.2
      vertex 0.495999 16.7675 0
      vertex 0 16.8 0
    endloop
  endfacet
  facet normal -0.980785 -0.195091 0
    outer loop
      vertex -3.67052 12.0165 0
      vertex -3.76749 12.504 1.2
      vertex -3.76749 12.504 0
    endloop
  endfacet
  facet normal -0.980785 -0.195091 0
    outer loop
      vertex -3.76749 12.504 1.2
      vertex -3.67052 12.0165 0
      vertex -3.67052 12.0165 1.2
    endloop
  endfacet
  facet normal -0.321445 -0.946928 0
    outer loop
      vertex -1.4542 9.48926 0
      vertex -0.983512 9.32948 1.2
      vertex -1.4542 9.48926 1.2
    endloop
  endfacet
  facet normal -0.321445 -0.946928 -0
    outer loop
      vertex -0.983512 9.32948 1.2
      vertex -1.4542 9.48926 0
      vertex -0.983512 9.32948 0
    endloop
  endfacet
  facet normal -0.442282 -0.896876 0
    outer loop
      vertex -1.9 9.7091 0
      vertex -1.4542 9.48926 1.2
      vertex -1.9 9.7091 1.2
    endloop
  endfacet
  facet normal -0.442282 -0.896876 -0
    outer loop
      vertex -1.4542 9.48926 1.2
      vertex -1.9 9.7091 0
      vertex -1.4542 9.48926 0
    endloop
  endfacet
  facet normal 0.980791 0.195062 0
    outer loop
      vertex 2.97433 13.3916 9.7
      vertex 2.89778 13.7765 1.2
      vertex 2.89778 13.7765 9.7
    endloop
  endfacet
  facet normal 0.980791 0.195062 0
    outer loop
      vertex 2.89778 13.7765 1.2
      vertex 2.97433 13.3916 9.7
      vertex 2.97433 13.3916 1.2
    endloop
  endfacet
  facet normal 0.997858 0.0654112 0
    outer loop
      vertex 3 13 9.7
      vertex 2.97433 13.3916 1.2
      vertex 2.97433 13.3916 9.7
    endloop
  endfacet
  facet normal 0.997858 0.0654112 0
    outer loop
      vertex 2.97433 13.3916 1.2
      vertex 3 13 9.7
      vertex 3 13 1.2
    endloop
  endfacet
  facet normal 0.980791 -0.195062 0
    outer loop
      vertex 2.89778 12.2235 9.7
      vertex 2.97433 12.6084 1.2
      vertex 2.97433 12.6084 9.7
    endloop
  endfacet
  facet normal 0.980791 -0.195062 0
    outer loop
      vertex 2.97433 12.6084 1.2
      vertex 2.89778 12.2235 9.7
      vertex 2.89778 12.2235 1.2
    endloop
  endfacet
  facet normal -0.751799 -0.659392 0
    outer loop
      vertex -2.12132 10.8787 1.2
      vertex -2.38006 11.1737 9.7
      vertex -2.38006 11.1737 1.2
    endloop
  endfacet
  facet normal -0.751799 -0.659392 0
    outer loop
      vertex -2.38006 11.1737 9.7
      vertex -2.12132 10.8787 1.2
      vertex -2.12132 10.8787 9.7
    endloop
  endfacet
  facet normal 0 0 1
    outer loop
      vertex 2.97433 13.3916 9.7
      vertex 2.97433 12.6084 9.7
      vertex 3 13 9.7
    endloop
  endfacet
  facet normal 0 0 1
    outer loop
      vertex 2.89778 13.7765 9.7
      vertex 2.97433 12.6084 9.7
      vertex 2.97433 13.3916 9.7
    endloop
  endfacet
  facet normal 0 0 1
    outer loop
      vertex 2.89778 13.7765 9.7
      vertex 2.89778 12.2235 9.7
      vertex 2.97433 12.6084 9.7
    endloop
  endfacet
  facet normal 0 0 1
    outer loop
      vertex 2.77164 14.148 9.7
      vertex 2.89778 12.2235 9.7
      vertex 2.89778 13.7765 9.7
    endloop
  endfacet
  facet normal 0 0 1
    outer loop
      vertex 2.77164 14.148 9.7
      vertex 2.77164 11.852 9.7
      vertex 2.89778 12.2235 9.7
    endloop
  endfacet
  facet normal 0 0 1
    outer loop
      vertex 2.59808 14.5 9.7
      vertex 2.77164 11.852 9.7
      vertex 2.77164 14.148 9.7
    endloop
  endfacet
  facet normal 0 0 1
    outer loop
      vertex 2.59808 14.5 9.7
      vertex 2.59808 11.5 9.7
      vertex 2.77164 11.852 9.7
    endloop
  endfacet
  facet normal 0 0 1
    outer loop
      vertex 2.38006 14.8263 9.7
      vertex 2.59808 11.5 9.7
      vertex 2.59808 14.5 9.7
    endloop
  endfacet
  facet normal 0 0 1
    outer loop
      vertex 2.38006 14.8263 9.7
      vertex 2.38006 11.1737 9.7
      vertex 2.59808 11.5 9.7
    endloop
  endfacet
  facet normal 0 0 1
    outer loop
      vertex 2.12132 15.1213 9.7
      vertex 2.38006 11.1737 9.7
      vertex 2.38006 14.8263 9.7
    endloop
  endfacet
  facet normal 0 0 1
    outer loop
      vertex 2.12132 15.1213 9.7
      vertex 2.12132 10.8787 9.7
      vertex 2.38006 11.1737 9.7
    endloop
  endfacet
  facet normal 0 0 1
    outer loop
      vertex 1.82628 15.3801 9.7
      vertex 2.12132 10.8787 9.7
      vertex 2.12132 15.1213 9.7
    endloop
  endfacet
  facet normal 0 0 1
    outer loop
      vertex 1.82628 15.3801 9.7
      vertex 1.82628 10.6199 9.7
      vertex 2.12132 10.8787 9.7
    endloop
  endfacet
  facet normal 0 0 1
    outer loop
      vertex 1.5 15.5981 9.7
      vertex 1.82628 10.6199 9.7
      vertex 1.82628 15.3801 9.7
    endloop
  endfacet
  facet normal 0 0 1
    outer loop
      vertex 1.5 15.5981 9.7
      vertex 1.5 10.4019 9.7
      vertex 1.82628 10.6199 9.7
    endloop
  endfacet
  facet normal 0 0 1
    outer loop
      vertex 1.14805 15.7716 9.7
      vertex 1.5 10.4019 9.7
      vertex 1.5 15.5981 9.7
    endloop
  endfacet
  facet normal 0 0 1
    outer loop
      vertex 1.14805 15.7716 9.7
      vertex 1.14805 10.2284 9.7
      vertex 1.5 10.4019 9.7
    endloop
  endfacet
  facet normal 0 0 1
    outer loop
      vertex 0.776457 15.8978 9.7
      vertex 1.14805 10.2284 9.7
      vertex 1.14805 15.7716 9.7
    endloop
  endfacet
  facet normal 0 0 1
    outer loop
      vertex 0.776457 15.8978 9.7
      vertex 0.776457 10.1022 9.7
      vertex 1.14805 10.2284 9.7
    endloop
  endfacet
  facet normal 0 0 1
    outer loop
      vertex 0.391578 15.9743 9.7
      vertex 0.776457 10.1022 9.7
      vertex 0.776457 15.8978 9.7
    endloop
  endfacet
  facet normal 0 0 1
    outer loop
      vertex 0.391578 15.9743 9.7
      vertex 0.391578 10.0257 9.7
      vertex 0.776457 10.1022 9.7
    endloop
  endfacet
  facet normal 0 0 1
    outer loop
      vertex 0 16 9.7
      vertex 0.391578 10.0257 9.7
      vertex 0.391578 15.9743 9.7
    endloop
  endfacet
  facet normal 0 0 1
    outer loop
      vertex 0 16 9.7
      vertex 0 10 9.7
      vertex 0.391578 10.0257 9.7
    endloop
  endfacet
  facet normal -0 0 1
    outer loop
      vertex -0.391578 15.9743 9.7
      vertex 0 10 9.7
      vertex 0 16 9.7
    endloop
  endfacet
  facet normal 0 0 1
    outer loop
      vertex -0.391578 15.9743 9.7
      vertex -0.391578 10.0257 9.7
      vertex 0 10 9.7
    endloop
  endfacet
  facet normal -0 0 1
    outer loop
      vertex -0.776457 15.8978 9.7
      vertex -0.391578 10.0257 9.7
      vertex -0.391578 15.9743 9.7
    endloop
  endfacet
  facet normal 0 0 1
    outer loop
      vertex -0.776457 15.8978 9.7
      vertex -0.776457 10.1022 9.7
      vertex -0.391578 10.0257 9.7
    endloop
  endfacet
  facet normal -0 0 1
    outer loop
      vertex -1.14805 15.7716 9.7
      vertex -0.776457 10.1022 9.7
      vertex -0.776457 15.8978 9.7
    endloop
  endfacet
  facet normal 0 0 1
    outer loop
      vertex -1.14805 15.7716 9.7
      vertex -1.14805 10.2284 9.7
      vertex -0.776457 10.1022 9.7
    endloop
  endfacet
  facet normal -0 0 1
    outer loop
      vertex -1.5 15.5981 9.7
      vertex -1.14805 10.2284 9.7
      vertex -1.14805 15.7716 9.7
    endloop
  endfacet
  facet normal 0 0 1
    outer loop
      vertex -1.5 15.5981 9.7
      vertex -1.5 10.4019 9.7
      vertex -1.14805 10.2284 9.7
    endloop
  endfacet
  facet normal -0 0 1
    outer loop
      vertex -1.82628 15.3801 9.7
      vertex -1.5 10.4019 9.7
      vertex -1.5 15.5981 9.7
    endloop
  endfacet
  facet normal 0 0 1
    outer loop
      vertex -1.82628 15.3801 9.7
      vertex -1.82628 10.6199 9.7
      vertex -1.5 10.4019 9.7
    endloop
  endfacet
  facet normal -0 0 1
    outer loop
      vertex -2.12132 15.1213 9.7
      vertex -1.82628 10.6199 9.7
      vertex -1.82628 15.3801 9.7
    endloop
  endfacet
  facet normal 0 0 1
    outer loop
      vertex -2.12132 15.1213 9.7
      vertex -2.12132 10.8787 9.7
      vertex -1.82628 10.6199 9.7
    endloop
  endfacet
  facet normal -0 0 1
    outer loop
      vertex -2.38006 14.8263 9.7
      vertex -2.12132 10.8787 9.7
      vertex -2.12132 15.1213 9.7
    endloop
  endfacet
  facet normal 0 0 1
    outer loop
      vertex -2.38006 14.8263 9.7
      vertex -2.38006 11.1737 9.7
      vertex -2.12132 10.8787 9.7
    endloop
  endfacet
  facet normal -0 0 1
    outer loop
      vertex -2.59808 14.5 9.7
      vertex -2.38006 11.1737 9.7
      vertex -2.38006 14.8263 9.7
    endloop
  endfacet
  facet normal 0 0 1
    outer loop
      vertex -2.59808 14.5 9.7
      vertex -2.59808 11.5 9.7
      vertex -2.38006 11.1737 9.7
    endloop
  endfacet
  facet normal -0 0 1
    outer loop
      vertex -2.77164 14.148 9.7
      vertex -2.59808 11.5 9.7
      vertex -2.59808 14.5 9.7
    endloop
  endfacet
  facet normal 0 0 1
    outer loop
      vertex -2.77164 14.148 9.7
      vertex -2.77164 11.852 9.7
      vertex -2.59808 11.5 9.7
    endloop
  endfacet
  facet normal -0 0 1
    outer loop
      vertex -2.89778 13.7765 9.7
      vertex -2.77164 11.852 9.7
      vertex -2.77164 14.148 9.7
    endloop
  endfacet
  facet normal 0 0 1
    outer loop
      vertex -2.89778 13.7765 9.7
      vertex -2.89778 12.2235 9.7
      vertex -2.77164 11.852 9.7
    endloop
  endfacet
  facet normal -0 0 1
    outer loop
      vertex -2.97433 13.3916 9.7
      vertex -2.89778 12.2235 9.7
      vertex -2.89778 13.7765 9.7
    endloop
  endfacet
  facet normal 0 0 1
    outer loop
      vertex -2.97433 13.3916 9.7
      vertex -2.97433 12.6084 9.7
      vertex -2.89778 12.2235 9.7
    endloop
  endfacet
  facet normal 0 -0 1
    outer loop
      vertex -2.97433 12.6084 9.7
      vertex -2.97433 13.3916 9.7
      vertex -3 13 9.7
    endloop
  endfacet
  facet normal 0.831477 0.555558 0
    outer loop
      vertex 2.59808 14.5 9.7
      vertex 2.38006 14.8263 1.2
      vertex 2.38006 14.8263 9.7
    endloop
  endfacet
  facet normal 0.831477 0.555558 0
    outer loop
      vertex 2.38006 14.8263 1.2
      vertex 2.59808 14.5 9.7
      vertex 2.59808 14.5 1.2
    endloop
  endfacet
  facet normal 0.555547 0.831485 -0
    outer loop
      vertex 1.82628 15.3801 1.2
      vertex 1.5 15.5981 9.7
      vertex 1.82628 15.3801 9.7
    endloop
  endfacet
  facet normal 0.555547 0.831485 0
    outer loop
      vertex 1.5 15.5981 9.7
      vertex 1.82628 15.3801 1.2
      vertex 1.5 15.5981 1.2
    endloop
  endfacet
  facet normal 0.8969 -0.442233 0
    outer loop
      vertex 2.59808 11.5 9.7
      vertex 2.77164 11.852 1.2
      vertex 2.77164 11.852 9.7
    endloop
  endfacet
  facet normal 0.8969 -0.442233 0
    outer loop
      vertex 2.77164 11.852 1.2
      vertex 2.59808 11.5 9.7
      vertex 2.59808 11.5 1.2
    endloop
  endfacet
  facet normal 0.997858 -0.0654112 0
    outer loop
      vertex 2.97433 12.6084 9.7
      vertex 3 13 1.2
      vertex 3 13 9.7
    endloop
  endfacet
  facet normal 0.997858 -0.0654112 0
    outer loop
      vertex 3 13 1.2
      vertex 2.97433 12.6084 9.7
      vertex 2.97433 12.6084 1.2
    endloop
  endfacet
  facet normal 0.321579 0.946883 -0
    outer loop
      vertex 1.14805 15.7716 1.2
      vertex 0.776457 15.8978 9.7
      vertex 1.14805 15.7716 9.7
    endloop
  endfacet
  facet normal 0.321579 0.946883 0
    outer loop
      vertex 0.776457 15.8978 9.7
      vertex 1.14805 15.7716 1.2
      vertex 0.776457 15.8978 1.2
    endloop
  endfacet
  facet normal -0.8969 0.442233 0
    outer loop
      vertex -2.77164 14.148 1.2
      vertex -2.59808 14.5 9.7
      vertex -2.59808 14.5 1.2
    endloop
  endfacet
  facet normal -0.8969 0.442233 0
    outer loop
      vertex -2.59808 14.5 9.7
      vertex -2.77164 14.148 1.2
      vertex -2.77164 14.148 9.7
    endloop
  endfacet
  facet normal -0.659428 0.751768 0
    outer loop
      vertex -1.82628 15.3801 1.2
      vertex -2.12132 15.1213 9.7
      vertex -1.82628 15.3801 9.7
    endloop
  endfacet
  facet normal -0.659428 0.751768 0
    outer loop
      vertex -2.12132 15.1213 9.7
      vertex -1.82628 15.3801 1.2
      vertex -2.12132 15.1213 1.2
    endloop
  endfacet
  facet normal 0.321579 -0.946883 0
    outer loop
      vertex 0.776457 10.1022 1.2
      vertex 1.14805 10.2284 9.7
      vertex 0.776457 10.1022 9.7
    endloop
  endfacet
  facet normal 0.321579 -0.946883 0
    outer loop
      vertex 1.14805 10.2284 9.7
      vertex 0.776457 10.1022 1.2
      vertex 1.14805 10.2284 1.2
    endloop
  endfacet
  facet normal -0.997858 -0.0654112 0
    outer loop
      vertex -2.97433 12.6084 1.2
      vertex -3 13 9.7
      vertex -3 13 1.2
    endloop
  endfacet
  facet normal -0.997858 -0.0654112 0
    outer loop
      vertex -3 13 9.7
      vertex -2.97433 12.6084 1.2
      vertex -2.97433 12.6084 9.7
    endloop
  endfacet
  facet normal -0.659428 -0.751768 0
    outer loop
      vertex -2.12132 10.8787 1.2
      vertex -1.82628 10.6199 9.7
      vertex -2.12132 10.8787 9.7
    endloop
  endfacet
  facet normal -0.659428 -0.751768 -0
    outer loop
      vertex -1.82628 10.6199 9.7
      vertex -2.12132 10.8787 1.2
      vertex -1.82628 10.6199 1.2
    endloop
  endfacet
  facet normal -0.321579 0.946883 0
    outer loop
      vertex -0.776457 15.8978 1.2
      vertex -1.14805 15.7716 9.7
      vertex -0.776457 15.8978 9.7
    endloop
  endfacet
  facet normal -0.321579 0.946883 0
    outer loop
      vertex -1.14805 15.7716 9.7
      vertex -0.776457 15.8978 1.2
      vertex -1.14805 15.7716 1.2
    endloop
  endfacet
  facet normal -0.831477 -0.555558 0
    outer loop
      vertex -2.38006 11.1737 1.2
      vertex -2.59808 11.5 9.7
      vertex -2.59808 11.5 1.2
    endloop
  endfacet
  facet normal -0.831477 -0.555558 0
    outer loop
      vertex -2.59808 11.5 9.7
      vertex -2.38006 11.1737 1.2
      vertex -2.38006 11.1737 9.7
    endloop
  endfacet
  facet normal -0.555547 0.831485 0
    outer loop
      vertex -1.5 15.5981 1.2
      vertex -1.82628 15.3801 9.7
      vertex -1.5 15.5981 9.7
    endloop
  endfacet
  facet normal -0.555547 0.831485 0
    outer loop
      vertex -1.82628 15.3801 9.7
      vertex -1.5 15.5981 1.2
      vertex -1.82628 15.3801 1.2
    endloop
  endfacet
  facet normal -0.997858 0.0654112 0
    outer loop
      vertex -3 13 1.2
      vertex -2.97433 13.3916 9.7
      vertex -2.97433 13.3916 1.2
    endloop
  endfacet
  facet normal -0.997858 0.0654112 0
    outer loop
      vertex -2.97433 13.3916 9.7
      vertex -3 13 1.2
      vertex -3 13 9.7
    endloop
  endfacet
  facet normal 0.19495 0.980813 -0
    outer loop
      vertex 0.776457 15.8978 1.2
      vertex 0.391578 15.9743 9.7
      vertex 0.776457 15.8978 9.7
    endloop
  endfacet
  facet normal 0.19495 0.980813 0
    outer loop
      vertex 0.391578 15.9743 9.7
      vertex 0.776457 15.8978 1.2
      vertex 0.391578 15.9743 1.2
    endloop
  endfacet
  facet normal -0.44216 0.896936 0
    outer loop
      vertex -1.14805 15.7716 1.2
      vertex -1.5 15.5981 9.7
      vertex -1.14805 15.7716 9.7
    endloop
  endfacet
  facet normal -0.44216 0.896936 0
    outer loop
      vertex -1.5 15.5981 9.7
      vertex -1.14805 15.7716 1.2
      vertex -1.5 15.5981 1.2
    endloop
  endfacet
  facet normal 0.065491 -0.997853 0
    outer loop
      vertex 0 10 1.2
      vertex 0.391578 10.0257 9.7
      vertex 0 10 9.7
    endloop
  endfacet
  facet normal 0.065491 -0.997853 0
    outer loop
      vertex 0.391578 10.0257 9.7
      vertex 0 10 1.2
      vertex 0.391578 10.0257 1.2
    endloop
  endfacet
  facet normal 0.659428 -0.751768 0
    outer loop
      vertex 1.82628 10.6199 1.2
      vertex 2.12132 10.8787 9.7
      vertex 1.82628 10.6199 9.7
    endloop
  endfacet
  facet normal 0.659428 -0.751768 0
    outer loop
      vertex 2.12132 10.8787 9.7
      vertex 1.82628 10.6199 1.2
      vertex 2.12132 10.8787 1.2
    endloop
  endfacet
  facet normal -0.946905 -0.321514 0
    outer loop
      vertex -2.77164 11.852 1.2
      vertex -2.89778 12.2235 9.7
      vertex -2.89778 12.2235 1.2
    endloop
  endfacet
  facet normal -0.946905 -0.321514 0
    outer loop
      vertex -2.89778 12.2235 9.7
      vertex -2.77164 11.852 1.2
      vertex -2.77164 11.852 9.7
    endloop
  endfacet
  facet normal 0.946905 -0.321514 0
    outer loop
      vertex 2.77164 11.852 9.7
      vertex 2.89778 12.2235 1.2
      vertex 2.89778 12.2235 9.7
    endloop
  endfacet
  facet normal 0.946905 -0.321514 0
    outer loop
      vertex 2.89778 12.2235 1.2
      vertex 2.77164 11.852 9.7
      vertex 2.77164 11.852 1.2
    endloop
  endfacet
  facet normal 0.44216 0.896936 -0
    outer loop
      vertex 1.5 15.5981 1.2
      vertex 1.14805 15.7716 9.7
      vertex 1.5 15.5981 9.7
    endloop
  endfacet
  facet normal 0.44216 0.896936 0
    outer loop
      vertex 1.14805 15.7716 9.7
      vertex 1.5 15.5981 1.2
      vertex 1.14805 15.7716 1.2
    endloop
  endfacet
  facet normal -0.19495 0.980813 0
    outer loop
      vertex -0.391578 15.9743 1.2
      vertex -0.776457 15.8978 9.7
      vertex -0.391578 15.9743 9.7
    endloop
  endfacet
  facet normal -0.19495 0.980813 0
    outer loop
      vertex -0.776457 15.8978 9.7
      vertex -0.391578 15.9743 1.2
      vertex -0.776457 15.8978 1.2
    endloop
  endfacet
  facet normal 0.751799 0.659392 0
    outer loop
      vertex 2.38006 14.8263 9.7
      vertex 2.12132 15.1213 1.2
      vertex 2.12132 15.1213 9.7
    endloop
  endfacet
  facet normal 0.751799 0.659392 0
    outer loop
      vertex 2.12132 15.1213 1.2
      vertex 2.38006 14.8263 9.7
      vertex 2.38006 14.8263 1.2
    endloop
  endfacet
  facet normal 0.751799 -0.659392 0
    outer loop
      vertex 2.12132 10.8787 9.7
      vertex 2.38006 11.1737 1.2
      vertex 2.38006 11.1737 9.7
    endloop
  endfacet
  facet normal 0.751799 -0.659392 0
    outer loop
      vertex 2.38006 11.1737 1.2
      vertex 2.12132 10.8787 9.7
      vertex 2.12132 10.8787 1.2
    endloop
  endfacet
  facet normal -0.44216 -0.896936 0
    outer loop
      vertex -1.5 10.4019 1.2
      vertex -1.14805 10.2284 9.7
      vertex -1.5 10.4019 9.7
    endloop
  endfacet
  facet normal -0.44216 -0.896936 -0
    outer loop
      vertex -1.14805 10.2284 9.7
      vertex -1.5 10.4019 1.2
      vertex -1.14805 10.2284 1.2
    endloop
  endfacet
  facet normal -0.946905 0.321514 0
    outer loop
      vertex -2.89778 13.7765 1.2
      vertex -2.77164 14.148 9.7
      vertex -2.77164 14.148 1.2
    endloop
  endfacet
  facet normal -0.946905 0.321514 0
    outer loop
      vertex -2.77164 14.148 9.7
      vertex -2.89778 13.7765 1.2
      vertex -2.89778 13.7765 9.7
    endloop
  endfacet
  facet normal 0.19495 -0.980813 0
    outer loop
      vertex 0.391578 10.0257 1.2
      vertex 0.776457 10.1022 9.7
      vertex 0.391578 10.0257 9.7
    endloop
  endfacet
  facet normal 0.19495 -0.980813 0
    outer loop
      vertex 0.776457 10.1022 9.7
      vertex 0.391578 10.0257 1.2
      vertex 0.776457 10.1022 1.2
    endloop
  endfacet
  facet normal 0.44216 -0.896936 0
    outer loop
      vertex 1.14805 10.2284 1.2
      vertex 1.5 10.4019 9.7
      vertex 1.14805 10.2284 9.7
    endloop
  endfacet
  facet normal 0.44216 -0.896936 0
    outer loop
      vertex 1.5 10.4019 9.7
      vertex 1.14805 10.2284 1.2
      vertex 1.5 10.4019 1.2
    endloop
  endfacet
  facet normal -0.751799 0.659392 0
    outer loop
      vertex -2.38006 14.8263 1.2
      vertex -2.12132 15.1213 9.7
      vertex -2.12132 15.1213 1.2
    endloop
  endfacet
  facet normal -0.751799 0.659392 0
    outer loop
      vertex -2.12132 15.1213 9.7
      vertex -2.38006 14.8263 1.2
      vertex -2.38006 14.8263 9.7
    endloop
  endfacet
  facet normal 0.659428 0.751768 -0
    outer loop
      vertex 2.12132 15.1213 1.2
      vertex 1.82628 15.3801 9.7
      vertex 2.12132 15.1213 9.7
    endloop
  endfacet
  facet normal 0.659428 0.751768 0
    outer loop
      vertex 1.82628 15.3801 9.7
      vertex 2.12132 15.1213 1.2
      vertex 1.82628 15.3801 1.2
    endloop
  endfacet
  facet normal -0.8969 -0.442233 0
    outer loop
      vertex -2.59808 11.5 1.2
      vertex -2.77164 11.852 9.7
      vertex -2.77164 11.852 1.2
    endloop
  endfacet
  facet normal -0.8969 -0.442233 0
    outer loop
      vertex -2.77164 11.852 9.7
      vertex -2.59808 11.5 1.2
      vertex -2.59808 11.5 9.7
    endloop
  endfacet
  facet normal 0.831477 -0.555558 0
    outer loop
      vertex 2.38006 11.1737 9.7
      vertex 2.59808 11.5 1.2
      vertex 2.59808 11.5 9.7
    endloop
  endfacet
  facet normal 0.831477 -0.555558 0
    outer loop
      vertex 2.59808 11.5 1.2
      vertex 2.38006 11.1737 9.7
      vertex 2.38006 11.1737 1.2
    endloop
  endfacet
  facet normal 0.8969 0.442233 0
    outer loop
      vertex 2.77164 14.148 9.7
      vertex 2.59808 14.5 1.2
      vertex 2.59808 14.5 9.7
    endloop
  endfacet
  facet normal 0.8969 0.442233 0
    outer loop
      vertex 2.59808 14.5 1.2
      vertex 2.77164 14.148 9.7
      vertex 2.77164 14.148 1.2
    endloop
  endfacet
  facet normal -0.065491 -0.997853 0
    outer loop
      vertex -0.391578 10.0257 1.2
      vertex 0 10 9.7
      vertex -0.391578 10.0257 9.7
    endloop
  endfacet
  facet normal -0.065491 -0.997853 -0
    outer loop
      vertex 0 10 9.7
      vertex -0.391578 10.0257 1.2
      vertex 0 10 1.2
    endloop
  endfacet
  facet normal -0.555547 -0.831485 0
    outer loop
      vertex -1.82628 10.6199 1.2
      vertex -1.5 10.4019 9.7
      vertex -1.82628 10.6199 9.7
    endloop
  endfacet
  facet normal -0.555547 -0.831485 -0
    outer loop
      vertex -1.5 10.4019 9.7
      vertex -1.82628 10.6199 1.2
      vertex -1.5 10.4019 1.2
    endloop
  endfacet
  facet normal 0.555547 -0.831485 0
    outer loop
      vertex 1.5 10.4019 1.2
      vertex 1.82628 10.6199 9.7
      vertex 1.5 10.4019 9.7
    endloop
  endfacet
  facet normal 0.555547 -0.831485 0
    outer loop
      vertex 1.82628 10.6199 9.7
      vertex 1.5 10.4019 1.2
      vertex 1.82628 10.6199 1.2
    endloop
  endfacet
  facet normal 0.946905 0.321514 0
    outer loop
      vertex 2.89778 13.7765 9.7
      vertex 2.77164 14.148 1.2
      vertex 2.77164 14.148 9.7
    endloop
  endfacet
  facet normal 0.946905 0.321514 0
    outer loop
      vertex 2.77164 14.148 1.2
      vertex 2.89778 13.7765 9.7
      vertex 2.89778 13.7765 1.2
    endloop
  endfacet
  facet normal -0.980791 0.195062 0
    outer loop
      vertex -2.97433 13.3916 1.2
      vertex -2.89778 13.7765 9.7
      vertex -2.89778 13.7765 1.2
    endloop
  endfacet
  facet normal -0.980791 0.195062 0
    outer loop
      vertex -2.89778 13.7765 9.7
      vertex -2.97433 13.3916 1.2
      vertex -2.97433 13.3916 9.7
    endloop
  endfacet
  facet normal -0.065491 0.997853 0
    outer loop
      vertex 0 16 1.2
      vertex -0.391578 15.9743 9.7
      vertex 0 16 9.7
    endloop
  endfacet
  facet normal -0.065491 0.997853 0
    outer loop
      vertex -0.391578 15.9743 9.7
      vertex 0 16 1.2
      vertex -0.391578 15.9743 1.2
    endloop
  endfacet
  facet normal -0.321579 -0.946883 0
    outer loop
      vertex -1.14805 10.2284 1.2
      vertex -0.776457 10.1022 9.7
      vertex -1.14805 10.2284 9.7
    endloop
  endfacet
  facet normal -0.321579 -0.946883 -0
    outer loop
      vertex -0.776457 10.1022 9.7
      vertex -1.14805 10.2284 1.2
      vertex -0.776457 10.1022 1.2
    endloop
  endfacet
  facet normal -0.980791 -0.195062 0
    outer loop
      vertex -2.89778 12.2235 1.2
      vertex -2.97433 12.6084 9.7
      vertex -2.97433 12.6084 1.2
    endloop
  endfacet
  facet normal -0.980791 -0.195062 0
    outer loop
      vertex -2.97433 12.6084 9.7
      vertex -2.89778 12.2235 1.2
      vertex -2.89778 12.2235 9.7
    endloop
  endfacet
  facet normal 0.065491 0.997853 -0
    outer loop
      vertex 0.391578 15.9743 1.2
      vertex 0 16 9.7
      vertex 0.391578 15.9743 9.7
    endloop
  endfacet
  facet normal 0.065491 0.997853 0
    outer loop
      vertex 0 16 9.7
      vertex 0.391578 15.9743 1.2
      vertex 0 16 1.2
    endloop
  endfacet
  facet normal -0.19495 -0.980813 0
    outer loop
      vertex -0.776457 10.1022 1.2
      vertex -0.391578 10.0257 9.7
      vertex -0.776457 10.1022 9.7
    endloop
  endfacet
  facet normal -0.19495 -0.980813 -0
    outer loop
      vertex -0.391578 10.0257 9.7
      vertex -0.776457 10.1022 1.2
      vertex -0.391578 10.0257 1.2
    endloop
  endfacet
  facet normal -0.831477 0.555558 0
    outer loop
      vertex -2.59808 14.5 1.2
      vertex -2.38006 14.8263 9.7
      vertex -2.38006 14.8263 1.2
    endloop
  endfacet
  facet normal -0.831477 0.555558 0
    outer loop
      vertex -2.38006 14.8263 9.7
      vertex -2.59808 14.5 1.2
      vertex -2.59808 14.5 9.7
    endloop
  endfacet
  facet normal -0.896876 -0.442282 0
    outer loop
      vertex 9.7091 11.1 0
      vertex 9.48926 11.5458 1.2
      vertex 9.48926 11.5458 0
    endloop
  endfacet
  facet normal -0.896876 -0.442282 0
    outer loop
      vertex 9.48926 11.5458 1.2
      vertex 9.7091 11.1 0
      vertex 9.7091 11.1 1.2
    endloop
  endfacet
  facet normal 0.980774 0.195149 0
    outer loop
      vertex 16.7675 13.496 1.2
      vertex 16.6705 13.9835 0
      vertex 16.6705 13.9835 1.2
    endloop
  endfacet
  facet normal 0.980774 0.195149 0
    outer loop
      vertex 16.6705 13.9835 0
      vertex 16.7675 13.496 1.2
      vertex 16.7675 13.496 0
    endloop
  endfacet
  facet normal 0.99786 0.065384 0
    outer loop
      vertex 16.8 13 1.2
      vertex 16.7675 13.496 0
      vertex 16.7675 13.496 1.2
    endloop
  endfacet
  facet normal 0.99786 0.065384 0
    outer loop
      vertex 16.7675 13.496 0
      vertex 16.8 13 1.2
      vertex 16.8 13 0
    endloop
  endfacet
  facet normal 0.946919 0.321474 0
    outer loop
      vertex 16.6705 13.9835 1.2
      vertex 16.5107 14.4542 0
      vertex 16.5107 14.4542 1.2
    endloop
  endfacet
  facet normal 0.946919 0.321474 0
    outer loop
      vertex 16.5107 14.4542 0
      vertex 16.6705 13.9835 1.2
      vertex 16.6705 13.9835 0
    endloop
  endfacet
  facet normal -0.831468 0.555573 0
    outer loop
      vertex 9.7091 14.9 0
      vertex 9.98526 15.3133 1.2
      vertex 9.98526 15.3133 0
    endloop
  endfacet
  facet normal -0.831468 0.555573 0
    outer loop
      vertex 9.98526 15.3133 1.2
      vertex 9.7091 14.9 0
      vertex 9.7091 14.9 1.2
    endloop
  endfacet
  facet normal 0.442282 -0.896876 0
    outer loop
      vertex 14.4542 9.48926 0
      vertex 14.9 9.7091 1.2
      vertex 14.4542 9.48926 1.2
    endloop
  endfacet
  facet normal 0.442282 -0.896876 0
    outer loop
      vertex 14.9 9.7091 1.2
      vertex 14.4542 9.48926 0
      vertex 14.9 9.7091 0
    endloop
  endfacet
  facet normal 0.99786 -0.065384 0
    outer loop
      vertex 16.7675 12.504 1.2
      vertex 16.8 13 0
      vertex 16.8 13 1.2
    endloop
  endfacet
  facet normal 0.99786 -0.065384 0
    outer loop
      vertex 16.8 13 0
      vertex 16.7675 12.504 1.2
      vertex 16.7675 12.504 0
    endloop
  endfacet
  facet normal 0.321437 -0.946931 0
    outer loop
      vertex 13.9835 9.32948 0
      vertex 14.4542 9.48926 1.2
      vertex 13.9835 9.32948 1.2
    endloop
  endfacet
  facet normal 0.321437 -0.946931 0
    outer loop
      vertex 14.4542 9.48926 1.2
      vertex 13.9835 9.32948 0
      vertex 14.4542 9.48926 0
    endloop
  endfacet
  facet normal 0.896908 0.442217 0
    outer loop
      vertex 16.5107 14.4542 1.2
      vertex 16.2909 14.9 0
      vertex 16.2909 14.9 1.2
    endloop
  endfacet
  facet normal 0.896908 0.442217 0
    outer loop
      vertex 16.2909 14.9 0
      vertex 16.5107 14.4542 1.2
      vertex 16.5107 14.4542 0
    endloop
  endfacet
  facet normal -0.195149 0.980774 0
    outer loop
      vertex 12.504 16.7675 0
      vertex 12.0165 16.6705 1.2
      vertex 12.504 16.7675 1.2
    endloop
  endfacet
  facet normal -0.195149 0.980774 0
    outer loop
      vertex 12.0165 16.6705 1.2
      vertex 12.504 16.7675 0
      vertex 12.0165 16.6705 0
    endloop
  endfacet
  facet normal -0.980785 0.195091 0
    outer loop
      vertex 9.23251 13.496 0
      vertex 9.32948 13.9835 1.2
      vertex 9.32948 13.9835 0
    endloop
  endfacet
  facet normal -0.980785 0.195091 0
    outer loop
      vertex 9.32948 13.9835 1.2
      vertex 9.23251 13.496 0
      vertex 9.23251 13.496 1.2
    endloop
  endfacet
  facet normal 0.442217 0.896908 -0
    outer loop
      vertex 14.9 16.2909 0
      vertex 14.4542 16.5107 1.2
      vertex 14.9 16.2909 1.2
    endloop
  endfacet
  facet normal 0.442217 0.896908 0
    outer loop
      vertex 14.4542 16.5107 1.2
      vertex 14.9 16.2909 0
      vertex 14.4542 16.5107 0
    endloop
  endfacet
  facet normal 0 0 1
    outer loop
      vertex 16 13 1.2
      vertex 16.8 13 1.2
      vertex 16.7675 13.496 1.2
    endloop
  endfacet
  facet normal 0 0 1
    outer loop
      vertex 15.9743 13.3916 1.2
      vertex 16.7675 13.496 1.2
      vertex 16.6705 13.9835 1.2
    endloop
  endfacet
  facet normal 0 0 1
    outer loop
      vertex 16.8 13 1.2
      vertex 16 13 1.2
      vertex 16.7675 12.504 1.2
    endloop
  endfacet
  facet normal 0 0 1
    outer loop
      vertex 15.8978 13.7765 1.2
      vertex 16.6705 13.9835 1.2
      vertex 16.5107 14.4542 1.2
    endloop
  endfacet
  facet normal -0 0 1
    outer loop
      vertex 15.9743 12.6084 1.2
      vertex 16.7675 12.504 1.2
      vertex 16 13 1.2
    endloop
  endfacet
  facet normal 0 0 1
    outer loop
      vertex 15.7716 14.148 1.2
      vertex 16.5107 14.4542 1.2
      vertex 16.2909 14.9 1.2
    endloop
  endfacet
  facet normal 0 0 1
    outer loop
      vertex 16.7675 12.504 1.2
      vertex 15.9743 12.6084 1.2
      vertex 16.6705 12.0165 1.2
    endloop
  endfacet
  facet normal 0 0 1
    outer loop
      vertex 15.5981 14.5 1.2
      vertex 16.2909 14.9 1.2
      vertex 16.0147 15.3133 1.2
    endloop
  endfacet
  facet normal -0 0 1
    outer loop
      vertex 15.8978 12.2235 1.2
      vertex 16.6705 12.0165 1.2
      vertex 15.9743 12.6084 1.2
    endloop
  endfacet
  facet normal 0 0 1
    outer loop
      vertex 16.6705 12.0165 1.2
      vertex 15.8978 12.2235 1.2
      vertex 16.5107 11.5458 1.2
    endloop
  endfacet
  facet normal 0 0 1
    outer loop
      vertex 16.7675 13.496 1.2
      vertex 15.9743 13.3916 1.2
      vertex 16 13 1.2
    endloop
  endfacet
  facet normal 0 0 1
    outer loop
      vertex 16.6705 13.9835 1.2
      vertex 15.8978 13.7765 1.2
      vertex 15.9743 13.3916 1.2
    endloop
  endfacet
  facet normal 0 0 1
    outer loop
      vertex 16.5107 14.4542 1.2
      vertex 15.7716 14.148 1.2
      vertex 15.8978 13.7765 1.2
    endloop
  endfacet
  facet normal 0 0 1
    outer loop
      vertex 15.3801 14.8263 1.2
      vertex 16.0147 15.3133 1.2
      vertex 15.687 15.687 1.2
    endloop
  endfacet
  facet normal 0 0 1
    outer loop
      vertex 16.2909 14.9 1.2
      vertex 15.5981 14.5 1.2
      vertex 15.7716 14.148 1.2
    endloop
  endfacet
  facet normal 0 0 1
    outer loop
      vertex 16.0147 15.3133 1.2
      vertex 15.3801 14.8263 1.2
      vertex 15.5981 14.5 1.2
    endloop
  endfacet
  facet normal 0 0 1
    outer loop
      vertex 15.1213 15.1213 1.2
      vertex 15.687 15.687 1.2
      vertex 15.3133 16.0147 1.2
    endloop
  endfacet
  facet normal 0 0 1
    outer loop
      vertex 15.687 15.687 1.2
      vertex 15.1213 15.1213 1.2
      vertex 15.3801 14.8263 1.2
    endloop
  endfacet
  facet normal 0 0 1
    outer loop
      vertex 14.8263 15.3801 1.2
      vertex 15.3133 16.0147 1.2
      vertex 14.9 16.2909 1.2
    endloop
  endfacet
  facet normal 0 0 1
    outer loop
      vertex 15.3133 16.0147 1.2
      vertex 14.8263 15.3801 1.2
      vertex 15.1213 15.1213 1.2
    endloop
  endfacet
  facet normal 0 0 1
    outer loop
      vertex 14.9 16.2909 1.2
      vertex 14.5 15.5981 1.2
      vertex 14.8263 15.3801 1.2
    endloop
  endfacet
  facet normal 0 0 1
    outer loop
      vertex 14.4542 16.5107 1.2
      vertex 14.5 15.5981 1.2
      vertex 14.9 16.2909 1.2
    endloop
  endfacet
  facet normal 0 0 1
    outer loop
      vertex 14.4542 16.5107 1.2
      vertex 14.148 15.7716 1.2
      vertex 14.5 15.5981 1.2
    endloop
  endfacet
  facet normal 0 0 1
    outer loop
      vertex 13.9835 16.6705 1.2
      vertex 14.148 15.7716 1.2
      vertex 14.4542 16.5107 1.2
    endloop
  endfacet
  facet normal 0 0 1
    outer loop
      vertex 13.9835 16.6705 1.2
      vertex 13.7765 15.8978 1.2
      vertex 14.148 15.7716 1.2
    endloop
  endfacet
  facet normal 0 0 1
    outer loop
      vertex 13.496 16.7675 1.2
      vertex 13.7765 15.8978 1.2
      vertex 13.9835 16.6705 1.2
    endloop
  endfacet
  facet normal 0 0 1
    outer loop
      vertex 13.496 16.7675 1.2
      vertex 13.3916 15.9743 1.2
      vertex 13.7765 15.8978 1.2
    endloop
  endfacet
  facet normal 0 0 1
    outer loop
      vertex 13 16.8 1.2
      vertex 13.3916 15.9743 1.2
      vertex 13.496 16.7675 1.2
    endloop
  endfacet
  facet normal 0 0 1
    outer loop
      vertex 13 16.8 1.2
      vertex 13 16 1.2
      vertex 13.3916 15.9743 1.2
    endloop
  endfacet
  facet normal 0 0 1
    outer loop
      vertex 13 16.8 1.2
      vertex 12.6084 15.9743 1.2
      vertex 13 16 1.2
    endloop
  endfacet
  facet normal -0 0 1
    outer loop
      vertex 12.504 16.7675 1.2
      vertex 12.6084 15.9743 1.2
      vertex 13 16.8 1.2
    endloop
  endfacet
  facet normal 0 0 1
    outer loop
      vertex 12.504 16.7675 1.2
      vertex 12.2235 15.8978 1.2
      vertex 12.6084 15.9743 1.2
    endloop
  endfacet
  facet normal -0 0 1
    outer loop
      vertex 12.0165 16.6705 1.2
      vertex 12.2235 15.8978 1.2
      vertex 12.504 16.7675 1.2
    endloop
  endfacet
  facet normal 0 0 1
    outer loop
      vertex 12.0165 16.6705 1.2
      vertex 11.852 15.7716 1.2
      vertex 12.2235 15.8978 1.2
    endloop
  endfacet
  facet normal -0 0 1
    outer loop
      vertex 11.5458 16.5107 1.2
      vertex 11.852 15.7716 1.2
      vertex 12.0165 16.6705 1.2
    endloop
  endfacet
  facet normal 0 0 1
    outer loop
      vertex 11.5458 16.5107 1.2
      vertex 11.5 15.5981 1.2
      vertex 11.852 15.7716 1.2
    endloop
  endfacet
  facet normal -0 0 1
    outer loop
      vertex 11.1 16.2909 1.2
      vertex 11.5 15.5981 1.2
      vertex 11.5458 16.5107 1.2
    endloop
  endfacet
  facet normal 0 0 1
    outer loop
      vertex 11.5 15.5981 1.2
      vertex 11.1 16.2909 1.2
      vertex 11.1737 15.3801 1.2
    endloop
  endfacet
  facet normal -0 0 1
    outer loop
      vertex 10.6867 16.0147 1.2
      vertex 11.1737 15.3801 1.2
      vertex 11.1 16.2909 1.2
    endloop
  endfacet
  facet normal 0 0 1
    outer loop
      vertex 11.1737 15.3801 1.2
      vertex 10.6867 16.0147 1.2
      vertex 10.8787 15.1213 1.2
    endloop
  endfacet
  facet normal -0 0 1
    outer loop
      vertex 10.313 15.687 1.2
      vertex 10.8787 15.1213 1.2
      vertex 10.6867 16.0147 1.2
    endloop
  endfacet
  facet normal 0 0 1
    outer loop
      vertex 10.8787 15.1213 1.2
      vertex 10.313 15.687 1.2
      vertex 10.6199 14.8263 1.2
    endloop
  endfacet
  facet normal -0 0 1
    outer loop
      vertex 9.98526 15.3133 1.2
      vertex 10.6199 14.8263 1.2
      vertex 10.313 15.687 1.2
    endloop
  endfacet
  facet normal 0 0 1
    outer loop
      vertex 10.6199 14.8263 1.2
      vertex 9.98526 15.3133 1.2
      vertex 10.4019 14.5 1.2
    endloop
  endfacet
  facet normal -0 0 1
    outer loop
      vertex 9.7091 14.9 1.2
      vertex 10.4019 14.5 1.2
      vertex 9.98526 15.3133 1.2
    endloop
  endfacet
  facet normal 0 0 1
    outer loop
      vertex 10.4019 14.5 1.2
      vertex 9.7091 14.9 1.2
      vertex 10.2284 14.148 1.2
    endloop
  endfacet
  facet normal 0 0 1
    outer loop
      vertex 10.2284 14.148 1.2
      vertex 9.48926 14.4542 1.2
      vertex 10.1022 13.7765 1.2
    endloop
  endfacet
  facet normal -0 0 1
    outer loop
      vertex 9.48926 14.4542 1.2
      vertex 10.2284 14.148 1.2
      vertex 9.7091 14.9 1.2
    endloop
  endfacet
  facet normal -0 0 1
    outer loop
      vertex 15.7716 11.852 1.2
      vertex 16.5107 11.5458 1.2
      vertex 15.8978 12.2235 1.2
    endloop
  endfacet
  facet normal 0 0 1
    outer loop
      vertex 16.5107 11.5458 1.2
      vertex 15.7716 11.852 1.2
      vertex 16.2909 11.1 1.2
    endloop
  endfacet
  facet normal -0 0 1
    outer loop
      vertex 15.5981 11.5 1.2
      vertex 16.2909 11.1 1.2
      vertex 15.7716 11.852 1.2
    endloop
  endfacet
  facet normal 0 0 1
    outer loop
      vertex 16.2909 11.1 1.2
      vertex 15.5981 11.5 1.2
      vertex 16.0147 10.6867 1.2
    endloop
  endfacet
  facet normal -0 0 1
    outer loop
      vertex 15.3801 11.1737 1.2
      vertex 16.0147 10.6867 1.2
      vertex 15.5981 11.5 1.2
    endloop
  endfacet
  facet normal 0 0 1
    outer loop
      vertex 16.0147 10.6867 1.2
      vertex 15.3801 11.1737 1.2
      vertex 15.687 10.313 1.2
    endloop
  endfacet
  facet normal -0 0 1
    outer loop
      vertex 15.1213 10.8787 1.2
      vertex 15.687 10.313 1.2
      vertex 15.3801 11.1737 1.2
    endloop
  endfacet
  facet normal 0 0 1
    outer loop
      vertex 15.687 10.313 1.2
      vertex 15.1213 10.8787 1.2
      vertex 15.3133 9.98526 1.2
    endloop
  endfacet
  facet normal -0 0 1
    outer loop
      vertex 14.8263 10.6199 1.2
      vertex 15.3133 9.98526 1.2
      vertex 15.1213 10.8787 1.2
    endloop
  endfacet
  facet normal 0 0 1
    outer loop
      vertex 15.3133 9.98526 1.2
      vertex 14.8263 10.6199 1.2
      vertex 14.9 9.7091 1.2
    endloop
  endfacet
  facet normal -0 0 1
    outer loop
      vertex 14.5 10.4019 1.2
      vertex 14.9 9.7091 1.2
      vertex 14.8263 10.6199 1.2
    endloop
  endfacet
  facet normal 0 0 1
    outer loop
      vertex 14.5 10.4019 1.2
      vertex 14.4542 9.48926 1.2
      vertex 14.9 9.7091 1.2
    endloop
  endfacet
  facet normal -0 0 1
    outer loop
      vertex 14.148 10.2284 1.2
      vertex 14.4542 9.48926 1.2
      vertex 14.5 10.4019 1.2
    endloop
  endfacet
  facet normal 0 0 1
    outer loop
      vertex 14.148 10.2284 1.2
      vertex 13.9835 9.32948 1.2
      vertex 14.4542 9.48926 1.2
    endloop
  endfacet
  facet normal -0 0 1
    outer loop
      vertex 13.7765 10.1022 1.2
      vertex 13.9835 9.32948 1.2
      vertex 14.148 10.2284 1.2
    endloop
  endfacet
  facet normal 0 0 1
    outer loop
      vertex 13.7765 10.1022 1.2
      vertex 13.496 9.23251 1.2
      vertex 13.9835 9.32948 1.2
    endloop
  endfacet
  facet normal -0 0 1
    outer loop
      vertex 13.3916 10.0257 1.2
      vertex 13.496 9.23251 1.2
      vertex 13.7765 10.1022 1.2
    endloop
  endfacet
  facet normal -0 0 1
    outer loop
      vertex 13 10 1.2
      vertex 13.496 9.23251 1.2
      vertex 13.3916 10.0257 1.2
    endloop
  endfacet
  facet normal 0 0 1
    outer loop
      vertex 13 10 1.2
      vertex 13 9.2 1.2
      vertex 13.496 9.23251 1.2
    endloop
  endfacet
  facet normal 0 0 1
    outer loop
      vertex 12.6084 10.0257 1.2
      vertex 13 9.2 1.2
      vertex 13 10 1.2
    endloop
  endfacet
  facet normal 0 0 1
    outer loop
      vertex 12.6084 10.0257 1.2
      vertex 12.504 9.23251 1.2
      vertex 13 9.2 1.2
    endloop
  endfacet
  facet normal 0 0 1
    outer loop
      vertex 12.2235 10.1022 1.2
      vertex 12.504 9.23251 1.2
      vertex 12.6084 10.0257 1.2
    endloop
  endfacet
  facet normal 0 0 1
    outer loop
      vertex 12.2235 10.1022 1.2
      vertex 12.0165 9.32948 1.2
      vertex 12.504 9.23251 1.2
    endloop
  endfacet
  facet normal 0 0 1
    outer loop
      vertex 11.852 10.2284 1.2
      vertex 12.0165 9.32948 1.2
      vertex 12.2235 10.1022 1.2
    endloop
  endfacet
  facet normal 0 0 1
    outer loop
      vertex 11.852 10.2284 1.2
      vertex 11.5458 9.48926 1.2
      vertex 12.0165 9.32948 1.2
    endloop
  endfacet
  facet normal 0 0 1
    outer loop
      vertex 11.5 10.4019 1.2
      vertex 11.5458 9.48926 1.2
      vertex 11.852 10.2284 1.2
    endloop
  endfacet
  facet normal 0 0 1
    outer loop
      vertex 11.1 9.7091 1.2
      vertex 11.5 10.4019 1.2
      vertex 11.1737 10.6199 1.2
    endloop
  endfacet
  facet normal 0 0 1
    outer loop
      vertex 11.5 10.4019 1.2
      vertex 11.1 9.7091 1.2
      vertex 11.5458 9.48926 1.2
    endloop
  endfacet
  facet normal 0 0 1
    outer loop
      vertex 10.6867 9.98526 1.2
      vertex 11.1737 10.6199 1.2
      vertex 10.8787 10.8787 1.2
    endloop
  endfacet
  facet normal 0 0 1
    outer loop
      vertex 11.1737 10.6199 1.2
      vertex 10.6867 9.98526 1.2
      vertex 11.1 9.7091 1.2
    endloop
  endfacet
  facet normal 0 0 1
    outer loop
      vertex 10.313 10.313 1.2
      vertex 10.8787 10.8787 1.2
      vertex 10.6199 11.1737 1.2
    endloop
  endfacet
  facet normal 0 0 1
    outer loop
      vertex 9.98526 10.6867 1.2
      vertex 10.6199 11.1737 1.2
      vertex 10.4019 11.5 1.2
    endloop
  endfacet
  facet normal 0 0 1
    outer loop
      vertex 10.8787 10.8787 1.2
      vertex 10.313 10.313 1.2
      vertex 10.6867 9.98526 1.2
    endloop
  endfacet
  facet normal 0 0 1
    outer loop
      vertex 9.7091 11.1 1.2
      vertex 10.4019 11.5 1.2
      vertex 10.2284 11.852 1.2
    endloop
  endfacet
  facet normal 0 0 1
    outer loop
      vertex 9.48926 11.5458 1.2
      vertex 10.2284 11.852 1.2
      vertex 10.1022 12.2235 1.2
    endloop
  endfacet
  facet normal 0 0 1
    outer loop
      vertex 9.32948 12.0165 1.2
      vertex 10.1022 12.2235 1.2
      vertex 10.0257 12.6084 1.2
    endloop
  endfacet
  facet normal 0 0 1
    outer loop
      vertex 10.6199 11.1737 1.2
      vertex 9.98526 10.6867 1.2
      vertex 10.313 10.313 1.2
    endloop
  endfacet
  facet normal 0 0 1
    outer loop
      vertex 9.23251 12.504 1.2
      vertex 10.0257 12.6084 1.2
      vertex 10 13 1.2
    endloop
  endfacet
  facet normal -0 0 1
    outer loop
      vertex 9.32948 13.9835 1.2
      vertex 10.1022 13.7765 1.2
      vertex 9.48926 14.4542 1.2
    endloop
  endfacet
  facet normal 0 0 1
    outer loop
      vertex 10.1022 13.7765 1.2
      vertex 9.32948 13.9835 1.2
      vertex 10.0257 13.3916 1.2
    endloop
  endfacet
  facet normal 0 0 1
    outer loop
      vertex 10.4019 11.5 1.2
      vertex 9.7091 11.1 1.2
      vertex 9.98526 10.6867 1.2
    endloop
  endfacet
  facet normal -0 0 1
    outer loop
      vertex 9.23251 13.496 1.2
      vertex 10.0257 13.3916 1.2
      vertex 9.32948 13.9835 1.2
    endloop
  endfacet
  facet normal 0 0 1
    outer loop
      vertex 10.2284 11.852 1.2
      vertex 9.48926 11.5458 1.2
      vertex 9.7091 11.1 1.2
    endloop
  endfacet
  facet normal 0 0 1
    outer loop
      vertex 10.0257 13.3916 1.2
      vertex 9.23251 13.496 1.2
      vertex 10 13 1.2
    endloop
  endfacet
  facet normal 0 0 1
    outer loop
      vertex 10.1022 12.2235 1.2
      vertex 9.32948 12.0165 1.2
      vertex 9.48926 11.5458 1.2
    endloop
  endfacet
  facet normal 0 0 1
    outer loop
      vertex 9.2 13 1.2
      vertex 10 13 1.2
      vertex 9.23251 13.496 1.2
    endloop
  endfacet
  facet normal 0 0 1
    outer loop
      vertex 10.0257 12.6084 1.2
      vertex 9.23251 12.504 1.2
      vertex 9.32948 12.0165 1.2
    endloop
  endfacet
  facet normal 0 0 1
    outer loop
      vertex 10 13 1.2
      vertex 9.2 13 1.2
      vertex 9.23251 12.504 1.2
    endloop
  endfacet
  facet normal -0.659362 -0.751826 0
    outer loop
      vertex 10.313 10.313 0
      vertex 10.6867 9.98526 1.2
      vertex 10.313 10.313 1.2
    endloop
  endfacet
  facet normal -0.659362 -0.751826 -0
    outer loop
      vertex 10.6867 9.98526 1.2
      vertex 10.313 10.313 0
      vertex 10.6867 9.98526 0
    endloop
  endfacet
  facet normal 0 0 -1
    outer loop
      vertex 16.7675 12.504 0
      vertex 16.7675 13.496 0
      vertex 16.8 13 0
    endloop
  endfacet
  facet normal 0 0 -1
    outer loop
      vertex 16.6705 12.0165 0
      vertex 16.7675 13.496 0
      vertex 16.7675 12.504 0
    endloop
  endfacet
  facet normal 0 0 -1
    outer loop
      vertex 16.6705 12.0165 0
      vertex 16.6705 13.9835 0
      vertex 16.7675 13.496 0
    endloop
  endfacet
  facet normal 0 0 -1
    outer loop
      vertex 16.5107 11.5458 0
      vertex 16.6705 13.9835 0
      vertex 16.6705 12.0165 0
    endloop
  endfacet
  facet normal 0 0 -1
    outer loop
      vertex 16.5107 11.5458 0
      vertex 16.5107 14.4542 0
      vertex 16.6705 13.9835 0
    endloop
  endfacet
  facet normal 0 0 -1
    outer loop
      vertex 16.2909 11.1 0
      vertex 16.5107 14.4542 0
      vertex 16.5107 11.5458 0
    endloop
  endfacet
  facet normal 0 0 -1
    outer loop
      vertex 16.2909 11.1 0
      vertex 16.2909 14.9 0
      vertex 16.5107 14.4542 0
    endloop
  endfacet
  facet normal 0 0 -1
    outer loop
      vertex 16.0147 10.6867 0
      vertex 16.2909 14.9 0
      vertex 16.2909 11.1 0
    endloop
  endfacet
  facet normal 0 0 -1
    outer loop
      vertex 16.0147 10.6867 0
      vertex 16.0147 15.3133 0
      vertex 16.2909 14.9 0
    endloop
  endfacet
  facet normal 0 0 -1
    outer loop
      vertex 15.687 10.313 0
      vertex 16.0147 15.3133 0
      vertex 16.0147 10.6867 0
    endloop
  endfacet
  facet normal 0 0 -1
    outer loop
      vertex 15.687 10.313 0
      vertex 15.687 15.687 0
      vertex 16.0147 15.3133 0
    endloop
  endfacet
  facet normal 0 0 -1
    outer loop
      vertex 15.3133 9.98526 0
      vertex 15.687 15.687 0
      vertex 15.687 10.313 0
    endloop
  endfacet
  facet normal 0 0 -1
    outer loop
      vertex 15.3133 9.98526 0
      vertex 15.3133 16.0147 0
      vertex 15.687 15.687 0
    endloop
  endfacet
  facet normal 0 0 -1
    outer loop
      vertex 14.9 9.7091 0
      vertex 15.3133 16.0147 0
      vertex 15.3133 9.98526 0
    endloop
  endfacet
  facet normal 0 0 -1
    outer loop
      vertex 14.9 9.7091 0
      vertex 14.9 16.2909 0
      vertex 15.3133 16.0147 0
    endloop
  endfacet
  facet normal 0 0 -1
    outer loop
      vertex 14.4542 9.48926 0
      vertex 14.9 16.2909 0
      vertex 14.9 9.7091 0
    endloop
  endfacet
  facet normal 0 0 -1
    outer loop
      vertex 14.4542 9.48926 0
      vertex 14.4542 16.5107 0
      vertex 14.9 16.2909 0
    endloop
  endfacet
  facet normal 0 0 -1
    outer loop
      vertex 13.9835 9.32948 0
      vertex 14.4542 16.5107 0
      vertex 14.4542 9.48926 0
    endloop
  endfacet
  facet normal 0 0 -1
    outer loop
      vertex 13.9835 9.32948 0
      vertex 13.9835 16.6705 0
      vertex 14.4542 16.5107 0
    endloop
  endfacet
  facet normal 0 0 -1
    outer loop
      vertex 13.496 9.23251 0
      vertex 13.9835 16.6705 0
      vertex 13.9835 9.32948 0
    endloop
  endfacet
  facet normal 0 0 -1
    outer loop
      vertex 13.496 9.23251 0
      vertex 13.496 16.7675 0
      vertex 13.9835 16.6705 0
    endloop
  endfacet
  facet normal 0 0 -1
    outer loop
      vertex 13 9.2 0
      vertex 13.496 16.7675 0
      vertex 13.496 9.23251 0
    endloop
  endfacet
  facet normal 0 0 -1
    outer loop
      vertex 13 9.2 0
      vertex 13 16.8 0
      vertex 13.496 16.7675 0
    endloop
  endfacet
  facet normal 0 0 -1
    outer loop
      vertex 12.504 9.23251 0
      vertex 13 16.8 0
      vertex 13 9.2 0
    endloop
  endfacet
  facet normal 0 0 -1
    outer loop
      vertex 12.504 9.23251 0
      vertex 12.504 16.7675 0
      vertex 13 16.8 0
    endloop
  endfacet
  facet normal 0 0 -1
    outer loop
      vertex 12.0165 9.32948 0
      vertex 12.504 16.7675 0
      vertex 12.504 9.23251 0
    endloop
  endfacet
  facet normal 0 0 -1
    outer loop
      vertex 12.0165 9.32948 0
      vertex 12.0165 16.6705 0
      vertex 12.504 16.7675 0
    endloop
  endfacet
  facet normal 0 0 -1
    outer loop
      vertex 11.5458 9.48926 0
      vertex 12.0165 16.6705 0
      vertex 12.0165 9.32948 0
    endloop
  endfacet
  facet normal 0 0 -1
    outer loop
      vertex 11.5458 9.48926 0
      vertex 11.5458 16.5107 0
      vertex 12.0165 16.6705 0
    endloop
  endfacet
  facet normal 0 0 -1
    outer loop
      vertex 11.1 9.7091 0
      vertex 11.5458 16.5107 0
      vertex 11.5458 9.48926 0
    endloop
  endfacet
  facet normal 0 0 -1
    outer loop
      vertex 11.1 9.7091 0
      vertex 11.1 16.2909 0
      vertex 11.5458 16.5107 0
    endloop
  endfacet
  facet normal 0 0 -1
    outer loop
      vertex 10.6867 9.98526 0
      vertex 11.1 16.2909 0
      vertex 11.1 9.7091 0
    endloop
  endfacet
  facet normal 0 0 -1
    outer loop
      vertex 10.6867 9.98526 0
      vertex 10.6867 16.0147 0
      vertex 11.1 16.2909 0
    endloop
  endfacet
  facet normal 0 0 -1
    outer loop
      vertex 10.313 10.313 0
      vertex 10.6867 16.0147 0
      vertex 10.6867 9.98526 0
    endloop
  endfacet
  facet normal 0 0 -1
    outer loop
      vertex 10.313 10.313 0
      vertex 10.313 15.687 0
      vertex 10.6867 16.0147 0
    endloop
  endfacet
  facet normal 0 0 -1
    outer loop
      vertex 9.98526 10.6867 0
      vertex 10.313 15.687 0
      vertex 10.313 10.313 0
    endloop
  endfacet
  facet normal 0 0 -1
    outer loop
      vertex 9.98526 10.6867 0
      vertex 9.98526 15.3133 0
      vertex 10.313 15.687 0
    endloop
  endfacet
  facet normal 0 0 -1
    outer loop
      vertex 9.7091 11.1 0
      vertex 9.98526 15.3133 0
      vertex 9.98526 10.6867 0
    endloop
  endfacet
  facet normal 0 0 -1
    outer loop
      vertex 9.7091 11.1 0
      vertex 9.7091 14.9 0
      vertex 9.98526 15.3133 0
    endloop
  endfacet
  facet normal 0 0 -1
    outer loop
      vertex 9.48926 11.5458 0
      vertex 9.7091 14.9 0
      vertex 9.7091 11.1 0
    endloop
  endfacet
  facet normal 0 0 -1
    outer loop
      vertex 9.48926 11.5458 0
      vertex 9.48926 14.4542 0
      vertex 9.7091 14.9 0
    endloop
  endfacet
  facet normal 0 0 -1
    outer loop
      vertex 9.32948 12.0165 0
      vertex 9.48926 14.4542 0
      vertex 9.48926 11.5458 0
    endloop
  endfacet
  facet normal 0 0 -1
    outer loop
      vertex 9.32948 12.0165 0
      vertex 9.32948 13.9835 0
      vertex 9.48926 14.4542 0
    endloop
  endfacet
  facet normal 0 0 -1
    outer loop
      vertex 9.23251 12.504 0
      vertex 9.32948 13.9835 0
      vertex 9.32948 12.0165 0
    endloop
  endfacet
  facet normal 0 0 -1
    outer loop
      vertex 9.23251 12.504 0
      vertex 9.23251 13.496 0
      vertex 9.32948 13.9835 0
    endloop
  endfacet
  facet normal 0 -0 -1
    outer loop
      vertex 9.23251 13.496 0
      vertex 9.23251 12.504 0
      vertex 9.2 13 0
    endloop
  endfacet
  facet normal 0.555573 -0.831468 0
    outer loop
      vertex 14.9 9.7091 0
      vertex 15.3133 9.98526 1.2
      vertex 14.9 9.7091 1.2
    endloop
  endfacet
  facet normal 0.555573 -0.831468 0
    outer loop
      vertex 15.3133 9.98526 1.2
      vertex 14.9 9.7091 0
      vertex 15.3133 9.98526 0
    endloop
  endfacet
  facet normal 0.321474 0.946919 -0
    outer loop
      vertex 14.4542 16.5107 0
      vertex 13.9835 16.6705 1.2
      vertex 14.4542 16.5107 1.2
    endloop
  endfacet
  facet normal 0.321474 0.946919 0
    outer loop
      vertex 13.9835 16.6705 1.2
      vertex 14.4542 16.5107 0
      vertex 13.9835 16.6705 0
    endloop
  endfacet
  facet normal -0.321474 0.946919 0
    outer loop
      vertex 12.0165 16.6705 0
      vertex 11.5458 16.5107 1.2
      vertex 12.0165 16.6705 1.2
    endloop
  endfacet
  facet normal -0.321474 0.946919 0
    outer loop
      vertex 11.5458 16.5107 1.2
      vertex 12.0165 16.6705 0
      vertex 11.5458 16.5107 0
    endloop
  endfacet
  facet normal 0.831431 0.555628 0
    outer loop
      vertex 16.2909 14.9 1.2
      vertex 16.0147 15.3133 0
      vertex 16.0147 15.3133 1.2
    endloop
  endfacet
  facet normal 0.831431 0.555628 0
    outer loop
      vertex 16.0147 15.3133 0
      vertex 16.2909 14.9 1.2
      vertex 16.2909 14.9 0
    endloop
  endfacet
  facet normal 0.195091 -0.980785 0
    outer loop
      vertex 13.496 9.23251 0
      vertex 13.9835 9.32948 1.2
      vertex 13.496 9.23251 1.2
    endloop
  endfacet
  facet normal 0.195091 -0.980785 0
    outer loop
      vertex 13.9835 9.32948 1.2
      vertex 13.496 9.23251 0
      vertex 13.9835 9.32948 0
    endloop
  endfacet
  facet normal 0.555628 0.831431 -0
    outer loop
      vertex 15.3133 16.0147 0
      vertex 14.9 16.2909 1.2
      vertex 15.3133 16.0147 1.2
    endloop
  endfacet
  facet normal 0.555628 0.831431 0
    outer loop
      vertex 14.9 16.2909 1.2
      vertex 15.3133 16.0147 0
      vertex 14.9 16.2909 0
    endloop
  endfacet
  facet normal -0.065384 0.99786 0
    outer loop
      vertex 13 16.8 0
      vertex 12.504 16.7675 1.2
      vertex 13 16.8 1.2
    endloop
  endfacet
  facet normal -0.065384 0.99786 0
    outer loop
      vertex 12.504 16.7675 1.2
      vertex 13 16.8 0
      vertex 12.504 16.7675 0
    endloop
  endfacet
  facet normal -0.555573 -0.831468 0
    outer loop
      vertex 10.6867 9.98526 0
      vertex 11.1 9.7091 1.2
      vertex 10.6867 9.98526 1.2
    endloop
  endfacet
  facet normal -0.555573 -0.831468 -0
    outer loop
      vertex 11.1 9.7091 1.2
      vertex 10.6867 9.98526 0
      vertex 11.1 9.7091 0
    endloop
  endfacet
  facet normal 0.659316 0.751866 -0
    outer loop
      vertex 15.687 15.687 0
      vertex 15.3133 16.0147 1.2
      vertex 15.687 15.687 1.2
    endloop
  endfacet
  facet normal 0.659316 0.751866 0
    outer loop
      vertex 15.3133 16.0147 1.2
      vertex 15.687 15.687 0
      vertex 15.3133 16.0147 0
    endloop
  endfacet
  facet normal -0.555628 0.831431 0
    outer loop
      vertex 11.1 16.2909 0
      vertex 10.6867 16.0147 1.2
      vertex 11.1 16.2909 1.2
    endloop
  endfacet
  facet normal -0.555628 0.831431 0
    outer loop
      vertex 10.6867 16.0147 1.2
      vertex 11.1 16.2909 0
      vertex 10.6867 16.0147 0
    endloop
  endfacet
  facet normal -0.442217 0.896908 0
    outer loop
      vertex 11.5458 16.5107 0
      vertex 11.1 16.2909 1.2
      vertex 11.5458 16.5107 1.2
    endloop
  endfacet
  facet normal -0.442217 0.896908 0
    outer loop
      vertex 11.1 16.2909 1.2
      vertex 11.5458 16.5107 0
      vertex 11.1 16.2909 0
    endloop
  endfacet
  facet normal 0.659362 -0.751826 0
    outer loop
      vertex 15.3133 9.98526 0
      vertex 15.687 10.313 1.2
      vertex 15.3133 9.98526 1.2
    endloop
  endfacet
  facet normal 0.659362 -0.751826 0
    outer loop
      vertex 15.687 10.313 1.2
      vertex 15.3133 9.98526 0
      vertex 15.687 10.313 0
    endloop
  endfacet
  facet normal 0.751866 0.659316 0
    outer loop
      vertex 16.0147 15.3133 1.2
      vertex 15.687 15.687 0
      vertex 15.687 15.687 1.2
    endloop
  endfacet
  facet normal 0.751866 0.659316 0
    outer loop
      vertex 15.687 15.687 0
      vertex 16.0147 15.3133 1.2
      vertex 16.0147 15.3133 0
    endloop
  endfacet
  facet normal -0.946931 0.321437 0
    outer loop
      vertex 9.32948 13.9835 0
      vertex 9.48926 14.4542 1.2
      vertex 9.48926 14.4542 0
    endloop
  endfacet
  facet normal -0.946931 0.321437 0
    outer loop
      vertex 9.48926 14.4542 1.2
      vertex 9.32948 13.9835 0
      vertex 9.32948 13.9835 1.2
    endloop
  endfacet
  facet normal 0.980774 -0.195149 0
    outer loop
      vertex 16.6705 12.0165 1.2
      vertex 16.7675 12.504 0
      vertex 16.7675 12.504 1.2
    endloop
  endfacet
  facet normal 0.980774 -0.195149 0
    outer loop
      vertex 16.7675 12.504 0
      vertex 16.6705 12.0165 1.2
      vertex 16.6705 12.0165 0
    endloop
  endfacet
  facet normal 0.831431 -0.555628 0
    outer loop
      vertex 16.0147 10.6867 1.2
      vertex 16.2909 11.1 0
      vertex 16.2909 11.1 1.2
    endloop
  endfacet
  facet normal 0.831431 -0.555628 0
    outer loop
      vertex 16.2909 11.1 0
      vertex 16.0147 10.6867 1.2
      vertex 16.0147 10.6867 0
    endloop
  endfacet
  facet normal 0.751866 -0.659316 0
    outer loop
      vertex 15.687 10.313 1.2
      vertex 16.0147 10.6867 0
      vertex 16.0147 10.6867 1.2
    endloop
  endfacet
  facet normal 0.751866 -0.659316 0
    outer loop
      vertex 16.0147 10.6867 0
      vertex 15.687 10.313 1.2
      vertex 15.687 10.313 0
    endloop
  endfacet
  facet normal -0.997859 0.065404 0
    outer loop
      vertex 9.2 13 0
      vertex 9.23251 13.496 1.2
      vertex 9.23251 13.496 0
    endloop
  endfacet
  facet normal -0.997859 0.065404 0
    outer loop
      vertex 9.23251 13.496 1.2
      vertex 9.2 13 0
      vertex 9.2 13 1.2
    endloop
  endfacet
  facet normal -0.896876 0.442282 0
    outer loop
      vertex 9.48926 14.4542 0
      vertex 9.7091 14.9 1.2
      vertex 9.7091 14.9 0
    endloop
  endfacet
  facet normal -0.896876 0.442282 0
    outer loop
      vertex 9.7091 14.9 1.2
      vertex 9.48926 14.4542 0
      vertex 9.48926 14.4542 1.2
    endloop
  endfacet
  facet normal -0.997859 -0.065404 0
    outer loop
      vertex 9.23251 12.504 0
      vertex 9.2 13 1.2
      vertex 9.2 13 0
    endloop
  endfacet
  facet normal -0.997859 -0.065404 0
    outer loop
      vertex 9.2 13 1.2
      vertex 9.23251 12.504 0
      vertex 9.23251 12.504 1.2
    endloop
  endfacet
  facet normal -0.946931 -0.321437 0
    outer loop
      vertex 9.48926 11.5458 0
      vertex 9.32948 12.0165 1.2
      vertex 9.32948 12.0165 0
    endloop
  endfacet
  facet normal -0.946931 -0.321437 0
    outer loop
      vertex 9.32948 12.0165 1.2
      vertex 9.48926 11.5458 0
      vertex 9.48926 11.5458 1.2
    endloop
  endfacet
  facet normal 0.195149 0.980774 -0
    outer loop
      vertex 13.9835 16.6705 0
      vertex 13.496 16.7675 1.2
      vertex 13.9835 16.6705 1.2
    endloop
  endfacet
  facet normal 0.195149 0.980774 0
    outer loop
      vertex 13.496 16.7675 1.2
      vertex 13.9835 16.6705 0
      vertex 13.496 16.7675 0
    endloop
  endfacet
  facet normal -0.659316 0.751866 0
    outer loop
      vertex 10.6867 16.0147 0
      vertex 10.313 15.687 1.2
      vertex 10.6867 16.0147 1.2
    endloop
  endfacet
  facet normal -0.659316 0.751866 0
    outer loop
      vertex 10.313 15.687 1.2
      vertex 10.6867 16.0147 0
      vertex 10.313 15.687 0
    endloop
  endfacet
  facet normal -0.751826 0.659362 0
    outer loop
      vertex 9.98526 15.3133 0
      vertex 10.313 15.687 1.2
      vertex 10.313 15.687 0
    endloop
  endfacet
  facet normal -0.751826 0.659362 0
    outer loop
      vertex 10.313 15.687 1.2
      vertex 9.98526 15.3133 0
      vertex 9.98526 15.3133 1.2
    endloop
  endfacet
  facet normal 0.065404 -0.997859 0
    outer loop
      vertex 13 9.2 0
      vertex 13.496 9.23251 1.2
      vertex 13 9.2 1.2
    endloop
  endfacet
  facet normal 0.065404 -0.997859 0
    outer loop
      vertex 13.496 9.23251 1.2
      vertex 13 9.2 0
      vertex 13.496 9.23251 0
    endloop
  endfacet
  facet normal 0.896908 -0.442217 0
    outer loop
      vertex 16.2909 11.1 1.2
      vertex 16.5107 11.5458 0
      vertex 16.5107 11.5458 1.2
    endloop
  endfacet
  facet normal 0.896908 -0.442217 0
    outer loop
      vertex 16.5107 11.5458 0
      vertex 16.2909 11.1 1.2
      vertex 16.2909 11.1 0
    endloop
  endfacet
  facet normal -0.751826 -0.659362 0
    outer loop
      vertex 10.313 10.313 0
      vertex 9.98526 10.6867 1.2
      vertex 9.98526 10.6867 0
    endloop
  endfacet
  facet normal -0.751826 -0.659362 0
    outer loop
      vertex 9.98526 10.6867 1.2
      vertex 10.313 10.313 0
      vertex 10.313 10.313 1.2
    endloop
  endfacet
  facet normal -0.065404 -0.997859 0
    outer loop
      vertex 12.504 9.23251 0
      vertex 13 9.2 1.2
      vertex 12.504 9.23251 1.2
    endloop
  endfacet
  facet normal -0.065404 -0.997859 -0
    outer loop
      vertex 13 9.2 1.2
      vertex 12.504 9.23251 0
      vertex 13 9.2 0
    endloop
  endfacet
  facet normal -0.831468 -0.555573 0
    outer loop
      vertex 9.98526 10.6867 0
      vertex 9.7091 11.1 1.2
      vertex 9.7091 11.1 0
    endloop
  endfacet
  facet normal -0.831468 -0.555573 0
    outer loop
      vertex 9.7091 11.1 1.2
      vertex 9.98526 10.6867 0
      vertex 9.98526 10.6867 1.2
    endloop
  endfacet
  facet normal 0.946919 -0.321474 0
    outer loop
      vertex 16.5107 11.5458 1.2
      vertex 16.6705 12.0165 0
      vertex 16.6705 12.0165 1.2
    endloop
  endfacet
  facet normal 0.946919 -0.321474 0
    outer loop
      vertex 16.6705 12.0165 0
      vertex 16.5107 11.5458 1.2
      vertex 16.5107 11.5458 0
    endloop
  endfacet
  facet normal -0.195091 -0.980785 0
    outer loop
      vertex 12.0165 9.32948 0
      vertex 12.504 9.23251 1.2
      vertex 12.0165 9.32948 1.2
    endloop
  endfacet
  facet normal -0.195091 -0.980785 -0
    outer loop
      vertex 12.504 9.23251 1.2
      vertex 12.0165 9.32948 0
      vertex 12.504 9.23251 0
    endloop
  endfacet
  facet normal 0.065384 0.99786 -0
    outer loop
      vertex 13.496 16.7675 0
      vertex 13 16.8 1.2
      vertex 13.496 16.7675 1.2
    endloop
  endfacet
  facet normal 0.065384 0.99786 0
    outer loop
      vertex 13 16.8 1.2
      vertex 13.496 16.7675 0
      vertex 13 16.8 0
    endloop
  endfacet
  facet normal -0.980785 -0.195091 0
    outer loop
      vertex 9.32948 12.0165 0
      vertex 9.23251 12.504 1.2
      vertex 9.23251 12.504 0
    endloop
  endfacet
  facet normal -0.980785 -0.195091 0
    outer loop
      vertex 9.23251 12.504 1.2
      vertex 9.32948 12.0165 0
      vertex 9.32948 12.0165 1.2
    endloop
  endfacet
  facet normal -0.321437 -0.946931 0
    outer loop
      vertex 11.5458 9.48926 0
      vertex 12.0165 9.32948 1.2
      vertex 11.5458 9.48926 1.2
    endloop
  endfacet
  facet normal -0.321437 -0.946931 -0
    outer loop
      vertex 12.0165 9.32948 1.2
      vertex 11.5458 9.48926 0
      vertex 12.0165 9.32948 0
    endloop
  endfacet
  facet normal -0.442282 -0.896876 0
    outer loop
      vertex 11.1 9.7091 0
      vertex 11.5458 9.48926 1.2
      vertex 11.1 9.7091 1.2
    endloop
  endfacet
  facet normal -0.442282 -0.896876 -0
    outer loop
      vertex 11.5458 9.48926 1.2
      vertex 11.1 9.7091 0
      vertex 11.5458 9.48926 0
    endloop
  endfacet
  facet normal 0.980815 0.19494 0
    outer loop
      vertex 15.9743 13.3916 9.7
      vertex 15.8978 13.7765 1.2
      vertex 15.8978 13.7765 9.7
    endloop
  endfacet
  facet normal 0.980815 0.19494 0
    outer loop
      vertex 15.8978 13.7765 1.2
      vertex 15.9743 13.3916 9.7
      vertex 15.9743 13.3916 1.2
    endloop
  endfacet
  facet normal 0.997853 0.0654873 0
    outer loop
      vertex 16 13 9.7
      vertex 15.9743 13.3916 1.2
      vertex 15.9743 13.3916 9.7
    endloop
  endfacet
  facet normal 0.997853 0.0654873 0
    outer loop
      vertex 15.9743 13.3916 1.2
      vertex 16 13 9.7
      vertex 16 13 1.2
    endloop
  endfacet
  facet normal 0.980815 -0.19494 0
    outer loop
      vertex 15.8978 12.2235 9.7
      vertex 15.9743 12.6084 1.2
      vertex 15.9743 12.6084 9.7
    endloop
  endfacet
  facet normal 0.980815 -0.19494 0
    outer loop
      vertex 15.9743 12.6084 1.2
      vertex 15.8978 12.2235 9.7
      vertex 15.8978 12.2235 1.2
    endloop
  endfacet
  facet normal -0.751724 -0.659478 0
    outer loop
      vertex 10.8787 10.8787 1.2
      vertex 10.6199 11.1737 9.7
      vertex 10.6199 11.1737 1.2
    endloop
  endfacet
  facet normal -0.751724 -0.659478 0
    outer loop
      vertex 10.6199 11.1737 9.7
      vertex 10.8787 10.8787 1.2
      vertex 10.8787 10.8787 9.7
    endloop
  endfacet
  facet normal 0 0 1
    outer loop
      vertex 15.9743 13.3916 9.7
      vertex 15.9743 12.6084 9.7
      vertex 16 13 9.7
    endloop
  endfacet
  facet normal 0 0 1
    outer loop
      vertex 15.8978 13.7765 9.7
      vertex 15.9743 12.6084 9.7
      vertex 15.9743 13.3916 9.7
    endloop
  endfacet
  facet normal 0 0 1
    outer loop
      vertex 15.8978 13.7765 9.7
      vertex 15.8978 12.2235 9.7
      vertex 15.9743 12.6084 9.7
    endloop
  endfacet
  facet normal 0 0 1
    outer loop
      vertex 15.7716 14.148 9.7
      vertex 15.8978 12.2235 9.7
      vertex 15.8978 13.7765 9.7
    endloop
  endfacet
  facet normal 0 0 1
    outer loop
      vertex 15.7716 14.148 9.7
      vertex 15.7716 11.852 9.7
      vertex 15.8978 12.2235 9.7
    endloop
  endfacet
  facet normal 0 0 1
    outer loop
      vertex 15.5981 14.5 9.7
      vertex 15.7716 11.852 9.7
      vertex 15.7716 14.148 9.7
    endloop
  endfacet
  facet normal 0 0 1
    outer loop
      vertex 15.5981 14.5 9.7
      vertex 15.5981 11.5 9.7
      vertex 15.7716 11.852 9.7
    endloop
  endfacet
  facet normal 0 0 1
    outer loop
      vertex 15.3801 14.8263 9.7
      vertex 15.5981 11.5 9.7
      vertex 15.5981 14.5 9.7
    endloop
  endfacet
  facet normal 0 0 1
    outer loop
      vertex 15.3801 14.8263 9.7
      vertex 15.3801 11.1737 9.7
      vertex 15.5981 11.5 9.7
    endloop
  endfacet
  facet normal 0 0 1
    outer loop
      vertex 15.1213 15.1213 9.7
      vertex 15.3801 11.1737 9.7
      vertex 15.3801 14.8263 9.7
    endloop
  endfacet
  facet normal 0 0 1
    outer loop
      vertex 15.1213 15.1213 9.7
      vertex 15.1213 10.8787 9.7
      vertex 15.3801 11.1737 9.7
    endloop
  endfacet
  facet normal 0 0 1
    outer loop
      vertex 14.8263 15.3801 9.7
      vertex 15.1213 10.8787 9.7
      vertex 15.1213 15.1213 9.7
    endloop
  endfacet
  facet normal 0 0 1
    outer loop
      vertex 14.8263 15.3801 9.7
      vertex 14.8263 10.6199 9.7
      vertex 15.1213 10.8787 9.7
    endloop
  endfacet
  facet normal 0 0 1
    outer loop
      vertex 14.5 15.5981 9.7
      vertex 14.8263 10.6199 9.7
      vertex 14.8263 15.3801 9.7
    endloop
  endfacet
  facet normal 0 0 1
    outer loop
      vertex 14.5 15.5981 9.7
      vertex 14.5 10.4019 9.7
      vertex 14.8263 10.6199 9.7
    endloop
  endfacet
  facet normal 0 0 1
    outer loop
      vertex 14.148 15.7716 9.7
      vertex 14.5 10.4019 9.7
      vertex 14.5 15.5981 9.7
    endloop
  endfacet
  facet normal 0 0 1
    outer loop
      vertex 14.148 15.7716 9.7
      vertex 14.148 10.2284 9.7
      vertex 14.5 10.4019 9.7
    endloop
  endfacet
  facet normal 0 0 1
    outer loop
      vertex 13.7765 15.8978 9.7
      vertex 14.148 10.2284 9.7
      vertex 14.148 15.7716 9.7
    endloop
  endfacet
  facet normal 0 0 1
    outer loop
      vertex 13.7765 15.8978 9.7
      vertex 13.7765 10.1022 9.7
      vertex 14.148 10.2284 9.7
    endloop
  endfacet
  facet normal 0 0 1
    outer loop
      vertex 13.3916 15.9743 9.7
      vertex 13.7765 10.1022 9.7
      vertex 13.7765 15.8978 9.7
    endloop
  endfacet
  facet normal 0 0 1
    outer loop
      vertex 13.3916 15.9743 9.7
      vertex 13.3916 10.0257 9.7
      vertex 13.7765 10.1022 9.7
    endloop
  endfacet
  facet normal 0 0 1
    outer loop
      vertex 13 16 9.7
      vertex 13.3916 10.0257 9.7
      vertex 13.3916 15.9743 9.7
    endloop
  endfacet
  facet normal 0 0 1
    outer loop
      vertex 13 16 9.7
      vertex 13 10 9.7
      vertex 13.3916 10.0257 9.7
    endloop
  endfacet
  facet normal -0 0 1
    outer loop
      vertex 12.6084 15.9743 9.7
      vertex 13 10 9.7
      vertex 13 16 9.7
    endloop
  endfacet
  facet normal 0 0 1
    outer loop
      vertex 12.6084 15.9743 9.7
      vertex 12.6084 10.0257 9.7
      vertex 13 10 9.7
    endloop
  endfacet
  facet normal -0 0 1
    outer loop
      vertex 12.2235 15.8978 9.7
      vertex 12.6084 10.0257 9.7
      vertex 12.6084 15.9743 9.7
    endloop
  endfacet
  facet normal 0 0 1
    outer loop
      vertex 12.2235 15.8978 9.7
      vertex 12.2235 10.1022 9.7
      vertex 12.6084 10.0257 9.7
    endloop
  endfacet
  facet normal -0 0 1
    outer loop
      vertex 11.852 15.7716 9.7
      vertex 12.2235 10.1022 9.7
      vertex 12.2235 15.8978 9.7
    endloop
  endfacet
  facet normal 0 0 1
    outer loop
      vertex 11.852 15.7716 9.7
      vertex 11.852 10.2284 9.7
      vertex 12.2235 10.1022 9.7
    endloop
  endfacet
  facet normal -0 0 1
    outer loop
      vertex 11.5 15.5981 9.7
      vertex 11.852 10.2284 9.7
      vertex 11.852 15.7716 9.7
    endloop
  endfacet
  facet normal 0 0 1
    outer loop
      vertex 11.5 15.5981 9.7
      vertex 11.5 10.4019 9.7
      vertex 11.852 10.2284 9.7
    endloop
  endfacet
  facet normal -0 0 1
    outer loop
      vertex 11.1737 15.3801 9.7
      vertex 11.5 10.4019 9.7
      vertex 11.5 15.5981 9.7
    endloop
  endfacet
  facet normal 0 0 1
    outer loop
      vertex 11.1737 15.3801 9.7
      vertex 11.1737 10.6199 9.7
      vertex 11.5 10.4019 9.7
    endloop
  endfacet
  facet normal -0 0 1
    outer loop
      vertex 10.8787 15.1213 9.7
      vertex 11.1737 10.6199 9.7
      vertex 11.1737 15.3801 9.7
    endloop
  endfacet
  facet normal 0 0 1
    outer loop
      vertex 10.8787 15.1213 9.7
      vertex 10.8787 10.8787 9.7
      vertex 11.1737 10.6199 9.7
    endloop
  endfacet
  facet normal -0 0 1
    outer loop
      vertex 10.6199 14.8263 9.7
      vertex 10.8787 10.8787 9.7
      vertex 10.8787 15.1213 9.7
    endloop
  endfacet
  facet normal 0 0 1
    outer loop
      vertex 10.6199 14.8263 9.7
      vertex 10.6199 11.1737 9.7
      vertex 10.8787 10.8787 9.7
    endloop
  endfacet
  facet normal -0 0 1
    outer loop
      vertex 10.4019 14.5 9.7
      vertex 10.6199 11.1737 9.7
      vertex 10.6199 14.8263 9.7
    endloop
  endfacet
  facet normal 0 0 1
    outer loop
      vertex 10.4019 14.5 9.7
      vertex 10.4019 11.5 9.7
      vertex 10.6199 11.1737 9.7
    endloop
  endfacet
  facet normal -0 0 1
    outer loop
      vertex 10.2284 14.148 9.7
      vertex 10.4019 11.5 9.7
      vertex 10.4019 14.5 9.7
    endloop
  endfacet
  facet normal 0 0 1
    outer loop
      vertex 10.2284 14.148 9.7
      vertex 10.2284 11.852 9.7
      vertex 10.4019 11.5 9.7
    endloop
  endfacet
  facet normal -0 0 1
    outer loop
      vertex 10.1022 13.7765 9.7
      vertex 10.2284 11.852 9.7
      vertex 10.2284 14.148 9.7
    endloop
  endfacet
  facet normal 0 0 1
    outer loop
      vertex 10.1022 13.7765 9.7
      vertex 10.1022 12.2235 9.7
      vertex 10.2284 11.852 9.7
    endloop
  endfacet
  facet normal -0 0 1
    outer loop
      vertex 10.0257 13.3916 9.7
      vertex 10.1022 12.2235 9.7
      vertex 10.1022 13.7765 9.7
    endloop
  endfacet
  facet normal 0 0 1
    outer loop
      vertex 10.0257 13.3916 9.7
      vertex 10.0257 12.6084 9.7
      vertex 10.1022 12.2235 9.7
    endloop
  endfacet
  facet normal 0 -0 1
    outer loop
      vertex 10.0257 12.6084 9.7
      vertex 10.0257 13.3916 9.7
      vertex 10 13 9.7
    endloop
  endfacet
  facet normal 0.831501 0.555523 0
    outer loop
      vertex 15.5981 14.5 9.7
      vertex 15.3801 14.8263 1.2
      vertex 15.3801 14.8263 9.7
    endloop
  endfacet
  facet normal 0.831501 0.555523 0
    outer loop
      vertex 15.3801 14.8263 1.2
      vertex 15.5981 14.5 9.7
      vertex 15.5981 14.5 1.2
    endloop
  endfacet
  facet normal 0.555523 0.831501 -0
    outer loop
      vertex 14.8263 15.3801 1.2
      vertex 14.5 15.5981 9.7
      vertex 14.8263 15.3801 9.7
    endloop
  endfacet
  facet normal 0.555523 0.831501 0
    outer loop
      vertex 14.5 15.5981 9.7
      vertex 14.8263 15.3801 1.2
      vertex 14.5 15.5981 1.2
    endloop
  endfacet
  facet normal 0.896961 -0.44211 0
    outer loop
      vertex 15.5981 11.5 9.7
      vertex 15.7716 11.852 1.2
      vertex 15.7716 11.852 9.7
    endloop
  endfacet
  facet normal 0.896961 -0.44211 0
    outer loop
      vertex 15.7716 11.852 1.2
      vertex 15.5981 11.5 9.7
      vertex 15.5981 11.5 1.2
    endloop
  endfacet
  facet normal 0.997853 -0.0654873 0
    outer loop
      vertex 15.9743 12.6084 9.7
      vertex 16 13 1.2
      vertex 16 13 9.7
    endloop
  endfacet
  facet normal 0.997853 -0.0654873 0
    outer loop
      vertex 16 13 1.2
      vertex 15.9743 12.6084 9.7
      vertex 15.9743 12.6084 1.2
    endloop
  endfacet
  facet normal 0.321651 0.946858 -0
    outer loop
      vertex 14.148 15.7716 1.2
      vertex 13.7765 15.8978 9.7
      vertex 14.148 15.7716 9.7
    endloop
  endfacet
  facet normal 0.321651 0.946858 0
    outer loop
      vertex 13.7765 15.8978 9.7
      vertex 14.148 15.7716 1.2
      vertex 13.7765 15.8978 1.2
    endloop
  endfacet
  facet normal -0.896961 0.44211 0
    outer loop
      vertex 10.2284 14.148 1.2
      vertex 10.4019 14.5 9.7
      vertex 10.4019 14.5 1.2
    endloop
  endfacet
  facet normal -0.896961 0.44211 0
    outer loop
      vertex 10.4019 14.5 9.7
      vertex 10.2284 14.148 1.2
      vertex 10.2284 14.148 9.7
    endloop
  endfacet
  facet normal -0.659478 0.751724 0
    outer loop
      vertex 11.1737 15.3801 1.2
      vertex 10.8787 15.1213 9.7
      vertex 11.1737 15.3801 9.7
    endloop
  endfacet
  facet normal -0.659478 0.751724 0
    outer loop
      vertex 10.8787 15.1213 9.7
      vertex 11.1737 15.3801 1.2
      vertex 10.8787 15.1213 1.2
    endloop
  endfacet
  facet normal 0.321651 -0.946858 0
    outer loop
      vertex 13.7765 10.1022 1.2
      vertex 14.148 10.2284 9.7
      vertex 13.7765 10.1022 9.7
    endloop
  endfacet
  facet normal 0.321651 -0.946858 0
    outer loop
      vertex 14.148 10.2284 9.7
      vertex 13.7765 10.1022 1.2
      vertex 14.148 10.2284 1.2
    endloop
  endfacet
  facet normal -0.997853 -0.0654873 0
    outer loop
      vertex 10.0257 12.6084 1.2
      vertex 10 13 9.7
      vertex 10 13 1.2
    endloop
  endfacet
  facet normal -0.997853 -0.0654873 0
    outer loop
      vertex 10 13 9.7
      vertex 10.0257 12.6084 1.2
      vertex 10.0257 12.6084 9.7
    endloop
  endfacet
  facet normal -0.659478 -0.751724 0
    outer loop
      vertex 10.8787 10.8787 1.2
      vertex 11.1737 10.6199 9.7
      vertex 10.8787 10.8787 9.7
    endloop
  endfacet
  facet normal -0.659478 -0.751724 -0
    outer loop
      vertex 11.1737 10.6199 9.7
      vertex 10.8787 10.8787 1.2
      vertex 11.1737 10.6199 1.2
    endloop
  endfacet
  facet normal -0.321651 0.946858 0
    outer loop
      vertex 12.2235 15.8978 1.2
      vertex 11.852 15.7716 9.7
      vertex 12.2235 15.8978 9.7
    endloop
  endfacet
  facet normal -0.321651 0.946858 0
    outer loop
      vertex 11.852 15.7716 9.7
      vertex 12.2235 15.8978 1.2
      vertex 11.852 15.7716 1.2
    endloop
  endfacet
  facet normal -0.831501 -0.555523 0
    outer loop
      vertex 10.6199 11.1737 1.2
      vertex 10.4019 11.5 9.7
      vertex 10.4019 11.5 1.2
    endloop
  endfacet
  facet normal -0.831501 -0.555523 0
    outer loop
      vertex 10.4019 11.5 9.7
      vertex 10.6199 11.1737 1.2
      vertex 10.6199 11.1737 9.7
    endloop
  endfacet
  facet normal -0.555523 0.831501 0
    outer loop
      vertex 11.5 15.5981 1.2
      vertex 11.1737 15.3801 9.7
      vertex 11.5 15.5981 9.7
    endloop
  endfacet
  facet normal -0.555523 0.831501 0
    outer loop
      vertex 11.1737 15.3801 9.7
      vertex 11.5 15.5981 1.2
      vertex 11.1737 15.3801 1.2
    endloop
  endfacet
  facet normal -0.997853 0.0654873 0
    outer loop
      vertex 10 13 1.2
      vertex 10.0257 13.3916 9.7
      vertex 10.0257 13.3916 1.2
    endloop
  endfacet
  facet normal -0.997853 0.0654873 0
    outer loop
      vertex 10.0257 13.3916 9.7
      vertex 10 13 1.2
      vertex 10 13 9.7
    endloop
  endfacet
  facet normal 0.19494 0.980815 -0
    outer loop
      vertex 13.7765 15.8978 1.2
      vertex 13.3916 15.9743 9.7
      vertex 13.7765 15.8978 9.7
    endloop
  endfacet
  facet normal 0.19494 0.980815 0
    outer loop
      vertex 13.3916 15.9743 9.7
      vertex 13.7765 15.8978 1.2
      vertex 13.3916 15.9743 1.2
    endloop
  endfacet
  facet normal -0.44211 0.896961 0
    outer loop
      vertex 11.852 15.7716 1.2
      vertex 11.5 15.5981 9.7
      vertex 11.852 15.7716 9.7
    endloop
  endfacet
  facet normal -0.44211 0.896961 0
    outer loop
      vertex 11.5 15.5981 9.7
      vertex 11.852 15.7716 1.2
      vertex 11.5 15.5981 1.2
    endloop
  endfacet
  facet normal 0.0654873 -0.997853 0
    outer loop
      vertex 13 10 1.2
      vertex 13.3916 10.0257 9.7
      vertex 13 10 9.7
    endloop
  endfacet
  facet normal 0.0654873 -0.997853 0
    outer loop
      vertex 13.3916 10.0257 9.7
      vertex 13 10 1.2
      vertex 13.3916 10.0257 1.2
    endloop
  endfacet
  facet normal 0.659478 -0.751724 0
    outer loop
      vertex 14.8263 10.6199 1.2
      vertex 15.1213 10.8787 9.7
      vertex 14.8263 10.6199 9.7
    endloop
  endfacet
  facet normal 0.659478 -0.751724 0
    outer loop
      vertex 15.1213 10.8787 9.7
      vertex 14.8263 10.6199 1.2
      vertex 15.1213 10.8787 1.2
    endloop
  endfacet
  facet normal -0.946858 -0.321651 0
    outer loop
      vertex 10.2284 11.852 1.2
      vertex 10.1022 12.2235 9.7
      vertex 10.1022 12.2235 1.2
    endloop
  endfacet
  facet normal -0.946858 -0.321651 0
    outer loop
      vertex 10.1022 12.2235 9.7
      vertex 10.2284 11.852 1.2
      vertex 10.2284 11.852 9.7
    endloop
  endfacet
  facet normal 0.946858 -0.321651 0
    outer loop
      vertex 15.7716 11.852 9.7
      vertex 15.8978 12.2235 1.2
      vertex 15.8978 12.2235 9.7
    endloop
  endfacet
  facet normal 0.946858 -0.321651 0
    outer loop
      vertex 15.8978 12.2235 1.2
      vertex 15.7716 11.852 9.7
      vertex 15.7716 11.852 1.2
    endloop
  endfacet
  facet normal 0.44211 0.896961 -0
    outer loop
      vertex 14.5 15.5981 1.2
      vertex 14.148 15.7716 9.7
      vertex 14.5 15.5981 9.7
    endloop
  endfacet
  facet normal 0.44211 0.896961 0
    outer loop
      vertex 14.148 15.7716 9.7
      vertex 14.5 15.5981 1.2
      vertex 14.148 15.7716 1.2
    endloop
  endfacet
  facet normal -0.19494 0.980815 0
    outer loop
      vertex 12.6084 15.9743 1.2
      vertex 12.2235 15.8978 9.7
      vertex 12.6084 15.9743 9.7
    endloop
  endfacet
  facet normal -0.19494 0.980815 0
    outer loop
      vertex 12.2235 15.8978 9.7
      vertex 12.6084 15.9743 1.2
      vertex 12.2235 15.8978 1.2
    endloop
  endfacet
  facet normal 0.751724 0.659478 0
    outer loop
      vertex 15.3801 14.8263 9.7
      vertex 15.1213 15.1213 1.2
      vertex 15.1213 15.1213 9.7
    endloop
  endfacet
  facet normal 0.751724 0.659478 0
    outer loop
      vertex 15.1213 15.1213 1.2
      vertex 15.3801 14.8263 9.7
      vertex 15.3801 14.8263 1.2
    endloop
  endfacet
  facet normal 0.751724 -0.659478 0
    outer loop
      vertex 15.1213 10.8787 9.7
      vertex 15.3801 11.1737 1.2
      vertex 15.3801 11.1737 9.7
    endloop
  endfacet
  facet normal 0.751724 -0.659478 0
    outer loop
      vertex 15.3801 11.1737 1.2
      vertex 15.1213 10.8787 9.7
      vertex 15.1213 10.8787 1.2
    endloop
  endfacet
  facet normal -0.44211 -0.896961 0
    outer loop
      vertex 11.5 10.4019 1.2
      vertex 11.852 10.2284 9.7
      vertex 11.5 10.4019 9.7
    endloop
  endfacet
  facet normal -0.44211 -0.896961 -0
    outer loop
      vertex 11.852 10.2284 9.7
      vertex 11.5 10.4019 1.2
      vertex 11.852 10.2284 1.2
    endloop
  endfacet
  facet normal -0.946858 0.321651 0
    outer loop
      vertex 10.1022 13.7765 1.2
      vertex 10.2284 14.148 9.7
      vertex 10.2284 14.148 1.2
    endloop
  endfacet
  facet normal -0.946858 0.321651 0
    outer loop
      vertex 10.2284 14.148 9.7
      vertex 10.1022 13.7765 1.2
      vertex 10.1022 13.7765 9.7
    endloop
  endfacet
  facet normal 0.19494 -0.980815 0
    outer loop
      vertex 13.3916 10.0257 1.2
      vertex 13.7765 10.1022 9.7
      vertex 13.3916 10.0257 9.7
    endloop
  endfacet
  facet normal 0.19494 -0.980815 0
    outer loop
      vertex 13.7765 10.1022 9.7
      vertex 13.3916 10.0257 1.2
      vertex 13.7765 10.1022 1.2
    endloop
  endfacet
  facet normal 0.44211 -0.896961 0
    outer loop
      vertex 14.148 10.2284 1.2
      vertex 14.5 10.4019 9.7
      vertex 14.148 10.2284 9.7
    endloop
  endfacet
  facet normal 0.44211 -0.896961 0
    outer loop
      vertex 14.5 10.4019 9.7
      vertex 14.148 10.2284 1.2
      vertex 14.5 10.4019 1.2
    endloop
  endfacet
  facet normal -0.751724 0.659478 0
    outer loop
      vertex 10.6199 14.8263 1.2
      vertex 10.8787 15.1213 9.7
      vertex 10.8787 15.1213 1.2
    endloop
  endfacet
  facet normal -0.751724 0.659478 0
    outer loop
      vertex 10.8787 15.1213 9.7
      vertex 10.6199 14.8263 1.2
      vertex 10.6199 14.8263 9.7
    endloop
  endfacet
  facet normal 0.659478 0.751724 -0
    outer loop
      vertex 15.1213 15.1213 1.2
      vertex 14.8263 15.3801 9.7
      vertex 15.1213 15.1213 9.7
    endloop
  endfacet
  facet normal 0.659478 0.751724 0
    outer loop
      vertex 14.8263 15.3801 9.7
      vertex 15.1213 15.1213 1.2
      vertex 14.8263 15.3801 1.2
    endloop
  endfacet
  facet normal -0.896961 -0.44211 0
    outer loop
      vertex 10.4019 11.5 1.2
      vertex 10.2284 11.852 9.7
      vertex 10.2284 11.852 1.2
    endloop
  endfacet
  facet normal -0.896961 -0.44211 0
    outer loop
      vertex 10.2284 11.852 9.7
      vertex 10.4019 11.5 1.2
      vertex 10.4019 11.5 9.7
    endloop
  endfacet
  facet normal 0.831501 -0.555523 0
    outer loop
      vertex 15.3801 11.1737 9.7
      vertex 15.5981 11.5 1.2
      vertex 15.5981 11.5 9.7
    endloop
  endfacet
  facet normal 0.831501 -0.555523 0
    outer loop
      vertex 15.5981 11.5 1.2
      vertex 15.3801 11.1737 9.7
      vertex 15.3801 11.1737 1.2
    endloop
  endfacet
  facet normal 0.896961 0.44211 0
    outer loop
      vertex 15.7716 14.148 9.7
      vertex 15.5981 14.5 1.2
      vertex 15.5981 14.5 9.7
    endloop
  endfacet
  facet normal 0.896961 0.44211 0
    outer loop
      vertex 15.5981 14.5 1.2
      vertex 15.7716 14.148 9.7
      vertex 15.7716 14.148 1.2
    endloop
  endfacet
  facet normal -0.0654873 -0.997853 0
    outer loop
      vertex 12.6084 10.0257 1.2
      vertex 13 10 9.7
      vertex 12.6084 10.0257 9.7
    endloop
  endfacet
  facet normal -0.0654873 -0.997853 -0
    outer loop
      vertex 13 10 9.7
      vertex 12.6084 10.0257 1.2
      vertex 13 10 1.2
    endloop
  endfacet
  facet normal -0.555523 -0.831501 0
    outer loop
      vertex 11.1737 10.6199 1.2
      vertex 11.5 10.4019 9.7
      vertex 11.1737 10.6199 9.7
    endloop
  endfacet
  facet normal -0.555523 -0.831501 -0
    outer loop
      vertex 11.5 10.4019 9.7
      vertex 11.1737 10.6199 1.2
      vertex 11.5 10.4019 1.2
    endloop
  endfacet
  facet normal 0.555523 -0.831501 0
    outer loop
      vertex 14.5 10.4019 1.2
      vertex 14.8263 10.6199 9.7
      vertex 14.5 10.4019 9.7
    endloop
  endfacet
  facet normal 0.555523 -0.831501 0
    outer loop
      vertex 14.8263 10.6199 9.7
      vertex 14.5 10.4019 1.2
      vertex 14.8263 10.6199 1.2
    endloop
  endfacet
  facet normal 0.946858 0.321651 0
    outer loop
      vertex 15.8978 13.7765 9.7
      vertex 15.7716 14.148 1.2
      vertex 15.7716 14.148 9.7
    endloop
  endfacet
  facet normal 0.946858 0.321651 0
    outer loop
      vertex 15.7716 14.148 1.2
      vertex 15.8978 13.7765 9.7
      vertex 15.8978 13.7765 1.2
    endloop
  endfacet
  facet normal -0.980815 0.19494 0
    outer loop
      vertex 10.0257 13.3916 1.2
      vertex 10.1022 13.7765 9.7
      vertex 10.1022 13.7765 1.2
    endloop
  endfacet
  facet normal -0.980815 0.19494 0
    outer loop
      vertex 10.1022 13.7765 9.7
      vertex 10.0257 13.3916 1.2
      vertex 10.0257 13.3916 9.7
    endloop
  endfacet
  facet normal -0.0654873 0.997853 0
    outer loop
      vertex 13 16 1.2
      vertex 12.6084 15.9743 9.7
      vertex 13 16 9.7
    endloop
  endfacet
  facet normal -0.0654873 0.997853 0
    outer loop
      vertex 12.6084 15.9743 9.7
      vertex 13 16 1.2
      vertex 12.6084 15.9743 1.2
    endloop
  endfacet
  facet normal -0.321651 -0.946858 0
    outer loop
      vertex 11.852 10.2284 1.2
      vertex 12.2235 10.1022 9.7
      vertex 11.852 10.2284 9.7
    endloop
  endfacet
  facet normal -0.321651 -0.946858 -0
    outer loop
      vertex 12.2235 10.1022 9.7
      vertex 11.852 10.2284 1.2
      vertex 12.2235 10.1022 1.2
    endloop
  endfacet
  facet normal -0.980815 -0.19494 0
    outer loop
      vertex 10.1022 12.2235 1.2
      vertex 10.0257 12.6084 9.7
      vertex 10.0257 12.6084 1.2
    endloop
  endfacet
  facet normal -0.980815 -0.19494 0
    outer loop
      vertex 10.0257 12.6084 9.7
      vertex 10.1022 12.2235 1.2
      vertex 10.1022 12.2235 9.7
    endloop
  endfacet
  facet normal 0.0654873 0.997853 -0
    outer loop
      vertex 13.3916 15.9743 1.2
      vertex 13 16 9.7
      vertex 13.3916 15.9743 9.7
    endloop
  endfacet
  facet normal 0.0654873 0.997853 0
    outer loop
      vertex 13 16 9.7
      vertex 13.3916 15.9743 1.2
      vertex 13 16 1.2
    endloop
  endfacet
  facet normal -0.19494 -0.980815 0
    outer loop
      vertex 12.2235 10.1022 1.2
      vertex 12.6084 10.0257 9.7
      vertex 12.2235 10.1022 9.7
    endloop
  endfacet
  facet normal -0.19494 -0.980815 -0
    outer loop
      vertex 12.6084 10.0257 9.7
      vertex 12.2235 10.1022 1.2
      vertex 12.6084 10.0257 1.2
    endloop
  endfacet
  facet normal -0.831501 0.555523 0
    outer loop
      vertex 10.4019 14.5 1.2
      vertex 10.6199 14.8263 9.7
      vertex 10.6199 14.8263 1.2
    endloop
  endfacet
  facet normal -0.831501 0.555523 0
    outer loop
      vertex 10.6199 14.8263 9.7
      vertex 10.4019 14.5 1.2
      vertex 10.4019 14.5 9.7
    endloop
  endfacet
  facet normal -0.896908 -0.442217 0
    outer loop
      vertex 22.7091 11.1 0
      vertex 22.4893 11.5458 1.2
      vertex 22.4893 11.5458 0
    endloop
  endfacet
  facet normal -0.896908 -0.442217 0
    outer loop
      vertex 22.4893 11.5458 1.2
      vertex 22.7091 11.1 0
      vertex 22.7091 11.1 1.2
    endloop
  endfacet
  facet normal 0.980774 0.195149 0
    outer loop
      vertex 29.7675 13.496 1.2
      vertex 29.6705 13.9835 0
      vertex 29.6705 13.9835 1.2
    endloop
  endfacet
  facet normal 0.980774 0.195149 0
    outer loop
      vertex 29.6705 13.9835 0
      vertex 29.7675 13.496 1.2
      vertex 29.7675 13.496 0
    endloop
  endfacet
  facet normal 0.99786 0.065384 0
    outer loop
      vertex 29.8 13 1.2
      vertex 29.7675 13.496 0
      vertex 29.7675 13.496 1.2
    endloop
  endfacet
  facet normal 0.99786 0.065384 0
    outer loop
      vertex 29.7675 13.496 0
      vertex 29.8 13 1.2
      vertex 29.8 13 0
    endloop
  endfacet
  facet normal 0.946919 0.321474 0
    outer loop
      vertex 29.6705 13.9835 1.2
      vertex 29.5107 14.4542 0
      vertex 29.5107 14.4542 1.2
    endloop
  endfacet
  facet normal 0.946919 0.321474 0
    outer loop
      vertex 29.5107 14.4542 0
      vertex 29.6705 13.9835 1.2
      vertex 29.6705 13.9835 0
    endloop
  endfacet
  facet normal -0.831431 0.555628 0
    outer loop
      vertex 22.7091 14.9 0
      vertex 22.9853 15.3133 1.2
      vertex 22.9853 15.3133 0
    endloop
  endfacet
  facet normal -0.831431 0.555628 0
    outer loop
      vertex 22.9853 15.3133 1.2
      vertex 22.7091 14.9 0
      vertex 22.7091 14.9 1.2
    endloop
  endfacet
  facet normal 0.442282 -0.896876 0
    outer loop
      vertex 27.4542 9.48926 0
      vertex 27.9 9.7091 1.2
      vertex 27.4542 9.48926 1.2
    endloop
  endfacet
  facet normal 0.442282 -0.896876 0
    outer loop
      vertex 27.9 9.7091 1.2
      vertex 27.4542 9.48926 0
      vertex 27.9 9.7091 0
    endloop
  endfacet
  facet normal 0.99786 -0.065384 0
    outer loop
      vertex 29.7675 12.504 1.2
      vertex 29.8 13 0
      vertex 29.8 13 1.2
    endloop
  endfacet
  facet normal 0.99786 -0.065384 0
    outer loop
      vertex 29.8 13 0
      vertex 29.7675 12.504 1.2
      vertex 29.7675 12.504 0
    endloop
  endfacet
  facet normal 0.321437 -0.946931 0
    outer loop
      vertex 26.9835 9.32948 0
      vertex 27.4542 9.48926 1.2
      vertex 26.9835 9.32948 1.2
    endloop
  endfacet
  facet normal 0.321437 -0.946931 0
    outer loop
      vertex 27.4542 9.48926 1.2
      vertex 26.9835 9.32948 0
      vertex 27.4542 9.48926 0
    endloop
  endfacet
  facet normal 0.896908 0.442217 0
    outer loop
      vertex 29.5107 14.4542 1.2
      vertex 29.2909 14.9 0
      vertex 29.2909 14.9 1.2
    endloop
  endfacet
  facet normal 0.896908 0.442217 0
    outer loop
      vertex 29.2909 14.9 0
      vertex 29.5107 14.4542 1.2
      vertex 29.5107 14.4542 0
    endloop
  endfacet
  facet normal -0.195149 0.980774 0
    outer loop
      vertex 25.504 16.7675 0
      vertex 25.0165 16.6705 1.2
      vertex 25.504 16.7675 1.2
    endloop
  endfacet
  facet normal -0.195149 0.980774 0
    outer loop
      vertex 25.0165 16.6705 1.2
      vertex 25.504 16.7675 0
      vertex 25.0165 16.6705 0
    endloop
  endfacet
  facet normal -0.980774 0.195149 0
    outer loop
      vertex 22.2325 13.496 0
      vertex 22.3295 13.9835 1.2
      vertex 22.3295 13.9835 0
    endloop
  endfacet
  facet normal -0.980774 0.195149 0
    outer loop
      vertex 22.3295 13.9835 1.2
      vertex 22.2325 13.496 0
      vertex 22.2325 13.496 1.2
    endloop
  endfacet
  facet normal 0.442217 0.896908 -0
    outer loop
      vertex 27.9 16.2909 0
      vertex 27.4542 16.5107 1.2
      vertex 27.9 16.2909 1.2
    endloop
  endfacet
  facet normal 0.442217 0.896908 0
    outer loop
      vertex 27.4542 16.5107 1.2
      vertex 27.9 16.2909 0
      vertex 27.4542 16.5107 0
    endloop
  endfacet
  facet normal 0 0 1
    outer loop
      vertex 29 13 1.2
      vertex 29.8 13 1.2
      vertex 29.7675 13.496 1.2
    endloop
  endfacet
  facet normal 0 0 1
    outer loop
      vertex 28.9743 13.3916 1.2
      vertex 29.7675 13.496 1.2
      vertex 29.6705 13.9835 1.2
    endloop
  endfacet
  facet normal 0 0 1
    outer loop
      vertex 29.8 13 1.2
      vertex 29 13 1.2
      vertex 29.7675 12.504 1.2
    endloop
  endfacet
  facet normal 0 0 1
    outer loop
      vertex 28.8978 13.7765 1.2
      vertex 29.6705 13.9835 1.2
      vertex 29.5107 14.4542 1.2
    endloop
  endfacet
  facet normal -0 0 1
    outer loop
      vertex 28.9743 12.6084 1.2
      vertex 29.7675 12.504 1.2
      vertex 29 13 1.2
    endloop
  endfacet
  facet normal 0 0 1
    outer loop
      vertex 28.7716 14.148 1.2
      vertex 29.5107 14.4542 1.2
      vertex 29.2909 14.9 1.2
    endloop
  endfacet
  facet normal 0 0 1
    outer loop
      vertex 29.7675 12.504 1.2
      vertex 28.9743 12.6084 1.2
      vertex 29.6705 12.0165 1.2
    endloop
  endfacet
  facet normal 0 0 1
    outer loop
      vertex 28.5981 14.5 1.2
      vertex 29.2909 14.9 1.2
      vertex 29.0147 15.3133 1.2
    endloop
  endfacet
  facet normal -0 0 1
    outer loop
      vertex 28.8978 12.2235 1.2
      vertex 29.6705 12.0165 1.2
      vertex 28.9743 12.6084 1.2
    endloop
  endfacet
  facet normal 0 0 1
    outer loop
      vertex 29.6705 12.0165 1.2
      vertex 28.8978 12.2235 1.2
      vertex 29.5107 11.5458 1.2
    endloop
  endfacet
  facet normal 0 0 1
    outer loop
      vertex 29.7675 13.496 1.2
      vertex 28.9743 13.3916 1.2
      vertex 29 13 1.2
    endloop
  endfacet
  facet normal 0 0 1
    outer loop
      vertex 29.6705 13.9835 1.2
      vertex 28.8978 13.7765 1.2
      vertex 28.9743 13.3916 1.2
    endloop
  endfacet
  facet normal 0 0 1
    outer loop
      vertex 29.5107 14.4542 1.2
      vertex 28.7716 14.148 1.2
      vertex 28.8978 13.7765 1.2
    endloop
  endfacet
  facet normal 0 0 1
    outer loop
      vertex 28.3801 14.8263 1.2
      vertex 29.0147 15.3133 1.2
      vertex 28.687 15.687 1.2
    endloop
  endfacet
  facet normal 0 0 1
    outer loop
      vertex 29.2909 14.9 1.2
      vertex 28.5981 14.5 1.2
      vertex 28.7716 14.148 1.2
    endloop
  endfacet
  facet normal 0 0 1
    outer loop
      vertex 29.0147 15.3133 1.2
      vertex 28.3801 14.8263 1.2
      vertex 28.5981 14.5 1.2
    endloop
  endfacet
  facet normal 0 0 1
    outer loop
      vertex 28.1213 15.1213 1.2
      vertex 28.687 15.687 1.2
      vertex 28.3133 16.0147 1.2
    endloop
  endfacet
  facet normal 0 0 1
    outer loop
      vertex 28.687 15.687 1.2
      vertex 28.1213 15.1213 1.2
      vertex 28.3801 14.8263 1.2
    endloop
  endfacet
  facet normal 0 0 1
    outer loop
      vertex 27.8263 15.3801 1.2
      vertex 28.3133 16.0147 1.2
      vertex 27.9 16.2909 1.2
    endloop
  endfacet
  facet normal 0 0 1
    outer loop
      vertex 28.3133 16.0147 1.2
      vertex 27.8263 15.3801 1.2
      vertex 28.1213 15.1213 1.2
    endloop
  endfacet
  facet normal 0 0 1
    outer loop
      vertex 27.9 16.2909 1.2
      vertex 27.5 15.5981 1.2
      vertex 27.8263 15.3801 1.2
    endloop
  endfacet
  facet normal 0 0 1
    outer loop
      vertex 27.4542 16.5107 1.2
      vertex 27.5 15.5981 1.2
      vertex 27.9 16.2909 1.2
    endloop
  endfacet
  facet normal 0 0 1
    outer loop
      vertex 27.4542 16.5107 1.2
      vertex 27.148 15.7716 1.2
      vertex 27.5 15.5981 1.2
    endloop
  endfacet
  facet normal 0 0 1
    outer loop
      vertex 26.9835 16.6705 1.2
      vertex 27.148 15.7716 1.2
      vertex 27.4542 16.5107 1.2
    endloop
  endfacet
  facet normal 0 0 1
    outer loop
      vertex 26.9835 16.6705 1.2
      vertex 26.7765 15.8978 1.2
      vertex 27.148 15.7716 1.2
    endloop
  endfacet
  facet normal 0 0 1
    outer loop
      vertex 26.496 16.7675 1.2
      vertex 26.7765 15.8978 1.2
      vertex 26.9835 16.6705 1.2
    endloop
  endfacet
  facet normal 0 0 1
    outer loop
      vertex 26.496 16.7675 1.2
      vertex 26.3916 15.9743 1.2
      vertex 26.7765 15.8978 1.2
    endloop
  endfacet
  facet normal 0 0 1
    outer loop
      vertex 26 16.8 1.2
      vertex 26.3916 15.9743 1.2
      vertex 26.496 16.7675 1.2
    endloop
  endfacet
  facet normal 0 0 1
    outer loop
      vertex 26 16.8 1.2
      vertex 26 16 1.2
      vertex 26.3916 15.9743 1.2
    endloop
  endfacet
  facet normal 0 0 1
    outer loop
      vertex 26 16.8 1.2
      vertex 25.6084 15.9743 1.2
      vertex 26 16 1.2
    endloop
  endfacet
  facet normal -0 0 1
    outer loop
      vertex 25.504 16.7675 1.2
      vertex 25.6084 15.9743 1.2
      vertex 26 16.8 1.2
    endloop
  endfacet
  facet normal 0 0 1
    outer loop
      vertex 25.504 16.7675 1.2
      vertex 25.2235 15.8978 1.2
      vertex 25.6084 15.9743 1.2
    endloop
  endfacet
  facet normal -0 0 1
    outer loop
      vertex 25.0165 16.6705 1.2
      vertex 25.2235 15.8978 1.2
      vertex 25.504 16.7675 1.2
    endloop
  endfacet
  facet normal 0 0 1
    outer loop
      vertex 25.0165 16.6705 1.2
      vertex 24.852 15.7716 1.2
      vertex 25.2235 15.8978 1.2
    endloop
  endfacet
  facet normal -0 0 1
    outer loop
      vertex 24.5458 16.5107 1.2
      vertex 24.852 15.7716 1.2
      vertex 25.0165 16.6705 1.2
    endloop
  endfacet
  facet normal 0 0 1
    outer loop
      vertex 24.5458 16.5107 1.2
      vertex 24.5 15.5981 1.2
      vertex 24.852 15.7716 1.2
    endloop
  endfacet
  facet normal -0 0 1
    outer loop
      vertex 24.1 16.2909 1.2
      vertex 24.5 15.5981 1.2
      vertex 24.5458 16.5107 1.2
    endloop
  endfacet
  facet normal 0 0 1
    outer loop
      vertex 24.5 15.5981 1.2
      vertex 24.1 16.2909 1.2
      vertex 24.1737 15.3801 1.2
    endloop
  endfacet
  facet normal -0 0 1
    outer loop
      vertex 23.6867 16.0147 1.2
      vertex 24.1737 15.3801 1.2
      vertex 24.1 16.2909 1.2
    endloop
  endfacet
  facet normal 0 0 1
    outer loop
      vertex 24.1737 15.3801 1.2
      vertex 23.6867 16.0147 1.2
      vertex 23.8787 15.1213 1.2
    endloop
  endfacet
  facet normal -0 0 1
    outer loop
      vertex 23.313 15.687 1.2
      vertex 23.8787 15.1213 1.2
      vertex 23.6867 16.0147 1.2
    endloop
  endfacet
  facet normal 0 0 1
    outer loop
      vertex 23.8787 15.1213 1.2
      vertex 23.313 15.687 1.2
      vertex 23.6199 14.8263 1.2
    endloop
  endfacet
  facet normal -0 0 1
    outer loop
      vertex 22.9853 15.3133 1.2
      vertex 23.6199 14.8263 1.2
      vertex 23.313 15.687 1.2
    endloop
  endfacet
  facet normal 0 0 1
    outer loop
      vertex 23.6199 14.8263 1.2
      vertex 22.9853 15.3133 1.2
      vertex 23.4019 14.5 1.2
    endloop
  endfacet
  facet normal -0 0 1
    outer loop
      vertex 22.7091 14.9 1.2
      vertex 23.4019 14.5 1.2
      vertex 22.9853 15.3133 1.2
    endloop
  endfacet
  facet normal 0 0 1
    outer loop
      vertex 23.4019 14.5 1.2
      vertex 22.7091 14.9 1.2
      vertex 23.2284 14.148 1.2
    endloop
  endfacet
  facet normal 0 0 1
    outer loop
      vertex 23.2284 14.148 1.2
      vertex 22.4893 14.4542 1.2
      vertex 23.1022 13.7765 1.2
    endloop
  endfacet
  facet normal -0 0 1
    outer loop
      vertex 22.4893 14.4542 1.2
      vertex 23.2284 14.148 1.2
      vertex 22.7091 14.9 1.2
    endloop
  endfacet
  facet normal -0 0 1
    outer loop
      vertex 28.7716 11.852 1.2
      vertex 29.5107 11.5458 1.2
      vertex 28.8978 12.2235 1.2
    endloop
  endfacet
  facet normal 0 0 1
    outer loop
      vertex 29.5107 11.5458 1.2
      vertex 28.7716 11.852 1.2
      vertex 29.2909 11.1 1.2
    endloop
  endfacet
  facet normal -0 0 1
    outer loop
      vertex 28.5981 11.5 1.2
      vertex 29.2909 11.1 1.2
      vertex 28.7716 11.852 1.2
    endloop
  endfacet
  facet normal 0 0 1
    outer loop
      vertex 29.2909 11.1 1.2
      vertex 28.5981 11.5 1.2
      vertex 29.0147 10.6867 1.2
    endloop
  endfacet
  facet normal -0 0 1
    outer loop
      vertex 28.3801 11.1737 1.2
      vertex 29.0147 10.6867 1.2
      vertex 28.5981 11.5 1.2
    endloop
  endfacet
  facet normal 0 0 1
    outer loop
      vertex 29.0147 10.6867 1.2
      vertex 28.3801 11.1737 1.2
      vertex 28.687 10.313 1.2
    endloop
  endfacet
  facet normal -0 0 1
    outer loop
      vertex 28.1213 10.8787 1.2
      vertex 28.687 10.313 1.2
      vertex 28.3801 11.1737 1.2
    endloop
  endfacet
  facet normal 0 0 1
    outer loop
      vertex 28.687 10.313 1.2
      vertex 28.1213 10.8787 1.2
      vertex 28.3133 9.98526 1.2
    endloop
  endfacet
  facet normal -0 0 1
    outer loop
      vertex 27.8263 10.6199 1.2
      vertex 28.3133 9.98526 1.2
      vertex 28.1213 10.8787 1.2
    endloop
  endfacet
  facet normal 0 0 1
    outer loop
      vertex 28.3133 9.98526 1.2
      vertex 27.8263 10.6199 1.2
      vertex 27.9 9.7091 1.2
    endloop
  endfacet
  facet normal -0 0 1
    outer loop
      vertex 27.5 10.4019 1.2
      vertex 27.9 9.7091 1.2
      vertex 27.8263 10.6199 1.2
    endloop
  endfacet
  facet normal 0 0 1
    outer loop
      vertex 27.5 10.4019 1.2
      vertex 27.4542 9.48926 1.2
      vertex 27.9 9.7091 1.2
    endloop
  endfacet
  facet normal -0 0 1
    outer loop
      vertex 27.148 10.2284 1.2
      vertex 27.4542 9.48926 1.2
      vertex 27.5 10.4019 1.2
    endloop
  endfacet
  facet normal 0 0 1
    outer loop
      vertex 27.148 10.2284 1.2
      vertex 26.9835 9.32948 1.2
      vertex 27.4542 9.48926 1.2
    endloop
  endfacet
  facet normal -0 0 1
    outer loop
      vertex 26.7765 10.1022 1.2
      vertex 26.9835 9.32948 1.2
      vertex 27.148 10.2284 1.2
    endloop
  endfacet
  facet normal 0 0 1
    outer loop
      vertex 26.7765 10.1022 1.2
      vertex 26.496 9.23251 1.2
      vertex 26.9835 9.32948 1.2
    endloop
  endfacet
  facet normal -0 0 1
    outer loop
      vertex 26.3916 10.0257 1.2
      vertex 26.496 9.23251 1.2
      vertex 26.7765 10.1022 1.2
    endloop
  endfacet
  facet normal -0 0 1
    outer loop
      vertex 26 10 1.2
      vertex 26.496 9.23251 1.2
      vertex 26.3916 10.0257 1.2
    endloop
  endfacet
  facet normal 0 0 1
    outer loop
      vertex 26 10 1.2
      vertex 26 9.2 1.2
      vertex 26.496 9.23251 1.2
    endloop
  endfacet
  facet normal 0 0 1
    outer loop
      vertex 25.6084 10.0257 1.2
      vertex 26 9.2 1.2
      vertex 26 10 1.2
    endloop
  endfacet
  facet normal 0 0 1
    outer loop
      vertex 25.6084 10.0257 1.2
      vertex 25.504 9.23251 1.2
      vertex 26 9.2 1.2
    endloop
  endfacet
  facet normal 0 0 1
    outer loop
      vertex 25.2235 10.1022 1.2
      vertex 25.504 9.23251 1.2
      vertex 25.6084 10.0257 1.2
    endloop
  endfacet
  facet normal 0 0 1
    outer loop
      vertex 25.2235 10.1022 1.2
      vertex 25.0165 9.32948 1.2
      vertex 25.504 9.23251 1.2
    endloop
  endfacet
  facet normal 0 0 1
    outer loop
      vertex 24.852 10.2284 1.2
      vertex 25.0165 9.32948 1.2
      vertex 25.2235 10.1022 1.2
    endloop
  endfacet
  facet normal 0 0 1
    outer loop
      vertex 24.852 10.2284 1.2
      vertex 24.5458 9.48926 1.2
      vertex 25.0165 9.32948 1.2
    endloop
  endfacet
  facet normal 0 0 1
    outer loop
      vertex 24.5 10.4019 1.2
      vertex 24.5458 9.48926 1.2
      vertex 24.852 10.2284 1.2
    endloop
  endfacet
  facet normal 0 0 1
    outer loop
      vertex 24.1 9.7091 1.2
      vertex 24.5 10.4019 1.2
      vertex 24.1737 10.6199 1.2
    endloop
  endfacet
  facet normal 0 0 1
    outer loop
      vertex 24.5 10.4019 1.2
      vertex 24.1 9.7091 1.2
      vertex 24.5458 9.48926 1.2
    endloop
  endfacet
  facet normal 0 0 1
    outer loop
      vertex 23.6867 9.98526 1.2
      vertex 24.1737 10.6199 1.2
      vertex 23.8787 10.8787 1.2
    endloop
  endfacet
  facet normal 0 0 1
    outer loop
      vertex 24.1737 10.6199 1.2
      vertex 23.6867 9.98526 1.2
      vertex 24.1 9.7091 1.2
    endloop
  endfacet
  facet normal 0 0 1
    outer loop
      vertex 23.313 10.313 1.2
      vertex 23.8787 10.8787 1.2
      vertex 23.6199 11.1737 1.2
    endloop
  endfacet
  facet normal 0 0 1
    outer loop
      vertex 22.9853 10.6867 1.2
      vertex 23.6199 11.1737 1.2
      vertex 23.4019 11.5 1.2
    endloop
  endfacet
  facet normal 0 0 1
    outer loop
      vertex 23.8787 10.8787 1.2
      vertex 23.313 10.313 1.2
      vertex 23.6867 9.98526 1.2
    endloop
  endfacet
  facet normal 0 0 1
    outer loop
      vertex 22.7091 11.1 1.2
      vertex 23.4019 11.5 1.2
      vertex 23.2284 11.852 1.2
    endloop
  endfacet
  facet normal 0 0 1
    outer loop
      vertex 22.4893 11.5458 1.2
      vertex 23.2284 11.852 1.2
      vertex 23.1022 12.2235 1.2
    endloop
  endfacet
  facet normal 0 0 1
    outer loop
      vertex 22.3295 12.0165 1.2
      vertex 23.1022 12.2235 1.2
      vertex 23.0257 12.6084 1.2
    endloop
  endfacet
  facet normal 0 0 1
    outer loop
      vertex 23.6199 11.1737 1.2
      vertex 22.9853 10.6867 1.2
      vertex 23.313 10.313 1.2
    endloop
  endfacet
  facet normal 0 0 1
    outer loop
      vertex 22.2325 12.504 1.2
      vertex 23.0257 12.6084 1.2
      vertex 23 13 1.2
    endloop
  endfacet
  facet normal -0 0 1
    outer loop
      vertex 22.3295 13.9835 1.2
      vertex 23.1022 13.7765 1.2
      vertex 22.4893 14.4542 1.2
    endloop
  endfacet
  facet normal 0 0 1
    outer loop
      vertex 23.1022 13.7765 1.2
      vertex 22.3295 13.9835 1.2
      vertex 23.0257 13.3916 1.2
    endloop
  endfacet
  facet normal 0 0 1
    outer loop
      vertex 23.4019 11.5 1.2
      vertex 22.7091 11.1 1.2
      vertex 22.9853 10.6867 1.2
    endloop
  endfacet
  facet normal -0 0 1
    outer loop
      vertex 22.2325 13.496 1.2
      vertex 23.0257 13.3916 1.2
      vertex 22.3295 13.9835 1.2
    endloop
  endfacet
  facet normal 0 0 1
    outer loop
      vertex 23.2284 11.852 1.2
      vertex 22.4893 11.5458 1.2
      vertex 22.7091 11.1 1.2
    endloop
  endfacet
  facet normal 0 0 1
    outer loop
      vertex 23.0257 13.3916 1.2
      vertex 22.2325 13.496 1.2
      vertex 23 13 1.2
    endloop
  endfacet
  facet normal 0 0 1
    outer loop
      vertex 23.1022 12.2235 1.2
      vertex 22.3295 12.0165 1.2
      vertex 22.4893 11.5458 1.2
    endloop
  endfacet
  facet normal 0 0 1
    outer loop
      vertex 22.2 13 1.2
      vertex 23 13 1.2
      vertex 22.2325 13.496 1.2
    endloop
  endfacet
  facet normal 0 0 1
    outer loop
      vertex 23.0257 12.6084 1.2
      vertex 22.2325 12.504 1.2
      vertex 22.3295 12.0165 1.2
    endloop
  endfacet
  facet normal 0 0 1
    outer loop
      vertex 23 13 1.2
      vertex 22.2 13 1.2
      vertex 22.2325 12.504 1.2
    endloop
  endfacet
  facet normal -0.659362 -0.751826 0
    outer loop
      vertex 23.313 10.313 0
      vertex 23.6867 9.98526 1.2
      vertex 23.313 10.313 1.2
    endloop
  endfacet
  facet normal -0.659362 -0.751826 -0
    outer loop
      vertex 23.6867 9.98526 1.2
      vertex 23.313 10.313 0
      vertex 23.6867 9.98526 0
    endloop
  endfacet
  facet normal 0 0 -1
    outer loop
      vertex 29.7675 12.504 0
      vertex 29.7675 13.496 0
      vertex 29.8 13 0
    endloop
  endfacet
  facet normal 0 0 -1
    outer loop
      vertex 29.6705 12.0165 0
      vertex 29.7675 13.496 0
      vertex 29.7675 12.504 0
    endloop
  endfacet
  facet normal 0 0 -1
    outer loop
      vertex 29.6705 12.0165 0
      vertex 29.6705 13.9835 0
      vertex 29.7675 13.496 0
    endloop
  endfacet
  facet normal 0 0 -1
    outer loop
      vertex 29.5107 11.5458 0
      vertex 29.6705 13.9835 0
      vertex 29.6705 12.0165 0
    endloop
  endfacet
  facet normal 0 0 -1
    outer loop
      vertex 29.5107 11.5458 0
      vertex 29.5107 14.4542 0
      vertex 29.6705 13.9835 0
    endloop
  endfacet
  facet normal 0 0 -1
    outer loop
      vertex 29.2909 11.1 0
      vertex 29.5107 14.4542 0
      vertex 29.5107 11.5458 0
    endloop
  endfacet
  facet normal 0 0 -1
    outer loop
      vertex 29.2909 11.1 0
      vertex 29.2909 14.9 0
      vertex 29.5107 14.4542 0
    endloop
  endfacet
  facet normal 0 0 -1
    outer loop
      vertex 29.0147 10.6867 0
      vertex 29.2909 14.9 0
      vertex 29.2909 11.1 0
    endloop
  endfacet
  facet normal 0 0 -1
    outer loop
      vertex 29.0147 10.6867 0
      vertex 29.0147 15.3133 0
      vertex 29.2909 14.9 0
    endloop
  endfacet
  facet normal 0 0 -1
    outer loop
      vertex 28.687 10.313 0
      vertex 29.0147 15.3133 0
      vertex 29.0147 10.6867 0
    endloop
  endfacet
  facet normal 0 0 -1
    outer loop
      vertex 28.687 10.313 0
      vertex 28.687 15.687 0
      vertex 29.0147 15.3133 0
    endloop
  endfacet
  facet normal 0 0 -1
    outer loop
      vertex 28.3133 9.98526 0
      vertex 28.687 15.687 0
      vertex 28.687 10.313 0
    endloop
  endfacet
  facet normal 0 0 -1
    outer loop
      vertex 28.3133 9.98526 0
      vertex 28.3133 16.0147 0
      vertex 28.687 15.687 0
    endloop
  endfacet
  facet normal 0 0 -1
    outer loop
      vertex 27.9 9.7091 0
      vertex 28.3133 16.0147 0
      vertex 28.3133 9.98526 0
    endloop
  endfacet
  facet normal 0 0 -1
    outer loop
      vertex 27.9 9.7091 0
      vertex 27.9 16.2909 0
      vertex 28.3133 16.0147 0
    endloop
  endfacet
  facet normal 0 0 -1
    outer loop
      vertex 27.4542 9.48926 0
      vertex 27.9 16.2909 0
      vertex 27.9 9.7091 0
    endloop
  endfacet
  facet normal 0 0 -1
    outer loop
      vertex 27.4542 9.48926 0
      vertex 27.4542 16.5107 0
      vertex 27.9 16.2909 0
    endloop
  endfacet
  facet normal 0 0 -1
    outer loop
      vertex 26.9835 9.32948 0
      vertex 27.4542 16.5107 0
      vertex 27.4542 9.48926 0
    endloop
  endfacet
  facet normal 0 0 -1
    outer loop
      vertex 26.9835 9.32948 0
      vertex 26.9835 16.6705 0
      vertex 27.4542 16.5107 0
    endloop
  endfacet
  facet normal 0 0 -1
    outer loop
      vertex 26.496 9.23251 0
      vertex 26.9835 16.6705 0
      vertex 26.9835 9.32948 0
    endloop
  endfacet
  facet normal 0 0 -1
    outer loop
      vertex 26.496 9.23251 0
      vertex 26.496 16.7675 0
      vertex 26.9835 16.6705 0
    endloop
  endfacet
  facet normal 0 0 -1
    outer loop
      vertex 26 9.2 0
      vertex 26.496 16.7675 0
      vertex 26.496 9.23251 0
    endloop
  endfacet
  facet normal 0 0 -1
    outer loop
      vertex 26 9.2 0
      vertex 26 16.8 0
      vertex 26.496 16.7675 0
    endloop
  endfacet
  facet normal 0 0 -1
    outer loop
      vertex 25.504 9.23251 0
      vertex 26 16.8 0
      vertex 26 9.2 0
    endloop
  endfacet
  facet normal 0 0 -1
    outer loop
      vertex 25.504 9.23251 0
      vertex 25.504 16.7675 0
      vertex 26 16.8 0
    endloop
  endfacet
  facet normal 0 0 -1
    outer loop
      vertex 25.0165 9.32948 0
      vertex 25.504 16.7675 0
      vertex 25.504 9.23251 0
    endloop
  endfacet
  facet normal 0 0 -1
    outer loop
      vertex 25.0165 9.32948 0
      vertex 25.0165 16.6705 0
      vertex 25.504 16.7675 0
    endloop
  endfacet
  facet normal 0 0 -1
    outer loop
      vertex 24.5458 9.48926 0
      vertex 25.0165 16.6705 0
      vertex 25.0165 9.32948 0
    endloop
  endfacet
  facet normal 0 0 -1
    outer loop
      vertex 24.5458 9.48926 0
      vertex 24.5458 16.5107 0
      vertex 25.0165 16.6705 0
    endloop
  endfacet
  facet normal 0 0 -1
    outer loop
      vertex 24.1 9.7091 0
      vertex 24.5458 16.5107 0
      vertex 24.5458 9.48926 0
    endloop
  endfacet
  facet normal 0 0 -1
    outer loop
      vertex 24.1 9.7091 0
      vertex 24.1 16.2909 0
      vertex 24.5458 16.5107 0
    endloop
  endfacet
  facet normal 0 0 -1
    outer loop
      vertex 23.6867 9.98526 0
      vertex 24.1 16.2909 0
      vertex 24.1 9.7091 0
    endloop
  endfacet
  facet normal 0 0 -1
    outer loop
      vertex 23.6867 9.98526 0
      vertex 23.6867 16.0147 0
      vertex 24.1 16.2909 0
    endloop
  endfacet
  facet normal 0 0 -1
    outer loop
      vertex 23.313 10.313 0
      vertex 23.6867 16.0147 0
      vertex 23.6867 9.98526 0
    endloop
  endfacet
  facet normal 0 0 -1
    outer loop
      vertex 23.313 10.313 0
      vertex 23.313 15.687 0
      vertex 23.6867 16.0147 0
    endloop
  endfacet
  facet normal 0 0 -1
    outer loop
      vertex 22.9853 10.6867 0
      vertex 23.313 15.687 0
      vertex 23.313 10.313 0
    endloop
  endfacet
  facet normal 0 0 -1
    outer loop
      vertex 22.9853 10.6867 0
      vertex 22.9853 15.3133 0
      vertex 23.313 15.687 0
    endloop
  endfacet
  facet normal 0 0 -1
    outer loop
      vertex 22.7091 11.1 0
      vertex 22.9853 15.3133 0
      vertex 22.9853 10.6867 0
    endloop
  endfacet
  facet normal 0 0 -1
    outer loop
      vertex 22.7091 11.1 0
      vertex 22.7091 14.9 0
      vertex 22.9853 15.3133 0
    endloop
  endfacet
  facet normal 0 0 -1
    outer loop
      vertex 22.4893 11.5458 0
      vertex 22.7091 14.9 0
      vertex 22.7091 11.1 0
    endloop
  endfacet
  facet normal 0 0 -1
    outer loop
      vertex 22.4893 11.5458 0
      vertex 22.4893 14.4542 0
      vertex 22.7091 14.9 0
    endloop
  endfacet
  facet normal 0 0 -1
    outer loop
      vertex 22.3295 12.0165 0
      vertex 22.4893 14.4542 0
      vertex 22.4893 11.5458 0
    endloop
  endfacet
  facet normal 0 0 -1
    outer loop
      vertex 22.3295 12.0165 0
      vertex 22.3295 13.9835 0
      vertex 22.4893 14.4542 0
    endloop
  endfacet
  facet normal 0 0 -1
    outer loop
      vertex 22.2325 12.504 0
      vertex 22.3295 13.9835 0
      vertex 22.3295 12.0165 0
    endloop
  endfacet
  facet normal 0 0 -1
    outer loop
      vertex 22.2325 12.504 0
      vertex 22.2325 13.496 0
      vertex 22.3295 13.9835 0
    endloop
  endfacet
  facet normal 0 -0 -1
    outer loop
      vertex 22.2325 13.496 0
      vertex 22.2325 12.504 0
      vertex 22.2 13 0
    endloop
  endfacet
  facet normal 0.555573 -0.831468 0
    outer loop
      vertex 27.9 9.7091 0
      vertex 28.3133 9.98526 1.2
      vertex 27.9 9.7091 1.2
    endloop
  endfacet
  facet normal 0.555573 -0.831468 0
    outer loop
      vertex 28.3133 9.98526 1.2
      vertex 27.9 9.7091 0
      vertex 28.3133 9.98526 0
    endloop
  endfacet
  facet normal 0.321474 0.946919 -0
    outer loop
      vertex 27.4542 16.5107 0
      vertex 26.9835 16.6705 1.2
      vertex 27.4542 16.5107 1.2
    endloop
  endfacet
  facet normal 0.321474 0.946919 0
    outer loop
      vertex 26.9835 16.6705 1.2
      vertex 27.4542 16.5107 0
      vertex 26.9835 16.6705 0
    endloop
  endfacet
  facet normal -0.321474 0.946919 0
    outer loop
      vertex 25.0165 16.6705 0
      vertex 24.5458 16.5107 1.2
      vertex 25.0165 16.6705 1.2
    endloop
  endfacet
  facet normal -0.321474 0.946919 0
    outer loop
      vertex 24.5458 16.5107 1.2
      vertex 25.0165 16.6705 0
      vertex 24.5458 16.5107 0
    endloop
  endfacet
  facet normal 0.831431 0.555628 0
    outer loop
      vertex 29.2909 14.9 1.2
      vertex 29.0147 15.3133 0
      vertex 29.0147 15.3133 1.2
    endloop
  endfacet
  facet normal 0.831431 0.555628 0
    outer loop
      vertex 29.0147 15.3133 0
      vertex 29.2909 14.9 1.2
      vertex 29.2909 14.9 0
    endloop
  endfacet
  facet normal 0.195091 -0.980785 0
    outer loop
      vertex 26.496 9.23251 0
      vertex 26.9835 9.32948 1.2
      vertex 26.496 9.23251 1.2
    endloop
  endfacet
  facet normal 0.195091 -0.980785 0
    outer loop
      vertex 26.9835 9.32948 1.2
      vertex 26.496 9.23251 0
      vertex 26.9835 9.32948 0
    endloop
  endfacet
  facet normal 0.555628 0.831431 -0
    outer loop
      vertex 28.3133 16.0147 0
      vertex 27.9 16.2909 1.2
      vertex 28.3133 16.0147 1.2
    endloop
  endfacet
  facet normal 0.555628 0.831431 0
    outer loop
      vertex 27.9 16.2909 1.2
      vertex 28.3133 16.0147 0
      vertex 27.9 16.2909 0
    endloop
  endfacet
  facet normal -0.065384 0.99786 0
    outer loop
      vertex 26 16.8 0
      vertex 25.504 16.7675 1.2
      vertex 26 16.8 1.2
    endloop
  endfacet
  facet normal -0.065384 0.99786 0
    outer loop
      vertex 25.504 16.7675 1.2
      vertex 26 16.8 0
      vertex 25.504 16.7675 0
    endloop
  endfacet
  facet normal -0.555573 -0.831468 0
    outer loop
      vertex 23.6867 9.98526 0
      vertex 24.1 9.7091 1.2
      vertex 23.6867 9.98526 1.2
    endloop
  endfacet
  facet normal -0.555573 -0.831468 -0
    outer loop
      vertex 24.1 9.7091 1.2
      vertex 23.6867 9.98526 0
      vertex 24.1 9.7091 0
    endloop
  endfacet
  facet normal 0.659316 0.751866 -0
    outer loop
      vertex 28.687 15.687 0
      vertex 28.3133 16.0147 1.2
      vertex 28.687 15.687 1.2
    endloop
  endfacet
  facet normal 0.659316 0.751866 0
    outer loop
      vertex 28.3133 16.0147 1.2
      vertex 28.687 15.687 0
      vertex 28.3133 16.0147 0
    endloop
  endfacet
  facet normal -0.555628 0.831431 0
    outer loop
      vertex 24.1 16.2909 0
      vertex 23.6867 16.0147 1.2
      vertex 24.1 16.2909 1.2
    endloop
  endfacet
  facet normal -0.555628 0.831431 0
    outer loop
      vertex 23.6867 16.0147 1.2
      vertex 24.1 16.2909 0
      vertex 23.6867 16.0147 0
    endloop
  endfacet
  facet normal -0.442217 0.896908 0
    outer loop
      vertex 24.5458 16.5107 0
      vertex 24.1 16.2909 1.2
      vertex 24.5458 16.5107 1.2
    endloop
  endfacet
  facet normal -0.442217 0.896908 0
    outer loop
      vertex 24.1 16.2909 1.2
      vertex 24.5458 16.5107 0
      vertex 24.1 16.2909 0
    endloop
  endfacet
  facet normal 0.659362 -0.751826 0
    outer loop
      vertex 28.3133 9.98526 0
      vertex 28.687 10.313 1.2
      vertex 28.3133 9.98526 1.2
    endloop
  endfacet
  facet normal 0.659362 -0.751826 0
    outer loop
      vertex 28.687 10.313 1.2
      vertex 28.3133 9.98526 0
      vertex 28.687 10.313 0
    endloop
  endfacet
  facet normal 0.751866 0.659316 0
    outer loop
      vertex 29.0147 15.3133 1.2
      vertex 28.687 15.687 0
      vertex 28.687 15.687 1.2
    endloop
  endfacet
  facet normal 0.751866 0.659316 0
    outer loop
      vertex 28.687 15.687 0
      vertex 29.0147 15.3133 1.2
      vertex 29.0147 15.3133 0
    endloop
  endfacet
  facet normal -0.946919 0.321474 0
    outer loop
      vertex 22.3295 13.9835 0
      vertex 22.4893 14.4542 1.2
      vertex 22.4893 14.4542 0
    endloop
  endfacet
  facet normal -0.946919 0.321474 0
    outer loop
      vertex 22.4893 14.4542 1.2
      vertex 22.3295 13.9835 0
      vertex 22.3295 13.9835 1.2
    endloop
  endfacet
  facet normal 0.980774 -0.195149 0
    outer loop
      vertex 29.6705 12.0165 1.2
      vertex 29.7675 12.504 0
      vertex 29.7675 12.504 1.2
    endloop
  endfacet
  facet normal 0.980774 -0.195149 0
    outer loop
      vertex 29.7675 12.504 0
      vertex 29.6705 12.0165 1.2
      vertex 29.6705 12.0165 0
    endloop
  endfacet
  facet normal 0.831431 -0.555628 0
    outer loop
      vertex 29.0147 10.6867 1.2
      vertex 29.2909 11.1 0
      vertex 29.2909 11.1 1.2
    endloop
  endfacet
  facet normal 0.831431 -0.555628 0
    outer loop
      vertex 29.2909 11.1 0
      vertex 29.0147 10.6867 1.2
      vertex 29.0147 10.6867 0
    endloop
  endfacet
  facet normal 0.751866 -0.659316 0
    outer loop
      vertex 28.687 10.313 1.2
      vertex 29.0147 10.6867 0
      vertex 29.0147 10.6867 1.2
    endloop
  endfacet
  facet normal 0.751866 -0.659316 0
    outer loop
      vertex 29.0147 10.6867 0
      vertex 28.687 10.313 1.2
      vertex 28.687 10.313 0
    endloop
  endfacet
  facet normal -0.99786 0.065384 0
    outer loop
      vertex 22.2 13 0
      vertex 22.2325 13.496 1.2
      vertex 22.2325 13.496 0
    endloop
  endfacet
  facet normal -0.99786 0.065384 0
    outer loop
      vertex 22.2325 13.496 1.2
      vertex 22.2 13 0
      vertex 22.2 13 1.2
    endloop
  endfacet
  facet normal -0.896908 0.442217 0
    outer loop
      vertex 22.4893 14.4542 0
      vertex 22.7091 14.9 1.2
      vertex 22.7091 14.9 0
    endloop
  endfacet
  facet normal -0.896908 0.442217 0
    outer loop
      vertex 22.7091 14.9 1.2
      vertex 22.4893 14.4542 0
      vertex 22.4893 14.4542 1.2
    endloop
  endfacet
  facet normal -0.99786 -0.065384 0
    outer loop
      vertex 22.2325 12.504 0
      vertex 22.2 13 1.2
      vertex 22.2 13 0
    endloop
  endfacet
  facet normal -0.99786 -0.065384 0
    outer loop
      vertex 22.2 13 1.2
      vertex 22.2325 12.504 0
      vertex 22.2325 12.504 1.2
    endloop
  endfacet
  facet normal -0.946919 -0.321474 0
    outer loop
      vertex 22.4893 11.5458 0
      vertex 22.3295 12.0165 1.2
      vertex 22.3295 12.0165 0
    endloop
  endfacet
  facet normal -0.946919 -0.321474 0
    outer loop
      vertex 22.3295 12.0165 1.2
      vertex 22.4893 11.5458 0
      vertex 22.4893 11.5458 1.2
    endloop
  endfacet
  facet normal 0.195149 0.980774 -0
    outer loop
      vertex 26.9835 16.6705 0
      vertex 26.496 16.7675 1.2
      vertex 26.9835 16.6705 1.2
    endloop
  endfacet
  facet normal 0.195149 0.980774 0
    outer loop
      vertex 26.496 16.7675 1.2
      vertex 26.9835 16.6705 0
      vertex 26.496 16.7675 0
    endloop
  endfacet
  facet normal -0.659316 0.751866 0
    outer loop
      vertex 23.6867 16.0147 0
      vertex 23.313 15.687 1.2
      vertex 23.6867 16.0147 1.2
    endloop
  endfacet
  facet normal -0.659316 0.751866 0
    outer loop
      vertex 23.313 15.687 1.2
      vertex 23.6867 16.0147 0
      vertex 23.313 15.687 0
    endloop
  endfacet
  facet normal -0.751866 0.659316 0
    outer loop
      vertex 22.9853 15.3133 0
      vertex 23.313 15.687 1.2
      vertex 23.313 15.687 0
    endloop
  endfacet
  facet normal -0.751866 0.659316 0
    outer loop
      vertex 23.313 15.687 1.2
      vertex 22.9853 15.3133 0
      vertex 22.9853 15.3133 1.2
    endloop
  endfacet
  facet normal 0.065404 -0.997859 0
    outer loop
      vertex 26 9.2 0
      vertex 26.496 9.23251 1.2
      vertex 26 9.2 1.2
    endloop
  endfacet
  facet normal 0.065404 -0.997859 0
    outer loop
      vertex 26.496 9.23251 1.2
      vertex 26 9.2 0
      vertex 26.496 9.23251 0
    endloop
  endfacet
  facet normal 0.896908 -0.442217 0
    outer loop
      vertex 29.2909 11.1 1.2
      vertex 29.5107 11.5458 0
      vertex 29.5107 11.5458 1.2
    endloop
  endfacet
  facet normal 0.896908 -0.442217 0
    outer loop
      vertex 29.5107 11.5458 0
      vertex 29.2909 11.1 1.2
      vertex 29.2909 11.1 0
    endloop
  endfacet
  facet normal -0.751866 -0.659316 0
    outer loop
      vertex 23.313 10.313 0
      vertex 22.9853 10.6867 1.2
      vertex 22.9853 10.6867 0
    endloop
  endfacet
  facet normal -0.751866 -0.659316 0
    outer loop
      vertex 22.9853 10.6867 1.2
      vertex 23.313 10.313 0
      vertex 23.313 10.313 1.2
    endloop
  endfacet
  facet normal -0.065404 -0.997859 0
    outer loop
      vertex 25.504 9.23251 0
      vertex 26 9.2 1.2
      vertex 25.504 9.23251 1.2
    endloop
  endfacet
  facet normal -0.065404 -0.997859 -0
    outer loop
      vertex 26 9.2 1.2
      vertex 25.504 9.23251 0
      vertex 26 9.2 0
    endloop
  endfacet
  facet normal -0.831431 -0.555628 0
    outer loop
      vertex 22.9853 10.6867 0
      vertex 22.7091 11.1 1.2
      vertex 22.7091 11.1 0
    endloop
  endfacet
  facet normal -0.831431 -0.555628 0
    outer loop
      vertex 22.7091 11.1 1.2
      vertex 22.9853 10.6867 0
      vertex 22.9853 10.6867 1.2
    endloop
  endfacet
  facet normal 0.946919 -0.321474 0
    outer loop
      vertex 29.5107 11.5458 1.2
      vertex 29.6705 12.0165 0
      vertex 29.6705 12.0165 1.2
    endloop
  endfacet
  facet normal 0.946919 -0.321474 0
    outer loop
      vertex 29.6705 12.0165 0
      vertex 29.5107 11.5458 1.2
      vertex 29.5107 11.5458 0
    endloop
  endfacet
  facet normal -0.195091 -0.980785 0
    outer loop
      vertex 25.0165 9.32948 0
      vertex 25.504 9.23251 1.2
      vertex 25.0165 9.32948 1.2
    endloop
  endfacet
  facet normal -0.195091 -0.980785 -0
    outer loop
      vertex 25.504 9.23251 1.2
      vertex 25.0165 9.32948 0
      vertex 25.504 9.23251 0
    endloop
  endfacet
  facet normal 0.065384 0.99786 -0
    outer loop
      vertex 26.496 16.7675 0
      vertex 26 16.8 1.2
      vertex 26.496 16.7675 1.2
    endloop
  endfacet
  facet normal 0.065384 0.99786 0
    outer loop
      vertex 26 16.8 1.2
      vertex 26.496 16.7675 0
      vertex 26 16.8 0
    endloop
  endfacet
  facet normal -0.980774 -0.195149 0
    outer loop
      vertex 22.3295 12.0165 0
      vertex 22.2325 12.504 1.2
      vertex 22.2325 12.504 0
    endloop
  endfacet
  facet normal -0.980774 -0.195149 0
    outer loop
      vertex 22.2325 12.504 1.2
      vertex 22.3295 12.0165 0
      vertex 22.3295 12.0165 1.2
    endloop
  endfacet
  facet normal -0.321437 -0.946931 0
    outer loop
      vertex 24.5458 9.48926 0
      vertex 25.0165 9.32948 1.2
      vertex 24.5458 9.48926 1.2
    endloop
  endfacet
  facet normal -0.321437 -0.946931 -0
    outer loop
      vertex 25.0165 9.32948 1.2
      vertex 24.5458 9.48926 0
      vertex 25.0165 9.32948 0
    endloop
  endfacet
  facet normal -0.442282 -0.896876 0
    outer loop
      vertex 24.1 9.7091 0
      vertex 24.5458 9.48926 1.2
      vertex 24.1 9.7091 1.2
    endloop
  endfacet
  facet normal -0.442282 -0.896876 -0
    outer loop
      vertex 24.5458 9.48926 1.2
      vertex 24.1 9.7091 0
      vertex 24.5458 9.48926 0
    endloop
  endfacet
  facet normal 0.980815 0.19494 0
    outer loop
      vertex 28.9743 13.3916 9.7
      vertex 28.8978 13.7765 1.2
      vertex 28.8978 13.7765 9.7
    endloop
  endfacet
  facet normal 0.980815 0.19494 0
    outer loop
      vertex 28.8978 13.7765 1.2
      vertex 28.9743 13.3916 9.7
      vertex 28.9743 13.3916 1.2
    endloop
  endfacet
  facet normal 0.997853 0.0654873 0
    outer loop
      vertex 29 13 9.7
      vertex 28.9743 13.3916 1.2
      vertex 28.9743 13.3916 9.7
    endloop
  endfacet
  facet normal 0.997853 0.0654873 0
    outer loop
      vertex 28.9743 13.3916 1.2
      vertex 29 13 9.7
      vertex 29 13 1.2
    endloop
  endfacet
  facet normal 0.980815 -0.19494 0
    outer loop
      vertex 28.8978 12.2235 9.7
      vertex 28.9743 12.6084 1.2
      vertex 28.9743 12.6084 9.7
    endloop
  endfacet
  facet normal 0.980815 -0.19494 0
    outer loop
      vertex 28.9743 12.6084 1.2
      vertex 28.8978 12.2235 9.7
      vertex 28.8978 12.2235 1.2
    endloop
  endfacet
  facet normal -0.751724 -0.659478 0
    outer loop
      vertex 23.8787 10.8787 1.2
      vertex 23.6199 11.1737 9.7
      vertex 23.6199 11.1737 1.2
    endloop
  endfacet
  facet normal -0.751724 -0.659478 0
    outer loop
      vertex 23.6199 11.1737 9.7
      vertex 23.8787 10.8787 1.2
      vertex 23.8787 10.8787 9.7
    endloop
  endfacet
  facet normal 0 0 1
    outer loop
      vertex 28.9743 13.3916 9.7
      vertex 28.9743 12.6084 9.7
      vertex 29 13 9.7
    endloop
  endfacet
  facet normal 0 0 1
    outer loop
      vertex 28.8978 13.7765 9.7
      vertex 28.9743 12.6084 9.7
      vertex 28.9743 13.3916 9.7
    endloop
  endfacet
  facet normal 0 0 1
    outer loop
      vertex 28.8978 13.7765 9.7
      vertex 28.8978 12.2235 9.7
      vertex 28.9743 12.6084 9.7
    endloop
  endfacet
  facet normal 0 0 1
    outer loop
      vertex 28.7716 14.148 9.7
      vertex 28.8978 12.2235 9.7
      vertex 28.8978 13.7765 9.7
    endloop
  endfacet
  facet normal 0 0 1
    outer loop
      vertex 28.7716 14.148 9.7
      vertex 28.7716 11.852 9.7
      vertex 28.8978 12.2235 9.7
    endloop
  endfacet
  facet normal 0 0 1
    outer loop
      vertex 28.5981 14.5 9.7
      vertex 28.7716 11.852 9.7
      vertex 28.7716 14.148 9.7
    endloop
  endfacet
  facet normal 0 0 1
    outer loop
      vertex 28.5981 14.5 9.7
      vertex 28.5981 11.5 9.7
      vertex 28.7716 11.852 9.7
    endloop
  endfacet
  facet normal 0 0 1
    outer loop
      vertex 28.3801 14.8263 9.7
      vertex 28.5981 11.5 9.7
      vertex 28.5981 14.5 9.7
    endloop
  endfacet
  facet normal 0 0 1
    outer loop
      vertex 28.3801 14.8263 9.7
      vertex 28.3801 11.1737 9.7
      vertex 28.5981 11.5 9.7
    endloop
  endfacet
  facet normal 0 0 1
    outer loop
      vertex 28.1213 15.1213 9.7
      vertex 28.3801 11.1737 9.7
      vertex 28.3801 14.8263 9.7
    endloop
  endfacet
  facet normal 0 0 1
    outer loop
      vertex 28.1213 15.1213 9.7
      vertex 28.1213 10.8787 9.7
      vertex 28.3801 11.1737 9.7
    endloop
  endfacet
  facet normal 0 0 1
    outer loop
      vertex 27.8263 15.3801 9.7
      vertex 28.1213 10.8787 9.7
      vertex 28.1213 15.1213 9.7
    endloop
  endfacet
  facet normal 0 0 1
    outer loop
      vertex 27.8263 15.3801 9.7
      vertex 27.8263 10.6199 9.7
      vertex 28.1213 10.8787 9.7
    endloop
  endfacet
  facet normal 0 0 1
    outer loop
      vertex 27.5 15.5981 9.7
      vertex 27.8263 10.6199 9.7
      vertex 27.8263 15.3801 9.7
    endloop
  endfacet
  facet normal 0 0 1
    outer loop
      vertex 27.5 15.5981 9.7
      vertex 27.5 10.4019 9.7
      vertex 27.8263 10.6199 9.7
    endloop
  endfacet
  facet normal 0 0 1
    outer loop
      vertex 27.148 15.7716 9.7
      vertex 27.5 10.4019 9.7
      vertex 27.5 15.5981 9.7
    endloop
  endfacet
  facet normal 0 0 1
    outer loop
      vertex 27.148 15.7716 9.7
      vertex 27.148 10.2284 9.7
      vertex 27.5 10.4019 9.7
    endloop
  endfacet
  facet normal 0 0 1
    outer loop
      vertex 26.7765 15.8978 9.7
      vertex 27.148 10.2284 9.7
      vertex 27.148 15.7716 9.7
    endloop
  endfacet
  facet normal 0 0 1
    outer loop
      vertex 26.7765 15.8978 9.7
      vertex 26.7765 10.1022 9.7
      vertex 27.148 10.2284 9.7
    endloop
  endfacet
  facet normal 0 0 1
    outer loop
      vertex 26.3916 15.9743 9.7
      vertex 26.7765 10.1022 9.7
      vertex 26.7765 15.8978 9.7
    endloop
  endfacet
  facet normal 0 0 1
    outer loop
      vertex 26.3916 15.9743 9.7
      vertex 26.3916 10.0257 9.7
      vertex 26.7765 10.1022 9.7
    endloop
  endfacet
  facet normal 0 0 1
    outer loop
      vertex 26 16 9.7
      vertex 26.3916 10.0257 9.7
      vertex 26.3916 15.9743 9.7
    endloop
  endfacet
  facet normal 0 0 1
    outer loop
      vertex 26 16 9.7
      vertex 26 10 9.7
      vertex 26.3916 10.0257 9.7
    endloop
  endfacet
  facet normal -0 0 1
    outer loop
      vertex 25.6084 15.9743 9.7
      vertex 26 10 9.7
      vertex 26 16 9.7
    endloop
  endfacet
  facet normal 0 0 1
    outer loop
      vertex 25.6084 15.9743 9.7
      vertex 25.6084 10.0257 9.7
      vertex 26 10 9.7
    endloop
  endfacet
  facet normal -0 0 1
    outer loop
      vertex 25.2235 15.8978 9.7
      vertex 25.6084 10.0257 9.7
      vertex 25.6084 15.9743 9.7
    endloop
  endfacet
  facet normal 0 0 1
    outer loop
      vertex 25.2235 15.8978 9.7
      vertex 25.2235 10.1022 9.7
      vertex 25.6084 10.0257 9.7
    endloop
  endfacet
  facet normal -0 0 1
    outer loop
      vertex 24.852 15.7716 9.7
      vertex 25.2235 10.1022 9.7
      vertex 25.2235 15.8978 9.7
    endloop
  endfacet
  facet normal 0 0 1
    outer loop
      vertex 24.852 15.7716 9.7
      vertex 24.852 10.2284 9.7
      vertex 25.2235 10.1022 9.7
    endloop
  endfacet
  facet normal -0 0 1
    outer loop
      vertex 24.5 15.5981 9.7
      vertex 24.852 10.2284 9.7
      vertex 24.852 15.7716 9.7
    endloop
  endfacet
  facet normal 0 0 1
    outer loop
      vertex 24.5 15.5981 9.7
      vertex 24.5 10.4019 9.7
      vertex 24.852 10.2284 9.7
    endloop
  endfacet
  facet normal -0 0 1
    outer loop
      vertex 24.1737 15.3801 9.7
      vertex 24.5 10.4019 9.7
      vertex 24.5 15.5981 9.7
    endloop
  endfacet
  facet normal 0 0 1
    outer loop
      vertex 24.1737 15.3801 9.7
      vertex 24.1737 10.6199 9.7
      vertex 24.5 10.4019 9.7
    endloop
  endfacet
  facet normal -0 0 1
    outer loop
      vertex 23.8787 15.1213 9.7
      vertex 24.1737 10.6199 9.7
      vertex 24.1737 15.3801 9.7
    endloop
  endfacet
  facet normal 0 0 1
    outer loop
      vertex 23.8787 15.1213 9.7
      vertex 23.8787 10.8787 9.7
      vertex 24.1737 10.6199 9.7
    endloop
  endfacet
  facet normal -0 0 1
    outer loop
      vertex 23.6199 14.8263 9.7
      vertex 23.8787 10.8787 9.7
      vertex 23.8787 15.1213 9.7
    endloop
  endfacet
  facet normal 0 0 1
    outer loop
      vertex 23.6199 14.8263 9.7
      vertex 23.6199 11.1737 9.7
      vertex 23.8787 10.8787 9.7
    endloop
  endfacet
  facet normal -0 0 1
    outer loop
      vertex 23.4019 14.5 9.7
      vertex 23.6199 11.1737 9.7
      vertex 23.6199 14.8263 9.7
    endloop
  endfacet
  facet normal 0 0 1
    outer loop
      vertex 23.4019 14.5 9.7
      vertex 23.4019 11.5 9.7
      vertex 23.6199 11.1737 9.7
    endloop
  endfacet
  facet normal -0 0 1
    outer loop
      vertex 23.2284 14.148 9.7
      vertex 23.4019 11.5 9.7
      vertex 23.4019 14.5 9.7
    endloop
  endfacet
  facet normal 0 0 1
    outer loop
      vertex 23.2284 14.148 9.7
      vertex 23.2284 11.852 9.7
      vertex 23.4019 11.5 9.7
    endloop
  endfacet
  facet normal -0 0 1
    outer loop
      vertex 23.1022 13.7765 9.7
      vertex 23.2284 11.852 9.7
      vertex 23.2284 14.148 9.7
    endloop
  endfacet
  facet normal 0 0 1
    outer loop
      vertex 23.1022 13.7765 9.7
      vertex 23.1022 12.2235 9.7
      vertex 23.2284 11.852 9.7
    endloop
  endfacet
  facet normal -0 0 1
    outer loop
      vertex 23.0257 13.3916 9.7
      vertex 23.1022 12.2235 9.7
      vertex 23.1022 13.7765 9.7
    endloop
  endfacet
  facet normal 0 0 1
    outer loop
      vertex 23.0257 13.3916 9.7
      vertex 23.0257 12.6084 9.7
      vertex 23.1022 12.2235 9.7
    endloop
  endfacet
  facet normal 0 -0 1
    outer loop
      vertex 23.0257 12.6084 9.7
      vertex 23.0257 13.3916 9.7
      vertex 23 13 9.7
    endloop
  endfacet
  facet normal 0.831501 0.555523 0
    outer loop
      vertex 28.5981 14.5 9.7
      vertex 28.3801 14.8263 1.2
      vertex 28.3801 14.8263 9.7
    endloop
  endfacet
  facet normal 0.831501 0.555523 0
    outer loop
      vertex 28.3801 14.8263 1.2
      vertex 28.5981 14.5 9.7
      vertex 28.5981 14.5 1.2
    endloop
  endfacet
  facet normal 0.555523 0.831501 -0
    outer loop
      vertex 27.8263 15.3801 1.2
      vertex 27.5 15.5981 9.7
      vertex 27.8263 15.3801 9.7
    endloop
  endfacet
  facet normal 0.555523 0.831501 0
    outer loop
      vertex 27.5 15.5981 9.7
      vertex 27.8263 15.3801 1.2
      vertex 27.5 15.5981 1.2
    endloop
  endfacet
  facet normal 0.896961 -0.44211 0
    outer loop
      vertex 28.5981 11.5 9.7
      vertex 28.7716 11.852 1.2
      vertex 28.7716 11.852 9.7
    endloop
  endfacet
  facet normal 0.896961 -0.44211 0
    outer loop
      vertex 28.7716 11.852 1.2
      vertex 28.5981 11.5 9.7
      vertex 28.5981 11.5 1.2
    endloop
  endfacet
  facet normal 0.997853 -0.0654873 0
    outer loop
      vertex 28.9743 12.6084 9.7
      vertex 29 13 1.2
      vertex 29 13 9.7
    endloop
  endfacet
  facet normal 0.997853 -0.0654873 0
    outer loop
      vertex 29 13 1.2
      vertex 28.9743 12.6084 9.7
      vertex 28.9743 12.6084 1.2
    endloop
  endfacet
  facet normal 0.321651 0.946858 -0
    outer loop
      vertex 27.148 15.7716 1.2
      vertex 26.7765 15.8978 9.7
      vertex 27.148 15.7716 9.7
    endloop
  endfacet
  facet normal 0.321651 0.946858 0
    outer loop
      vertex 26.7765 15.8978 9.7
      vertex 27.148 15.7716 1.2
      vertex 26.7765 15.8978 1.2
    endloop
  endfacet
  facet normal -0.896961 0.44211 0
    outer loop
      vertex 23.2284 14.148 1.2
      vertex 23.4019 14.5 9.7
      vertex 23.4019 14.5 1.2
    endloop
  endfacet
  facet normal -0.896961 0.44211 0
    outer loop
      vertex 23.4019 14.5 9.7
      vertex 23.2284 14.148 1.2
      vertex 23.2284 14.148 9.7
    endloop
  endfacet
  facet normal -0.659478 0.751724 0
    outer loop
      vertex 24.1737 15.3801 1.2
      vertex 23.8787 15.1213 9.7
      vertex 24.1737 15.3801 9.7
    endloop
  endfacet
  facet normal -0.659478 0.751724 0
    outer loop
      vertex 23.8787 15.1213 9.7
      vertex 24.1737 15.3801 1.2
      vertex 23.8787 15.1213 1.2
    endloop
  endfacet
  facet normal 0.321651 -0.946858 0
    outer loop
      vertex 26.7765 10.1022 1.2
      vertex 27.148 10.2284 9.7
      vertex 26.7765 10.1022 9.7
    endloop
  endfacet
  facet normal 0.321651 -0.946858 0
    outer loop
      vertex 27.148 10.2284 9.7
      vertex 26.7765 10.1022 1.2
      vertex 27.148 10.2284 1.2
    endloop
  endfacet
  facet normal -0.997853 -0.0654873 0
    outer loop
      vertex 23.0257 12.6084 1.2
      vertex 23 13 9.7
      vertex 23 13 1.2
    endloop
  endfacet
  facet normal -0.997853 -0.0654873 0
    outer loop
      vertex 23 13 9.7
      vertex 23.0257 12.6084 1.2
      vertex 23.0257 12.6084 9.7
    endloop
  endfacet
  facet normal -0.659478 -0.751724 0
    outer loop
      vertex 23.8787 10.8787 1.2
      vertex 24.1737 10.6199 9.7
      vertex 23.8787 10.8787 9.7
    endloop
  endfacet
  facet normal -0.659478 -0.751724 -0
    outer loop
      vertex 24.1737 10.6199 9.7
      vertex 23.8787 10.8787 1.2
      vertex 24.1737 10.6199 1.2
    endloop
  endfacet
  facet normal -0.321651 0.946858 0
    outer loop
      vertex 25.2235 15.8978 1.2
      vertex 24.852 15.7716 9.7
      vertex 25.2235 15.8978 9.7
    endloop
  endfacet
  facet normal -0.321651 0.946858 0
    outer loop
      vertex 24.852 15.7716 9.7
      vertex 25.2235 15.8978 1.2
      vertex 24.852 15.7716 1.2
    endloop
  endfacet
  facet normal -0.831501 -0.555523 0
    outer loop
      vertex 23.6199 11.1737 1.2
      vertex 23.4019 11.5 9.7
      vertex 23.4019 11.5 1.2
    endloop
  endfacet
  facet normal -0.831501 -0.555523 0
    outer loop
      vertex 23.4019 11.5 9.7
      vertex 23.6199 11.1737 1.2
      vertex 23.6199 11.1737 9.7
    endloop
  endfacet
  facet normal -0.555523 0.831501 0
    outer loop
      vertex 24.5 15.5981 1.2
      vertex 24.1737 15.3801 9.7
      vertex 24.5 15.5981 9.7
    endloop
  endfacet
  facet normal -0.555523 0.831501 0
    outer loop
      vertex 24.1737 15.3801 9.7
      vertex 24.5 15.5981 1.2
      vertex 24.1737 15.3801 1.2
    endloop
  endfacet
  facet normal -0.997853 0.0654873 0
    outer loop
      vertex 23 13 1.2
      vertex 23.0257 13.3916 9.7
      vertex 23.0257 13.3916 1.2
    endloop
  endfacet
  facet normal -0.997853 0.0654873 0
    outer loop
      vertex 23.0257 13.3916 9.7
      vertex 23 13 1.2
      vertex 23 13 9.7
    endloop
  endfacet
  facet normal 0.19494 0.980815 -0
    outer loop
      vertex 26.7765 15.8978 1.2
      vertex 26.3916 15.9743 9.7
      vertex 26.7765 15.8978 9.7
    endloop
  endfacet
  facet normal 0.19494 0.980815 0
    outer loop
      vertex 26.3916 15.9743 9.7
      vertex 26.7765 15.8978 1.2
      vertex 26.3916 15.9743 1.2
    endloop
  endfacet
  facet normal -0.44211 0.896961 0
    outer loop
      vertex 24.852 15.7716 1.2
      vertex 24.5 15.5981 9.7
      vertex 24.852 15.7716 9.7
    endloop
  endfacet
  facet normal -0.44211 0.896961 0
    outer loop
      vertex 24.5 15.5981 9.7
      vertex 24.852 15.7716 1.2
      vertex 24.5 15.5981 1.2
    endloop
  endfacet
  facet normal 0.0654873 -0.997853 0
    outer loop
      vertex 26 10 1.2
      vertex 26.3916 10.0257 9.7
      vertex 26 10 9.7
    endloop
  endfacet
  facet normal 0.0654873 -0.997853 0
    outer loop
      vertex 26.3916 10.0257 9.7
      vertex 26 10 1.2
      vertex 26.3916 10.0257 1.2
    endloop
  endfacet
  facet normal 0.659478 -0.751724 0
    outer loop
      vertex 27.8263 10.6199 1.2
      vertex 28.1213 10.8787 9.7
      vertex 27.8263 10.6199 9.7
    endloop
  endfacet
  facet normal 0.659478 -0.751724 0
    outer loop
      vertex 28.1213 10.8787 9.7
      vertex 27.8263 10.6199 1.2
      vertex 28.1213 10.8787 1.2
    endloop
  endfacet
  facet normal -0.946858 -0.321651 0
    outer loop
      vertex 23.2284 11.852 1.2
      vertex 23.1022 12.2235 9.7
      vertex 23.1022 12.2235 1.2
    endloop
  endfacet
  facet normal -0.946858 -0.321651 0
    outer loop
      vertex 23.1022 12.2235 9.7
      vertex 23.2284 11.852 1.2
      vertex 23.2284 11.852 9.7
    endloop
  endfacet
  facet normal 0.946858 -0.321651 0
    outer loop
      vertex 28.7716 11.852 9.7
      vertex 28.8978 12.2235 1.2
      vertex 28.8978 12.2235 9.7
    endloop
  endfacet
  facet normal 0.946858 -0.321651 0
    outer loop
      vertex 28.8978 12.2235 1.2
      vertex 28.7716 11.852 9.7
      vertex 28.7716 11.852 1.2
    endloop
  endfacet
  facet normal 0.44211 0.896961 -0
    outer loop
      vertex 27.5 15.5981 1.2
      vertex 27.148 15.7716 9.7
      vertex 27.5 15.5981 9.7
    endloop
  endfacet
  facet normal 0.44211 0.896961 0
    outer loop
      vertex 27.148 15.7716 9.7
      vertex 27.5 15.5981 1.2
      vertex 27.148 15.7716 1.2
    endloop
  endfacet
  facet normal -0.19494 0.980815 0
    outer loop
      vertex 25.6084 15.9743 1.2
      vertex 25.2235 15.8978 9.7
      vertex 25.6084 15.9743 9.7
    endloop
  endfacet
  facet normal -0.19494 0.980815 0
    outer loop
      vertex 25.2235 15.8978 9.7
      vertex 25.6084 15.9743 1.2
      vertex 25.2235 15.8978 1.2
    endloop
  endfacet
  facet normal 0.751724 0.659478 0
    outer loop
      vertex 28.3801 14.8263 9.7
      vertex 28.1213 15.1213 1.2
      vertex 28.1213 15.1213 9.7
    endloop
  endfacet
  facet normal 0.751724 0.659478 0
    outer loop
      vertex 28.1213 15.1213 1.2
      vertex 28.3801 14.8263 9.7
      vertex 28.3801 14.8263 1.2
    endloop
  endfacet
  facet normal 0.751724 -0.659478 0
    outer loop
      vertex 28.1213 10.8787 9.7
      vertex 28.3801 11.1737 1.2
      vertex 28.3801 11.1737 9.7
    endloop
  endfacet
  facet normal 0.751724 -0.659478 0
    outer loop
      vertex 28.3801 11.1737 1.2
      vertex 28.1213 10.8787 9.7
      vertex 28.1213 10.8787 1.2
    endloop
  endfacet
  facet normal -0.44211 -0.896961 0
    outer loop
      vertex 24.5 10.4019 1.2
      vertex 24.852 10.2284 9.7
      vertex 24.5 10.4019 9.7
    endloop
  endfacet
  facet normal -0.44211 -0.896961 -0
    outer loop
      vertex 24.852 10.2284 9.7
      vertex 24.5 10.4019 1.2
      vertex 24.852 10.2284 1.2
    endloop
  endfacet
  facet normal -0.946858 0.321651 0
    outer loop
      vertex 23.1022 13.7765 1.2
      vertex 23.2284 14.148 9.7
      vertex 23.2284 14.148 1.2
    endloop
  endfacet
  facet normal -0.946858 0.321651 0
    outer loop
      vertex 23.2284 14.148 9.7
      vertex 23.1022 13.7765 1.2
      vertex 23.1022 13.7765 9.7
    endloop
  endfacet
  facet normal 0.19494 -0.980815 0
    outer loop
      vertex 26.3916 10.0257 1.2
      vertex 26.7765 10.1022 9.7
      vertex 26.3916 10.0257 9.7
    endloop
  endfacet
  facet normal 0.19494 -0.980815 0
    outer loop
      vertex 26.7765 10.1022 9.7
      vertex 26.3916 10.0257 1.2
      vertex 26.7765 10.1022 1.2
    endloop
  endfacet
  facet normal 0.44211 -0.896961 0
    outer loop
      vertex 27.148 10.2284 1.2
      vertex 27.5 10.4019 9.7
      vertex 27.148 10.2284 9.7
    endloop
  endfacet
  facet normal 0.44211 -0.896961 0
    outer loop
      vertex 27.5 10.4019 9.7
      vertex 27.148 10.2284 1.2
      vertex 27.5 10.4019 1.2
    endloop
  endfacet
  facet normal -0.751724 0.659478 0
    outer loop
      vertex 23.6199 14.8263 1.2
      vertex 23.8787 15.1213 9.7
      vertex 23.8787 15.1213 1.2
    endloop
  endfacet
  facet normal -0.751724 0.659478 0
    outer loop
      vertex 23.8787 15.1213 9.7
      vertex 23.6199 14.8263 1.2
      vertex 23.6199 14.8263 9.7
    endloop
  endfacet
  facet normal 0.659478 0.751724 -0
    outer loop
      vertex 28.1213 15.1213 1.2
      vertex 27.8263 15.3801 9.7
      vertex 28.1213 15.1213 9.7
    endloop
  endfacet
  facet normal 0.659478 0.751724 0
    outer loop
      vertex 27.8263 15.3801 9.7
      vertex 28.1213 15.1213 1.2
      vertex 27.8263 15.3801 1.2
    endloop
  endfacet
  facet normal -0.896961 -0.44211 0
    outer loop
      vertex 23.4019 11.5 1.2
      vertex 23.2284 11.852 9.7
      vertex 23.2284 11.852 1.2
    endloop
  endfacet
  facet normal -0.896961 -0.44211 0
    outer loop
      vertex 23.2284 11.852 9.7
      vertex 23.4019 11.5 1.2
      vertex 23.4019 11.5 9.7
    endloop
  endfacet
  facet normal 0.831501 -0.555523 0
    outer loop
      vertex 28.3801 11.1737 9.7
      vertex 28.5981 11.5 1.2
      vertex 28.5981 11.5 9.7
    endloop
  endfacet
  facet normal 0.831501 -0.555523 0
    outer loop
      vertex 28.5981 11.5 1.2
      vertex 28.3801 11.1737 9.7
      vertex 28.3801 11.1737 1.2
    endloop
  endfacet
  facet normal 0.896961 0.44211 0
    outer loop
      vertex 28.7716 14.148 9.7
      vertex 28.5981 14.5 1.2
      vertex 28.5981 14.5 9.7
    endloop
  endfacet
  facet normal 0.896961 0.44211 0
    outer loop
      vertex 28.5981 14.5 1.2
      vertex 28.7716 14.148 9.7
      vertex 28.7716 14.148 1.2
    endloop
  endfacet
  facet normal -0.0654873 -0.997853 0
    outer loop
      vertex 25.6084 10.0257 1.2
      vertex 26 10 9.7
      vertex 25.6084 10.0257 9.7
    endloop
  endfacet
  facet normal -0.0654873 -0.997853 -0
    outer loop
      vertex 26 10 9.7
      vertex 25.6084 10.0257 1.2
      vertex 26 10 1.2
    endloop
  endfacet
  facet normal -0.555523 -0.831501 0
    outer loop
      vertex 24.1737 10.6199 1.2
      vertex 24.5 10.4019 9.7
      vertex 24.1737 10.6199 9.7
    endloop
  endfacet
  facet normal -0.555523 -0.831501 -0
    outer loop
      vertex 24.5 10.4019 9.7
      vertex 24.1737 10.6199 1.2
      vertex 24.5 10.4019 1.2
    endloop
  endfacet
  facet normal 0.555523 -0.831501 0
    outer loop
      vertex 27.5 10.4019 1.2
      vertex 27.8263 10.6199 9.7
      vertex 27.5 10.4019 9.7
    endloop
  endfacet
  facet normal 0.555523 -0.831501 0
    outer loop
      vertex 27.8263 10.6199 9.7
      vertex 27.5 10.4019 1.2
      vertex 27.8263 10.6199 1.2
    endloop
  endfacet
  facet normal 0.946858 0.321651 0
    outer loop
      vertex 28.8978 13.7765 9.7
      vertex 28.7716 14.148 1.2
      vertex 28.7716 14.148 9.7
    endloop
  endfacet
  facet normal 0.946858 0.321651 0
    outer loop
      vertex 28.7716 14.148 1.2
      vertex 28.8978 13.7765 9.7
      vertex 28.8978 13.7765 1.2
    endloop
  endfacet
  facet normal -0.980815 0.19494 0
    outer loop
      vertex 23.0257 13.3916 1.2
      vertex 23.1022 13.7765 9.7
      vertex 23.1022 13.7765 1.2
    endloop
  endfacet
  facet normal -0.980815 0.19494 0
    outer loop
      vertex 23.1022 13.7765 9.7
      vertex 23.0257 13.3916 1.2
      vertex 23.0257 13.3916 9.7
    endloop
  endfacet
  facet normal -0.0654873 0.997853 0
    outer loop
      vertex 26 16 1.2
      vertex 25.6084 15.9743 9.7
      vertex 26 16 9.7
    endloop
  endfacet
  facet normal -0.0654873 0.997853 0
    outer loop
      vertex 25.6084 15.9743 9.7
      vertex 26 16 1.2
      vertex 25.6084 15.9743 1.2
    endloop
  endfacet
  facet normal -0.321651 -0.946858 0
    outer loop
      vertex 24.852 10.2284 1.2
      vertex 25.2235 10.1022 9.7
      vertex 24.852 10.2284 9.7
    endloop
  endfacet
  facet normal -0.321651 -0.946858 -0
    outer loop
      vertex 25.2235 10.1022 9.7
      vertex 24.852 10.2284 1.2
      vertex 25.2235 10.1022 1.2
    endloop
  endfacet
  facet normal -0.980815 -0.19494 0
    outer loop
      vertex 23.1022 12.2235 1.2
      vertex 23.0257 12.6084 9.7
      vertex 23.0257 12.6084 1.2
    endloop
  endfacet
  facet normal -0.980815 -0.19494 0
    outer loop
      vertex 23.0257 12.6084 9.7
      vertex 23.1022 12.2235 1.2
      vertex 23.1022 12.2235 9.7
    endloop
  endfacet
  facet normal 0.0654873 0.997853 -0
    outer loop
      vertex 26.3916 15.9743 1.2
      vertex 26 16 9.7
      vertex 26.3916 15.9743 9.7
    endloop
  endfacet
  facet normal 0.0654873 0.997853 0
    outer loop
      vertex 26 16 9.7
      vertex 26.3916 15.9743 1.2
      vertex 26 16 1.2
    endloop
  endfacet
  facet normal -0.19494 -0.980815 0
    outer loop
      vertex 25.2235 10.1022 1.2
      vertex 25.6084 10.0257 9.7
      vertex 25.2235 10.1022 9.7
    endloop
  endfacet
  facet normal -0.19494 -0.980815 -0
    outer loop
      vertex 25.6084 10.0257 9.7
      vertex 25.2235 10.1022 1.2
      vertex 25.6084 10.0257 1.2
    endloop
  endfacet
  facet normal -0.831501 0.555523 0
    outer loop
      vertex 23.4019 14.5 1.2
      vertex 23.6199 14.8263 9.7
      vertex 23.6199 14.8263 1.2
    endloop
  endfacet
  facet normal -0.831501 0.555523 0
    outer loop
      vertex 23.6199 14.8263 9.7
      vertex 23.4019 14.5 1.2
      vertex 23.4019 14.5 9.7
    endloop
  endfacet
endsolid OpenSCAD_Model
